﻿,0,1,2,3,4,5,6,7,8
0,연번,공사명,공사기간,현장주소,세대수,입주예정일,시공사명,전화번호,데이터기준일자
1,1,신정동 오투그란데 퍼스트시티 아파트 신축공사,2020-10-01 ~ 2023-02-01,전라북도 남원시 신정동 116-3번지 일원,469,2023-02-01,제일건설㈜,063-859-1262,2022-05-20
2,2,신정동 오투그란데 디아트 아파트 신축공사,2021-11-01 ~ 2024-02-01,전라북도 남원시 신정동 116-1번지 일원,226,2024-02-01,제일건설㈜,063-859-1262,2022-05-20
3,3,월락동 유탑 유블레스킹덤 아파트 신축공사,2021-12-01 ~ 2024-02-01,전라북도 남원시 월락동 418-1번지 일원,359,2024-02-01,㈜유탑건설,062-530-8700,2022-05-20
4,4,노암동 드림헤이븐 아파트 신축공사,2018-10-01 ~ 2023-12-01,전라북도 남원시 노암동 599번지 일원,115,2023-12-01,토림건설㈜,062-367-6697,2022-05-20
