﻿,0,1,2,3
0,구분,나이,지역,4월
1,고용률,15~64세 (OECD),대전,67.3
2,고용률,15~64세 (OECD),특광역시,66.1
3,고용률,15~64세 (OECD),전국,68.4
4,고용률,15세 이상 (일반),대전,61.1
5,고용률,15세 이상 (일반),특광역시,59.4
6,고용률,15세 이상 (일반),전국,62.1
7,고용률,청년 (15~29세),대전,
8,고용률,청년 (15~29세),특광역시,
9,고용률,청년 (15~29세),전국,
10,고용률,여성,대전,51.2
11,고용률,여성,특광역시,49.8
12,고용률,여성,전국,52.9
13,실업률,전체,대전,2.3
14,실업률,전체,특광역시,3.1
15,실업률,전체,전국,3
16,실업률,청년 (15~29세),대전,
17,실업률,청년 (15~29세),특광역시,
18,실업률,청년 (15~29세),전국,
19,실업자수,,대전,18.3
20,실업자수,,특광역시,58.1
21,실업자수,,전국,863.8
22,취업자수,,대전,786.6
23,취업자수,,특광역시,1670.1
24,취업자수,,전국,28078.2
25,경제활동인구,,대전,804.9
26,경제활동인구,,특광역시,1728.2
27,경제활동인구,,전국,28942.1
