﻿,0,1,2,3,4,5,6
0,도서관명,청구기호,도서명,저작자,출판사,발행연도,데이터기준일자
1,도원도서관,001.09-버877ㅈ-1,"지식의 사회사. 1 , 구텐베르크에서 디드로까지",피터 버크 지음  ; 박광식 옮김,민음사,2017,2022-05-11
2,도원도서관,001.1-애27ㅍ,평생공부 가이드 : 브리태니커 편집장이 완성한 교양인의 평생학습 지도,모티머 J. 애들러 지음  ; 이재만 옮김,유유,2014,2022-05-11
3,도원도서관,001.2-마298ㄱ,교양 노트  : 유쾌한 지식여행자의 80가지 생각 코드,요네하라 마리 지음  ; 김석중 옮김,마음산책,2011,2022-05-11
4,도원도서관,001.2-마85ㅈ,지식의 편집,마츠오카 세이고 지음,이학사,2004,2022-05-11
5,성서도서관,I 388.311-요56ㅇ-38,삼 년 고개,권윤경 글 ; 최서영 그림,아람,2015,2022-05-11
6,성서도서관,I 457.279-공295ㅆ-7,3D 공룡은 살아있다. [7] : 티라노사우루스,[공룡갤러리 편집부 편],공룡갤러리,2015,2022-05-11
7,본리도서관,813.6-박75ㅈ-1,"자고가는 저 구름아 : 월탄 박종화 대하역사소설. 1:, 초정속의 사미인곡",박종화 지음,문예당,2009,2022-05-11
8,본리도서관,325.04-기195ㅁ,마흔 이후에도 회사가 붙잡는 인재들의 36가지 비밀,기노시타 미치타 지음 ; 김정환 옮김,명진출판,2010,2022-05-11
9,본리도서관,814.6-김92ㄴ,나와 서울대 중국어문학과 반세기,김학주 지음,명문당,2010,2022-05-11
10,달서영어도서관,J 747-P398p-2-46,Jaws,by Peter Benchley,Penguin Books,2008,2022-05-11
11,달서영어도서관,J 747-P398p-2-47,(The)Voyages of Sinbad the Sailor,retold by Pauline Francis,Penguin,2008,2022-05-11
