﻿,0,1,2,3,4,5
0,동굴명,위치,위도,경도,인근기생화산,데이터기준일자
1,질메가짓굴,제주시 도평동,33°28′17″6 N,126°26′45″8 E,해당없음,2022-01-02
2,영창굴,제주시 노형동,33°27′08″7 N,126°28′52″6 E,해당없음,2022-01-02
3,사라봉콧구멍굴,제주시 건입동,33°31′07″1 N,126°32′50″2 E,사라봉,2022-01-02
4,큰고래굴,제주시 화북동,33°31′05″3 N,126°33′13″3 E,화북봉,2022-01-02
5,족은고래굴,제주시 화북동,33°31′02″1 N,126°33′11″3 E,화북봉,2022-01-02
6,삼성혈(굴),제주시 이도1동,33°30′04″0 N,126°31′49″8 E,해당없음,2022-01-02
7,이도동굴,제주시 이도1동,33°30′02″8 N,126°32′16″8 E,해당없음,2022-01-02
8,쿳낭못굴,제주시 오등동,33°26′16″2 N,126°32′25″2 E,삼의양오름·들위오름,2022-01-02
9,꽝낭못굴,제주시 오등동,33°25′48″6 N,126°33′10″8 E,삼의양오름·들위오름,2022-01-02
10,평굴,제주시 오등동,33°24′41″2 N,126°32′52″0 E,큰두레왓개미목 등,2022-01-02
11,구린굴,제주시 오등동,33°24′28″9 N,126°32′57″5 E,큰두레왓개미목 등,2022-01-02
12,도넹이술굴,제주시 봉개동,33°28′31″3 N,126°37′15″6 E,칠오름,2022-01-02
13,명도암동굴,제주시 봉개동,33°27′07″7 N,126°37′18″8 E,작은지그리오름,2022-01-02
14,도람지굴,서귀포시 색달동,33°14′18″2 N,126°24′05″0 E,해당없음,2022-01-02
15,들렁굴,서귀포시 색달동,33°14′19″1 N,126°24′08″1 E,해당없음,2022-01-02
16,색달동굴,서귀포시 색달동,33°14′30″2 N,126°24′56″7 E,해당없음,2022-01-02
17,수행굴,서귀포시 하원동,33°20′34″8 N,126°30′21″9 E,해당없음,2022-01-02
18,강생이굴,서귀포시 서호동,33°15′51″9 N,126°30′43″1 E,고근산,2022-01-02
19,각수바위굴,서귀포시 서호동,33°16′06″5 N,126°31′23″9 E,고근산각수바위,2022-01-02
20,폭낭굴,서귀포시 서호동,33°16′05″4 N,126°31′26″0 E,고근산각수바위,2022-01-02
21,소정방굴,서귀포시 정방동,33°14′30″6 N,126°34′45″7 E,해당없음,2022-01-02
22,미악산굴Ⅰ,서귀포시 토평동,33°17′51″0 N,126°34′02″7 E,미악산,2022-01-02
23,미악산굴Ⅱ,서귀포시 토평동,33°17′47″5 N,126°34′05″9 E,미악산,2022-01-02
24,관음굴,서귀포시 토평동,33°17′46″1 N,126°34′16″6 E,미악산,2022-01-02
25,모시모루굴,서귀포시 토평동,33°17′45″6 N,126°34′27″1 E,미악산,2022-01-02
26,이멩이동산굴Ⅰ,서귀포시 토평동,33°17′45″9 N,126°34′31″9 E,미악산,2022-01-02
27,이멩이동산굴Ⅱ,서귀포시 토평동,33°17′45″5 N,126°34′36″2 E,미악산,2022-01-02
28,콧구멍굴Ⅰ,서귀포시 법환동(범섬),33°12′59″4 N,126°31′08″1 E,범섬,2022-01-02
29,콩구멍굴Ⅱ,서귀포시 법환동(범섬),33°12′58″9 N,126°31′08″5 E,범섬,2022-01-02
30,큰항문굴,서귀포시 법환동(범섬),33°12′45″5 N,126°31′06″9 E,범섬,2022-01-02
31,족은항문굴,서귀포시 법환동(범섬),33°12′49″5 N,126°31′01″0 E,범섬,2022-01-02
32,성굴,제주시 한경면 신창리,33°20′06″6 N,126°11′10″4 E,해당없음,2022-01-02
33,끌왓디동굴,제주시 한경면 한원리,33°20′12″2 N,126°12′26″8 E,해당없음,2022-01-02
34,저승굴Ⅰ,제주시 한경면 고산리,33°18′27″2 N,126°10′04″1 E,당산봉,2022-01-02
35,저승굴Ⅱ,제주시 한경면 고산리,33°18′25″2 N,126°10′05″3 E,당산봉,2022-01-02
36,고산리동굴,제주시 한경면 고산리,33°17′53″4 N,126°12′46″8 E,굽은오름,2022-01-02
37,굽은오름서굴,제주시 한경면 조수리,33°17′52″8 N,126°12′52″2 E,굽은오름,2022-01-02
38,굽은오름뒷굴,제주시 한경면 조수리,33°17′52″9 N,126°13′06″6 E,굽은오름,2022-01-02
39,성둥이동산굴,제주시 한경면 조수리,33°17′22″3 N,126°13′39″4 E,굽은오름·성둥이동산,2022-01-02
40,정구수굴,제주시 한경면 금릉리,33°22′57″6 N,126°13′43″1 E,정월오름·망오름,2022-01-02
41,조롱굴,제주시 한경면 금릉리,33°22′51″3 N,126°13′44″6 E,정월오름·망오름,2022-01-02
42,팔자굴,제주시 한경면 금릉리,33°22′44″6 N,126°13′36″9 E,정월오름·망오름,2022-01-02
43,한들굴,제주시 한경면 월령리,33°22′15″7 N,126°13′57″6 E,정월오름·망오름,2022-01-02
44,재암천굴,제주시 한경면 협재리,33°23′17″4 N,126°14′27″2 E,정월오름·망오름,2022-01-02
45,송림굴,제주시 한림읍 협재리,33°22′59″8 N,126°14′42″8 E,정월오름·망오름,2022-01-02
46,건지굴,제주시 한림읍 협재리,33°22′58″6 N,126°14′47″4 E,정월오름·망오름,2022-01-02
47,초기왓굴,제주시 한림읍 협재리,33°22′57″3 N,126°14′54″1 E,정월오름·망오름,2022-01-02
48,생쟁이왓굴,제주시 한림읍 명월리,33°22′38″4 N,126°15′48″9 E,망오름,2022-01-02
49,자구내거리굴,제주시 한림읍 명월리,33°22′35″9 N,126°16′00″4 E,망오름,2022-01-02
50,동물목이굴,제주시 한림읍 명월리,33°22′25″1 N,126°16′07″9 E,망오름,2022-01-02
51,감남답굴,제주시 한림읍 명월리,33°22′11″3 N,126°15′48″8 E,망오름,2022-01-02
52,산목이굴,제주시 한림읍 상명리,33°22′09″9 N,126°15′58″3 E,망오름,2022-01-02
53,군남빌레굴,제주시 한림읍 상명리,33°22′08″2 N,126°15′58″6 E,망오름,2022-01-02
54,옥산이굴,제주시 한림읍 상명리,33°21′59″2 N,126°16′29″6 E,망오름·붉은오름,2022-01-02
55,개역빌레굴,제주시 한림읍 금악리,33°20′30″5 N,126°20′03″0 E,금오름,2022-01-02
56,생사물굴,제주시 한림읍 금악리,33°21′03″6 N,126°19′50″7 E,금오름,2022-01-02
57,고넹이굴,제주시 한림읍 비양리(비양도),33°24′31″3 N,126°13′47″1 E,비양봉,2022-01-02
58,동산밧굴,제주시 한림읍 비양리(비양도),33°24′13″1 N,126°13′37″8 E,비양봉,2022-01-02
59,소라기통굴,제주시 한림읍 비양리(비양도),33°24′16″1 N,126°13′31″5 E,비양봉,2022-01-02
60,큰가재굴,제주시 한림읍 비양리(비양도),33°24′31″3 N,126°13′29″0 E,비양봉,2022-01-02
61,개구미동굴,제주시 애월읍 고내리,33°28′01″8 N,126°20′33″7 E,고내봉,2022-01-02
62,어음리굴,제주시 애월읍 어음리,33°24′04″3 N,126°19′38.1″E,해당없음,2022-01-02
63,방에밧굴,제주시 애월읍 유수암리,33°25′53″6 N,126°24′23″4 E,극락오름,2022-01-02
64,이멩이멀굴,제주시 조천읍 신촌리,33°30′40″8 N,126°37′57″8 E,해당없음,2022-01-02
65,육뒈기굴,제주시 조천읍 신촌리,33°30′36″1 N,126°37′57″2 E,해당없음,2022-01-02
66,와흘굴,제주시 조천읍 와흘리,33°30′10″1 N,126°38′04″4 E,해당없음,2022-01-02
67,고두기봉,제주시 조천읍 북촌리,33°32′38″5 N,126°42′08″5 E,구사산·서우봉,2022-01-02
68,이데기모들굴,제주시 조천읍 선흘리,33°31′04″1 N,126°42′27″9 E,구사산,2022-01-02
69,도틀굴,제주시 조천읍 선흘리,33°30′23″7 N,126°43′14″5 E,해당없음,2022-01-02
70,게여멀굴,제주시 조천읍 선흘리,33°30′20″1 N,126°43′16″6 E,해당없음,2022-01-02
71,목수물굴,제주시 조천읍 선흘리,33°30′18″7 N,126°43′46″1 E,해당없음,2022-01-02
72,대섭이굴,제주시 조천읍 선흘리,33°30′14″3 N,126°43′50″7 E,해당없음,2022-01-02
73,선흘수직동굴,제주시 조천읍 선흘리,33°27′20″3 N,126°43′40″8 E,거문오름,2022-01-02
74,동복굴,제주시 구좌읍 동복리,33°33′03″9 N,126°43′29″2 E,해당없음,2022-01-02
75,묘산봉굴,제주시 구좌읍 김녕리,33°30′56″1 N,126°44′37″1 E,묘산봉,2022-01-02
76,청굴,제주시 구좌읍 김녕리,33°13′18″3 N,126°37′56″9 E,입산봉,2022-01-02
77,게웃셈굴,제주시 구좌읍 김녕리,33°33′10″1 N,126°45′17″1 E,입산봉,2022-01-02
78,김녕절굴,제주시 구좌읍 김녕리,33°33′02″6 N,126°45′18″2 E,입산봉,2022-01-02
79,신당동굴,제주시 구좌읍 김녕리,33°32′55″0 N,126°45′13″7 E,입산봉,2022-01-02
80,궤네기굴,제주시 구좌읍 김녕리,33°32′44″4 N,126°45′17″1 E,입산봉,2022-01-02
81,김녕빌레못굴,제주시 구좌읍 김녕리,33°32′13″3 N,126°45′25″7 E,입산봉,2022-01-02
82,도람지굴,제주시 구좌읍 행원리,33°31′58″1 N,126°48′17″6 E,해당없음,2022-01-02
83,한모살굴,제주시 구좌읍 행원리,33°31′55″4 N,126°47′54″5 E,해당없음,2022-01-02
84,턴술굴,제주시 구좌읍 행원리,33°31′22″9 N,126°47′30″1 E,해당없음,2022-01-02
85,덕천굴,제주시 구좌읍 덕천리,33°29′54″N,126°45′08″E,북오름,2022-01-02
86,게웃두둑굴,제주시 구좌읍 평대리,33°29′20″1 N,126°48′56″7 E,둔지붕·돛오름,2022-01-02
87,푸는체굴,제주시 구좌읍 송당리,33°28′04″9 N,126°45′37″1 E,체오름,2022-01-02
88,높은오름1굴,제주시 구좌읍 송당리,33°27′09″8 N,126°48′26″2 E,높은오름,2022-01-02
89,높은오름2굴,제주시 구좌읍 송당리,33°27′11″8 N,126°48′28″4 E,높은오름,2022-01-02
90,높은오름3굴,제주시 구좌읍 송당리,33°27′11″4 N,126°48′24″7 E,높은오름,2022-01-02
91,덕낭굴,제주시 구좌읍 송당리,33°26′01″2 N,126°45′18″8 E,민오름,2022-01-02
92,벳대기산정굴,제주시 구좌읍 송당리,33°25′10″2 N,126°45′42″2 E,비치미오름,2022-01-02
93,다랑쉬동굴,제주시 구좌읍 세화리,33°27′51″1 N,126°49′58″6 E,월랑봉,2022-01-02
94,조일리동굴,제주시 우도면 조일리,33°30′01″3 N,126°57′29″8 E,소머리오름,2022-01-02
95,포젯동산굴,제주시 우도면 조일리,33°30′01″1 N,126°57′24″4 E,소머리오름,2022-01-02
96,검멀레굴,제주시 우도면 조일리,33°29′37″0 N,126°58′06″7 E,소머리오름,2022-01-02
97,동안경굴,제주시 우도면 조일리,33°29′32″6 N,126°58′08″3 E,소머리오름,2022-01-02
98,동터진굴,제주시 우도면 천진리,33°29′30″0 N,126°57′39″1 E,소머리오름,2022-01-02
99,광대코짓굴,제주시 우도면 천진리,33°29′20″5 N,126°57′43″5 E,소머리오름,2022-01-02
100,달그리안동굴,제주시 우도면 천진리,33°29′17″4 N,126°57′48″8 E,소머리오름,2022-01-02
101,송악산동굴Ⅰ,서귀포시 대정읍 상모리,33°11′43″6 N,126°17′45″8 E,송악산,2022-01-02
102,송악산동굴Ⅱ,서귀포시 대정읍 상모리,33°11′42″3 N,126°17′47″0 E,송악산,2022-01-02
103,송악산동굴Ⅲ,서귀포시 대정읍 상모리,33°11′37″6 N,126°17′46″7 E,송악산,2022-01-02
104,송악산동굴Ⅳ,서귀포시 대정읍 상모리,33°11′37″2 N,126°17′45″3 E,송악산,2022-01-02
105,콧베기굴,서귀포시 대정읍 마라리(마라도),33°07′04″9 N,126°17′18″1 E,해당없음,2022-01-02
106,족은대문굴,서귀포시 대정읍 마라리(마라도),33°07′02″0 N,126°16′05″4 E,해당없음,2022-01-02
107,셋게우굴,서귀포시 대정읍 마라리(마라도),33°07′00″3 N,126°16′05″0 E,해당없음,2022-01-02
108,남대문굴,서귀포시 대정읍 마라리(마라도),33°06′53″2 N,126°16′01″3 E,해당없음,2022-01-02
109,큰널굴,서귀포시 안덕면 서광리,33°19′00″1 N,126°19′32″2 E,도너리오름,2022-01-02
110,도너리굴,서귀포시 안덕면 서광리,33°18′57″7 N,126°19′33″8 E,도너리오름,2022-01-02
111,산방산굴,서귀포시 안덕면 사계리,33°14′04″7 N,126°18′54″1 E,산방산,2022-01-02
112,문덕동굴Ⅰ,서귀포시 안덕면 상천리,33°18′48″4 N,126°23′06″5 E,무악·병악·영아리오름,2022-01-02
113,문덕동굴Ⅱ,서귀포시 안덕면 상천리,33°18′43″7 N,126°23′07″2 E,무악·병악·영아리오름,2022-01-02
114,마흔이동굴,서귀포시 남원읍 수망리,33°22′27″6 N,126°39′29″2 E,마흔이오름,2022-01-02
115,숨모루수직굴,서귀포시 남원읍 수망리,33°22′21″2 N,126°39′48″8 E,마흔이오름,2022-01-02
116,아리랑고개동굴,서귀포시 남원읍 하예리,33°19′28″8 N,126°36′12″3 E,수악·논고악,2022-01-02
117,박쥐굴,서귀포시 남원읍 남원리,33°17′27″3 N,126°42′38″7 E,자배봉,2022-01-02
118,진개못굴,서귀포시 남원읍 남원리,33°16′19″5 N,126°42′25″3 E,자배봉,2022-01-02
119,큰엉해식동굴Ⅰ,서귀포시 남원읍 남원리,33°16′07″1 N,126°42′10″6 E,해당없음,2022-01-02
120,큰엉해식동굴Ⅱ,서귀포시 남원읍 남원리,33°16′08″0 N,126°42′11″1 E,해당없음,2022-01-02
121,큰엉해식동굴Ⅲ,서귀포시 남원읍 남원리,33°16′05″9 N,126°42′08″5 E,해당없음,2022-01-02
122,우렁굴,서귀포시 남원읍 남원리,33°16′14″2 N,126°42′29″1 E,해당없음,2022-01-02
123,넙은못굴,서귀포시 표선면 성읍1리,33°22′41″7 N,126°47′20″8 E,해당없음,2022-01-02
124,넙은못박쥐굴,서귀포시 표선면 성읍1리,33°22′36″9 N,126°47′30″7 E,해당없음,2022-01-02
125,양에못굴,서귀포시 표선면 표선리,33°18′59″2 N,126°49′16″9 E,매오름,2022-01-02
126,한드르굴,서귀포시 표선면 표선리,33°18′52″6 N,126°49′57″5 E,매오름,2022-01-02
127,궤두둑굴,서귀포시 표선면 표선리,33°18′59″2 N,126°50′05″3 E,매오름,2022-01-02
128,표선굴,서귀포시 표선면 표선리,33°19′14″1 N,126°50′41″7 E,매오름,2022-01-02
129,연듸굴,서귀포시 표선면 표선리,33°18′20″9 N,126°49′36″0 E,매오름,2022-01-02
130,개민개굴,서귀포시 표선면 표선리,33°18′14″2 N,126°42′29″1 E,매오름,2022-01-02
131,큰도리동굴,서귀포시 성산읍 신천리,33°21′04″0 N,126°50′56″1 E,아심전지오름·남산봉,2022-01-02
132,마장굴,서귀포시 성산읍 신천리,33°21′09″0 N,126°51′49″7 E,아심전지오름·남산봉,2022-01-02
133,상진이굴,서귀포시 성산읍 삼달리,33°23′10″3 N,126°50′08″3 E,본지오름,2022-01-02
134,문도리굴,서귀포시 성산읍 삼달리,33°23′00″8 N,126°49′59″7 E,본지오름,2022-01-02
135,막굴,서귀포시 성산읍 삼달리,33°23′10″3 N,126°50′23″0 E,본지오름,2022-01-02
136,미천굴,서귀포시 성산읍 삼달리,33°22′49″4 N,126°50′39″0 E,독자봉·본지오름,2022-01-02
137,덤붕개굴,서귀포시 성산읍 신산리,33°23′12″2 N,126°51′35″1 E,독자봉,2022-01-02
138,벌라릿굴,서귀포시 성산읍 수산리,33°25′56″2 N,126°50′23″2 E,남거봉,2022-01-02
139,알벌라릿굴,서귀포시 성산읍 수산리,33°25′42″7 N,126°50′30″0 E,남거봉,2022-01-02
140,구레기굴,서귀포시 성산읍 수산리,33°26′10″7 N,126°51′23″5 E,남거봉,2022-01-02
141,누루못굴,서귀포시 성산읍 수산리,33°26′46″3 N,126°53′34″5 E,남거봉,2022-01-02
142,사시굴,서귀포시 성산읍 수산리,33°26′28″0 N,126°53′14″7 E,남거봉,2022-01-02
143,공젱이굴,서귀포시 성산읍 수산리,33°25′20″7 N,126°52′20″9 E,남거봉·유건에오름,2022-01-02
144,모남굴,서귀포시 성산읍 온평리,33°24′56″3 N,126°52′37″1 E,해당없음,2022-01-02
145,산방굴,서귀포시 성산읍 온평리,33°24′44″2 N,126°53′46″9 E,해당없음,2022-01-02
146,서궁굴,서귀포시 성산읍 온평리,33°24′28″9 N,126°53′39″8 E,해당없음,2022-01-02
