﻿,0,1,2,3,4,5
0,대학명,학제별,설립별,지역별,교외장학금 소계(원),교내장학금 소계(원)
1,ICT폴리텍대학,전문대학,사립,경기,313957500,74100000
2,가톨릭관동대학교,대학,사립,강원,17301336859,9115744536
3,가톨릭꽃동네대학교,대학,사립,충북,1464057980,705840100
4,가톨릭대학교,대학,사립,경기,14795928201,11162727740
5,가톨릭상지대학교,전문대학,사립,경북,5148914374,1779310083
6,감리교신학대학교,대학,사립,서울,2534794570,549202700
7,강남대학교,대학,사립,경기,13938162800,7809039230
8,강동대학교,전문대학,사립,충북,9016926041,2846454610
9,강릉영동대학교,전문대학,사립,강원,7288235727,1524544100
10,강릉원주대학교,대학,국공립,강원,16464521740,6311945070
11,강원관광대학교,전문대학,사립,강원,2963183008,623010070
12,강원대학교,대학,국공립,강원,38777850770,14709069250
