﻿,0,1,2,3,4
0,대지위치,주용도,부속용도,설계사무소명,시공자사무소명
1,인천광역시 서구 경서동 수도권매립지2-1공구,교육연구시설,,(주)경호엔지니어링종합건축사사무소,갑진종합건설(주)
2,인천광역시 서구 검암동 25,창고시설,,채움건축사사무소,
3,인천광역시 서구 원당동 844-2,단독주택,"다가구 주택 및 제2종근린생활시설(학원, 일반음식점) ",건축사사무소 정우건축,(주)인왕종합건설
4,인천광역시 서구 검암동 669-10,공동주택,도시형생활주택(단지형연립주택),이상건축사사무소,(주)하나주택
5,인천광역시 서구 검암동 516-13,공동주택,도시형생활주택(단지형연립주택),이상건축사사무소,(주)덕우종합건설
6,인천광역시 서구 경서동 695,공장,,아키그룹 성창건축사사무소,뉴팩코퍼레이션유한회사
7,인천광역시 서구 오류동 1760-4,공동주택,단지형 다세대주택,건축사사무소 찬,대성종합건설(주)
8,인천광역시 서구 당하동 검단지구 5-6-3,제2종근린생활시설,"제1,2종근린생활시설",백이건축사사무소,(주)에버건설
9,인천광역시 서구 석남동 530-14,공동주택,다세대주택,이상건축사사무소,다해건설 주식회사
10,인천광역시 서구 경서동 682-13,공장,,건축사사무소 도아,
11,인천광역시 서구 당하동 1104-1,단독주택,다중주택,주영건축사사무소,(주)덕우종합건설
12,인천광역시 서구 왕길동 675-8,운동시설,제2종근린생활시설,(주)엘림건축사사무소,
13,인천광역시 서구 가좌동 583-2 외7필지,공장,공장,건축사사무소 마을,(주)대훈산업건설
14,인천광역시 서구 석남동 223-289,자원순환관련시설,폐기물처리시설 및 폐기물감량화시설,우일건축사사무소,선교종합건설(주)
15,인천광역시 서구 왕길동 56-2 외1필지,제2종근린생활시설,"(사무소,수리점),제1종근린생활시설(소매점)",(주)도림건축사사무소,(주)다원산업개발
16,인천광역시 서구 가정동 루원시티 상업용지 5 1,제1종근린생활시설,"제2종근린생활시설,업무시설",건축사사무소 여헌,(주)태성씨엔씨
17,인천광역시 서구 가좌동 602-43,공장,,주식회사에스엠건축사사무소,상신종합건설(주)
18,인천광역시 서구 경서동 1050,자동차관련시설,"주차장,근린생활시설(사무소,일반음식점)",건축사사무소 두리,글로벌종합건설(주)
19,인천광역시 서구 석남동 223-922,공장,공장,건축사사무소 마을,삼성건축(주)
20,인천광역시 서구 경서동 1052-3,자원순환관련시설,폐기물재활용시설,한영엔지니어링건축사사무소,글로벌종합건설(주)
21,인천광역시 서구 마전동 1153-3,공동주택,단지형연립주택,예찬건축사사무소,(주)우분투건설
22,인천광역시 서구 마전동 1163-2,공동주택,다세대주택-도시형생활주택,상보건축사사무소,(주)용현종합건설
23,인천광역시 서구 심곡동 256-6,공동주택,단지형연립주택,건축사사무소 찬,케이앤디종합건설(주)
24,인천광역시 서구 마전동 1134-10,단독주택,다가구주택,주영건축사사무소,(주)케이비산업개발
25,인천광역시 서구 경서동 경서3구역 33블록 6로트,제1종근린생활시설,,완성건축사사무소,(주)썬앤문
26,인천광역시 서구 석남동 222-81,공장,작업장,채움 건축사사무소,와이케이건설주식회사
27,인천광역시 서구 마전동 1153-4,공동주택,단지형연립주택,예찬건축사사무소,(주)우분투건설
28,인천광역시 서구 마전동 1128-12,단독주택,다가구주택,대지건축사사무소,(주)태운건설
29,인천광역시 서구 검암동 606-2,종교시설,종교시설및1종 근린생활시설,연일건축사사무소,
30,인천광역시 서구 석남동 536-42 외3필지,공동주택,도시형생활주택(단지형연립주택),이상건축사사무소,다해건설 주식회사
31,인천광역시 서구 백석동 197-3 외1필지,제2종근린생활시설,"제조업소,사무소",청도건축사사무소,
32,인천광역시 서구 경서동 경서3구역 8블럭 4로트,제2종근린생활시설,위락시설,주식회사에스엠건축사사무소,(주)창조종합건설
33,인천광역시 서구 마전동 905-2,노유자시설,어린이집,주식회사 스페이스덴건축사사무소,(주)동방종합건설
34,인천광역시 서구 오류동 1614-5 외1필지,공장,공장,건축사사무소 마을,(주)도담종합건설
35,인천광역시 서구 오류동 1644-20,공장,,예일 건축사사무소,도영종합건설(주)
36,인천광역시 서구 오류동 434-73,자원순환관련시설,폐기물재활용시설,청도건축사사무소,(주)하이테크알파
37,인천광역시 서구 오류동 395-124 외2필지,제2종근린생활시설,제조업소,(주)건축사사무소터,금영종합건설(주)
38,인천광역시 서구 오류동 395-219 외2필지,제2종근린생활시설,제조업소,(주)건축사사무소터,금영종합건설(주)
39,인천광역시 서구 오류동 395-124 외1필지,제2종근린생활시설,제조업소,(주)건축사사무소터,금영종합건설(주)
40,인천광역시 서구 오류동 395-124,제2종근린생활시설,제조업소,(주)건축사사무소터,금영종합건설(주)
41,인천광역시 서구 오류동 395-124 외1필지,제2종근린생활시설,제조업소,(주)건축사사무소터,금영종합건설(주)
42,인천광역시 서구 오류동 395-124,제2종근린생활시설,제조업소,(주)건축사사무소터,금영종합건설(주)
43,인천광역시 서구 오류동 395-124,제2종근린생활시설,제조업소,(주)건축사사무소터,금영종합건설(주)
44,인천광역시 서구 오류동 395-124,제2종근린생활시설,제조업소,(주)건축사사무소터,금영종합건설(주)
45,인천광역시 서구 오류동 395-124,제2종근린생활시설,제조업소,(주)건축사사무소터,금영종합건설(주)
46,인천광역시 서구 마전동 1167-6,제2종근린생활시설,일반음식점,(주)엘림건축사사무소,
47,인천광역시 서구 석남동 223-923,공장,공장,건축사사무소 마을,삼성건축(주)
48,인천광역시 서구 석남동 223-918,공장,공장,건축사사무소 마을,삼성건축(주)
49,인천광역시 서구 석남동 223-921,공장,공장,건축사사무소 마을,삼성건축(주)
50,인천광역시 서구 가정동 600-5,단독주택,,청마 건축사사무소,
51,인천광역시 서구 왕길동 641-10,업무시설,근린생활시설,(주)제이건축사사무소,kb검단
52,인천광역시 서구 금곡동 I-Food Park 4 6,공장,공장(제조시설),건축사사무소 두리,보아스종합건설(주)
53,인천광역시 서구 마전동 1126-3,공동주택,도시형생활주택(단지형연립주택),거성 건축사사무소,(주)국보산업
54,인천광역시 서구 경서동 수도권매립지2-1공구,교육연구시설,"업무시설,노유자시설",KPlus건축사사무소,엘지에스건설(주)
55,인천광역시 서구 신현동 85-3,공동주택,아파트,주식회사 천년종합건축사사무소,(주)지엔건설
56,인천광역시 서구 오류동 1761-2,공동주택,다세대주택,건축사사무소 찬,대성종합건설(주)
57,인천광역시 서구 오류동 1761-5,공동주택,다세대주택,건축사사무소 찬,대성종합건설(주)
58,인천광역시 서구 심곡동 246-1,업무시설,공공업무시설,(주)위드씨앤에이건축사사무소,야긴종합건설
59,인천광역시 서구 원당동 824-5,판매시설,상점,미가건축사사무소,(주)지투원
60,인천광역시 서구 오류동 1709-16,단독주택,,(주)믹스토리건축사사무소,
61,인천광역시 서구 오류동 1716-8,제2종근린생활시설,"일반음식점, 단독주택",(주)나은엔지니어링건축사사무소,(주)모리건축
62,인천광역시 서구 석남동 223-924,공장,공장,건축사사무소 마을,삼성건축(주)
63,인천광역시 서구 석남동 223-315,공장,공장,건축사사무소 마을,시온건설종합(주)
64,인천광역시 서구 당하동 1101-12,단독주택,다가구주택,종합건축사사무소이데아,이데아종합건설(주)
65,인천광역시 서구 석남동 223-931,공장,,주식회사에스엠건축사사무소,상신종합건설(주)
66,인천광역시 서구 연희동 78-1,자동차관련시설,전기자동차충전시설,터건축사사무소,주식회사공간아키택
67,인천광역시 서구 연희동 211-3 외2필지,위험물저장및처리시설,고압가스충전소 (수소충전소),(주)현대종합설계건축사사무소,동진종합건설주식회사
68,인천광역시 서구 원창동 100 외75필지,공장,,(주)행복종합엔지니어링건축사사무소,에스케이에코플랜트(주)
69,인천광역시 서구 원창동 97-29 외5필지,공장,위험물 저장 및 처리시설,(주)행복종합엔지니어링건축사사무소,에스케이에코엔지니어링주식회사
70,인천광역시 서구 원당동 검단신도시 C11 2-1,제2종근린생활시설,1종근린생활시설,더존건축사사무소,세중건설(주)
71,인천광역시 서구 오류동 1716-9,제2종근린생활시설,"일반음식점, 소매점, 단독주택",(주)나은엔지니어링건축사사무소,(주)모리건축
72,인천광역시 서구 가좌동 272-8,공동주택,기숙사,주식회사 아키원건축사사무소,대길종합건설(주)
73,인천광역시 서구 경서동 363-175,공장,공장,동방건축사사무소,(주)청호건설
74,인천광역시 서구 불로동 135-5,제2종근린생활시설,제조업소(농수산물가공처리시설),두진건축사사무소,(주)다원산업개발
75,인천광역시 서구 심곡동 296-7,제1종근린생활시설,소매점,(주)엘림건축사사무소,(주)중앙씨앤씨
76,인천광역시 서구 석남동 223-218,공장,,에이스건축사사무소,주식회사 다원종합건설
77,인천광역시 서구 석남동 223-242,공장,,건축사사무소 현일,(주)서강엔지니어링
78,인천광역시 서구 불로동 765-1,단독주택,다중주택,주영건축사사무소,(주)덕우종합건설
79,인천광역시 서구 석남동 222-82,공장,,건축사사무소 소담,(주)렉스건설
80,인천광역시 서구 원창동 345-3,제1종근린생활시설,주민공동이용시설,주식회사 토펙건축사사무소,(주)위드씨앤종합건설
81,인천광역시 서구 불로동 773-4,단독주택,다중주택,주영건축사사무소,(주)덕우종합건설
82,인천광역시 서구 원창동 381-60,제1종근린생활시설,제2종근린생활시설,(주)에이치에스이앤씨종합건축사사무소,와이지건설산업(주)
83,인천광역시 서구 오류동 1548-4 외1필지,공장,,(주)엘림건축사사무소,대성종합건설(주)
84,인천광역시 서구 경서동 1045-1,자원순환관련시설,폐기물재활용시설,(주)필종합건축사사무소,더넥스트건설(주)
85,인천광역시 서구 마전동 914-12,제1종근린생활시설,제1종근린생활시설(소매점),(주)선광건축사사무소,
86,인천광역시 서구 원당동 검단지구  C7 4-2,제1종근린생활시설,및 위락시설및 숙박시설,(주)원종합건축사사무소,(주)계담종합건설
87,인천광역시 서구 오류동 1708,교육연구시설,"교육연구시설, 근린생활시설, 위험물저장및처리시설",(주)현대종합설계건축사사무소,동진종합건설(주)
88,인천광역시 서구 가좌동 178-65,공장,공장,건축사사무소 마을,삼성건축(주)
89,인천광역시 서구 가좌동 178-519,제2종근린생활시설,"사무소, 일반음식점",남경건축사사무소,(주)새미르종합건설
90,인천광역시 서구 검암동 602-5,제1종근린생활시설,제1종근린생활시설,건축사사무소 마을,보화종합건설(주)
91,인천광역시 서구 가좌동 560-10,업무시설,준주택(오피스텔),한영엔지니어링,(주)보브종합건설
92,인천광역시 서구 불로동 불로2지구 4 8,공동주택,다세대주택,건축사사무소 놀이터,(주)더유니드이엔씨
93,인천광역시 서구 오류동 1649-7,공장,,(주)원종합건축사사무소,
94,인천광역시 서구 오류동 1751-4,단독주택,단독주택,한서종합건축사사무소,
95,인천광역시 서구 오류동 1643-9,공장,,호미건축사사무소,(주)선우건설산업
96,인천광역시 서구 백석동 212-187,제1종근린생활시설,,가온건축사사무소,으뜸종합건설(주)
97,인천광역시 서구 석남동 223-605,공장,,영진건축사사무소,(주)삼주종합건설
98,인천광역시 서구 석남동 223-773,공장,,영진건축사사무소,(주)삼주종합건설
99,인천광역시 서구 가좌동 178-514,공장,공장,건축사사무소 마을,삼성건축(주)
100,인천광역시 서구 가좌동 178-516,공장,공장,건축사사무소 마을,삼성건축(주)
101,인천광역시 서구 가좌동 178-510,공장,공장,건축사사무소 마을,시온건설종합(주)
102,인천광역시 서구 가좌동 178-512,공장,공장,건축사사무소 마을,삼성건축(주)
103,인천광역시 서구 오류동 1732-2,종교시설,교회,홍건축사사무소,(주)아이온산업개발
104,인천광역시 서구 마전동 1165-6,공동주택,"도시형생활주택,단지형다세대주택",목림건축사사무소,우진종합건설(주)
105,인천광역시 서구 백석동 212-3,제2종근린생활시설,사무소,공간구조종합건축사사무소,(주)이도
106,인천광역시 서구 원당동 인천검단지구 택지개발사업 주 12,자동차관련시설,주차장,(주)비타그룹건축사사무소,토양종합건설(주)
107,인천광역시 서구 석남동 223-367,공장,,건축사사무소다남(주),
108,인천광역시 서구 석남동 223-889,제2종근린생활시설,,주식회사에스엠건축사사무소,정원종합건설(주)
109,인천광역시 서구 석남동 535-13,단독주택,단독주택,(주)씨앤씨시그건축사사무소,
110,인천광역시 서구 오류동 1747-20,노유자시설,제1종근린생활시설,완성건축사사무소,(주)수성건설
111,인천광역시 서구 마전동 1167-20,공동주택,연립주택(도시형생활주택),상보건축사사무소,(주)우영종합건설
112,인천광역시 서구 오류동 1747-13,제2종근린생활시설,사무소,한국건축사사무소,
113,인천광역시 서구 금곡동 654-2,제2종근린생활시설,제조업소,한우리건축사사무소,
114,인천광역시 서구 금곡동 655-2 외1필지,제2종근린생활시설,제조업소,한우리건축사사무소,
115,인천광역시 서구 오류동 1581-2,공장,,(주)예림호건축사사무소,서림종합건설(주)
116,인천광역시 서구 오류동 1575-4,창고시설,창고,(주)제이에이에스 건축사사무소,(주)성도이엔지
117,인천광역시 서구 마전동 1163-9,공동주택,"도시형생활주택,단지형연립주택)",목림건축사사무소,우진종합건설(주)
118,인천광역시 서구 석남동 223-717,공장,,도원건축사사무소,(합)대흥종합건설
119,인천광역시 서구 마전동 1167-16,공동주택,다세대주택,건축사사무소 장승,(주)씨앤엠종합건설
120,인천광역시 서구 가좌동 574-7,공장,공장,아크월드건축사사무소,(주)정진종합건설
121,인천광역시 서구 원창동 490-2,제2종근린생활시설,,조운건축사사무소,대신종합건설(주)
122,인천광역시 서구 오류동 1726-9,제2종근린생활시설,,주식회사에스엠건축사사무소,(주)용일종합건설
123,인천광역시 서구 원당동 검단신도시 주11,자동차관련시설,주차장,(주)해인건축사사무소,아이엠지건설(주)
124,인천광역시 서구 석남동 447-17,제2종근린생활시설,제1종근린생활시설,다일 건축사사무소,(주)정진종합건설
125,인천광역시 서구 가좌동 524-9,공장,지식산업센터,(주)마디종합건축사사무소,(주)준서예건
126,인천광역시 서구 오류동 1712-14,단독주택,다가구(2가구),삼익건축사사무소 주식회사,상운건설(주)
127,인천광역시 서구 석남동 257-2,창고시설,창고(가필지),(주)건축사사무소명승,(주)도담개발
128,인천광역시 서구 석남동 257-3 외2필지,창고시설,창고(나필지),(주)건축사사무소 명승,(주)도담개발
129,인천광역시 서구 신현동 308-6,제2종근린생활시설,제1종근린생활시설,성림건축사사무소,태성건설(주)
130,인천광역시 서구 왕길동 663-4 외1필지,제2종근린생활시설,,(주)상원건축사사무소,(주)트인종합건설
131,인천광역시 서구 백석동 212-152,제2종근린생활시설,제조업소,에이원건축사사무소,
132,인천광역시 서구 원창동 435-6,공장,,건축사사무소 예가,대신종합건설(주)
133,인천광역시 서구 마전동 919-4,노유자시설,노인복지시설,건축사사무소 페미카,두남건설(주)
134,인천광역시 서구 오류동 1613-6,자원순환관련시설,"폐기물재활용시설, 공장",주식회사건축사사무소아이엔오그룹,에스엠엘종합건설(주)
135,인천광역시 서구 오류동 52-8 외1필지,제1종근린생활시설,소매점 및 제2종 근린생활시설 (제조업소),건축사사무소 아이엔지,삼성토건(주)
136,인천광역시 서구 당하동 748-2 외1필지,위험물저장및처리시설,주유소,CA건축사사무소,(주)동우토건
137,인천광역시 서구 오류동 434-496,자원순환관련시설,폐기물재활용시설,CA건축사사무소,(주)원효종합건설
138,인천광역시 서구 오류동 434-534,자원순환관련시설,폐기물재활용시설,CA건축사사무소,(주)원효종합건설
139,인천광역시 서구 마전동 1157 외2필지,공동주택,단지형 연립주택,건축사사무소 장승,(주)씨앤엠종합건설
140,인천광역시 서구 원당동 인천검단지구 택지개발사업 유11,교육연구시설,유치원,(주)종합건축사사무소 림,아이엠지건설(주)
141,인천광역시 서구 오류동 1632-8,공장,,호미건축사사무소,
142,인천광역시 서구 석남동 480-15 외1필지,제1종근린생활시설,,주식회사건축사사무소아이엔오그룹,
143,인천광역시 서구 마전동 1135-7,단독주택,다중주택,주영건축사사무소,(주)아이온산업개발
144,인천광역시 서구 경서동 681-2,공장,,씨엠탑 건축사사무소,(주)비제이상사
145,인천광역시 서구 경서동 761-5,제1종근린생활시설,,(주)원종합건축사사무소,형제토건
146,인천광역시 서구 원창동 393-202,공장,,주식회사에스엠건축사사무소,정원종합건설(주)
147,인천광역시 서구 금곡동 I-FOOD PARK 10블럭 5로트,공장,공장,드림건축사사무소,한강종합건설(주)
148,인천광역시 서구 원창동 476-10,공장,,주식회사 세림이엔지건축사사무소,(주)동후디앤씨
149,인천광역시 서구 원당동 인천검단택지개발지구 C10-1 1,제1종근린생활시설,"소매점,의원,일반음식점",주식회사 다우어반건축사사무소,(주)모든건설
150,인천광역시 서구 원창동 138-2,공장,,더존건축사사무소,(주)대한종합건설산업
151,인천광역시 서구 오류동 1740-1,노유자시설,노인복지시설,건축사사무소 대경,(주)현진이엔씨
152,인천광역시 서구 석남동 650-83,공장,공장,건축사사무소 마을,시온건설종합(주)
153,인천광역시 서구 가정동 루원시티 상업1 6,업무시설,"제1,2종근린생활시설,자동차관련시설",에이스건축사사무소,(주)디앤시건설
154,인천광역시 서구 경서동 363-152 외1필지,자동차관련시설,자동차관련시설,건축사사무소 마을,삼성건축(주)
155,인천광역시 서구 경서동 1047-5,공장,,그리드 와이 건축사사무소,(주)부국종합건설
156,인천광역시 서구 가좌동 173-235 외3필지,자동차관련시설,,건축사사무소다남(주),
157,인천광역시 서구 대곡동 121-3,제2종근린생활시설,제조업소,청도건축사사무소,(주)지홍종합건설
158,인천광역시 서구 당하동 1089-1,제1종근린생활시설,소매점,주영건축사사무소,
159,인천광역시 서구 가좌동 197-10,공동주택,도시형생활주택(단지형다세대주택),빔건축사사무소,주식회사나라종합건설
160,인천광역시 서구 원창동 435-3,창고시설,,(주)머지건축사사무소,(주)내외씨앤디건설
161,인천광역시 서구 원창동 435-4,창고시설,,(주)머지건축사사무소,더에스에이치종합건설(주)
162,인천광역시 서구 가정동 616-1,제2종근린생활시설,,주영건축사사무소,
163,인천광역시 서구 백석동 212-149,제2종근린생활시설,제조업소,(주)부영건축사사무소,주식회사가가전력
164,인천광역시 서구 가좌동 174-42,단독주택,근린생활시설및다중주택,에이트 건축사사무소,석준종합건설(주)
165,인천광역시 서구 가좌동 602-93,공장,공장,건축사사무소 마을,삼성건축(주)
166,인천광역시 서구 연희동 741-28 외1필지,공동주택,연립주택,건축사사무소대진,(주)신강이엔씨
167,인천광역시 서구 원당동 검단신도시 주14,자동차관련시설,주차장,건축사사무소 이함,(주)성창종합건설
168,인천광역시 서구 원창동 356-1,제1종근린생활시설,마을회관,주식회사 토펙건축사사무소,주식회사 위드씨앤종합건설
169,인천광역시 서구 백석동 18-2 외3필지,제1종근린생활시설,소매점,세광건축사사무소,주식회사휘경건설
170,인천광역시 서구 왕길동 119-1,제2종근린생활시설,제조업소,한영엔지니어링,명가건설(주)
171,인천광역시 서구 심곡동 305-11,공동주택,도시형생활주택(단지형 연립/다세대주택,예당건축사사무소,평진종합건설(주)
172,인천광역시 서구 마전동 1165-7,공동주택,연립주택(도시형생활주택),상보건축사사무소,(주)지오종합건설
173,인천광역시 서구 가좌동 602-12,공장,,(주)광현건축사사무소,서림종합건설(주)
174,인천광역시 서구 오류동 1640-13,제2종근린생활시설,"(사무소),제1종근린생활시설(소매점,탁구장)",아키그룹 성창건축사사무소,대주종합건설(주)
175,인천광역시 서구 원창동 435-1,공장,,호연건축사사무소,(주)내외씨앤디건설
176,인천광역시 서구 오류동 1630-4,공장,,(주)건축사사무소유신건축,(주)차영종합건설
177,인천광역시 서구 마전동 1167-23,공동주택,도시형생활주택(단지형다세대주택),SiN종합건축사사무소,포유종합건설(주)
178,인천광역시 서구 가좌동 585-83,공장,공장,건축사사무소 마을,삼성건축(주)
179,인천광역시 서구 오류동 1613-6,자원순환관련시설,"폐기물재활용시설, 공장",주식회사건축사사무소아이엔오그룹,에스엠엘종합건설(주)
180,인천광역시 서구 금곡동 650 외2필지,제2종근린생활시설,제조업소,한서종합건축사사무소,
181,인천광역시 서구 오류동 1716-5,제2종근린생활시설,(사무소),동현건축사사무소,(주)유일종합건설
182,인천광역시 서구 원당동 인천검단지구 택지개발사업 C11-1-3 외1필지,제2종근린생활시설,,(주)건축사사무소그리고짓다,세븐건설(주)
183,인천광역시 서구 석남동 223-48,공장,위험물저장 및 처리시설,도원건축사사무소,(주)백두종합건설
184,인천광역시 서구 원당동 813-1,노유자시설,노인복지시설,무이건축 건축사사무소,
185,인천광역시 서구 가좌동 104,창고시설,"창고, 제1종근린생활시설(소매점)",(주)필종합건축사사무소,대신종합건설(주)
186,인천광역시 서구 가좌동 104-14,창고시설,"창고, 제1종근린생활시설(소매점)",(주)필종합건축사사무소,대신종합건설(주)
187,인천광역시 서구 가좌동 104-15,창고시설,"창고, 제1종근린생활시설(소매점)",(주)필종합건축사사무소,대신종합건설(주)
188,인천광역시 서구 가좌동 104-16,창고시설,"창고, 제1종근린생활시설(소매점)",(주)필종합건축사사무소,(주)삼일종합건설
189,인천광역시 서구 가좌동 104-17,창고시설,"창고, 제1종근린생활시설(소매점)",(주)필종합건축사사무소,대신종합건설(주)
190,인천광역시 서구 원창동 435-7,공장,,라인건축사사무소,(주)내외씨앤디건설
191,인천광역시 서구 석남동 223-58,자동차관련시설,"자동차관련시설, 근린생활시설",에이스건축사사무소,도수건설(주)
192,인천광역시 서구 원당동 검단신도시 C7-2-2,제2종근린생활시설,"및 제1종근린생활시설,교육연구시설,운동시설",(주)종합건축사사무소 수,동도건설(주)
193,인천광역시 서구 가좌동 173-247,공장,공장,건축사사무소 마을,시온건설종합(주)
194,인천광역시 서구 원창동 435-2,창고시설,물류창고,라인건축사사무소,(주)내외씨앤디건설
195,인천광역시 서구 백석동 212-113,제1종근린생활시설,소매점,무이건축건축사사무소,으뜸종합건설(주)
196,인천광역시 서구 백석동 212-114,제1종근린생활시설,소매점,우일건축사사무소,으뜸종합건설(주)
197,인천광역시 서구 백석동 212-264,제1종근린생활시설,소매점,우일건축사사무소,으뜸종합건설(주)
198,인천광역시 서구 원창동 435-5,창고시설,,주식회사에스엠건축사사무소,대신종합건설(주)
199,인천광역시 서구 석남동 223-917,제2종근린생활시설,공장,주식회사에스엠건축사사무소,정원종합건설(주)
200,인천광역시 서구 경서동 363-157,공장,,영진건축사사무소,(주)현대특수건설
201,인천광역시 서구 석남동 223-268,공장,공장,건축사사무소 마을,삼성건축(주)
202,인천광역시 서구 검암동 648-9,제2종근린생활시설,"사무소,음식점,소매점",CA건축사사무소,경보종합건설(주)
203,인천광역시 서구 오류동 1727-7,단독주택,,다일 건축사사무소,
204,인천광역시 서구 원당동 인천검단택지개발지구 C11-4-2,제1종근린생활시설,"제2종근린생활시설,업무시설",(주)다우건축사사무소,(주)대들보
205,인천광역시 서구 석남동 327-3,공동주택,도시형 생활주택-단지형 다세대주택,이지종합건축사사무소,(주)채울종합건설
206,인천광역시 서구 가좌동 144-66 외3필지,공동주택,연립주택(도시형생활주택),건축사사무소 찬,대보건설(주)
207,인천광역시 서구 가좌동 150-126,공장,"작업장,계단실,창고,사무실,화장실,ELEV",조운건축사사무소,두성건설산업주식회사
208,인천광역시 서구 경서동 350-282 외1필지,자동차관련시설,사무실,원건축사사무소,(주)다원종합건설
209,인천광역시 서구 검암동 229-13 외1필지,제2종근린생활시설,,연일건축사사무소,의성건설(주)
210,인천광역시 서구 원창동 493-5,제2종근린생활시설,"(다중생활시설, 일반음식점)",SiN종합건축사사무소,동민건설산업(주)
211,인천광역시 서구 검암동 504-3,공동주택,도시형생활주택(단지형다세대주택),(주)선광건축사사무소,우협종합건설(주)
212,인천광역시 서구 오류동 1524-4 외1필지,자원순환관련시설,폐기물재활용시설,미래공간건축사사무소,(주)장형기업
213,인천광역시 서구 오류동 1714-9,종교시설,교회,가건축사사무소,(주)정진종합건설
214,인천광역시 서구 오류동 434-273,제2종근린생활시설,제2종근린생활시설,건축사사무소 마을,
215,인천광역시 서구 오류동 1524 외4필지,자원순환관련시설,폐기물처리시설,미래공간건축사사무소,(주)장형기업
216,인천광역시 서구 원창동 388-5,공장,,디디건축사사무소,(주)이도종합건설
217,인천광역시 서구 금곡동 아이푸드파크일반산업단지 6가구 3획지 외1필지,공장,,우솔 건축사사무소,(주)바움건설
218,인천광역시 서구 원당동 검단신도시 C11 3-2,제1종근린생활시설,,라움 종합건축사사무소,중일건설(주)
219,인천광역시 서구 가좌동 160-4,공장,,건축사사무소 찬,네이처종합건설(주)
220,인천광역시 서구 경서동 678-1,자원순환관련시설,폐기물처리시설,이루건축사사무소,환경시설관리(주)
221,인천광역시 서구 석남동 223-915,공장,공장,건축사사무소 마을,삼성건축(주)
222,인천광역시 서구 가좌동 585-78,공장,공장,건축사사무소 마을,삼성건축(주)
223,인천광역시 서구 금곡동 인천 I-FOOD PARK 9블럭 10-1,공장,,드림건축사사무소,(주)거목종합건설
224,인천광역시 서구 석남동 589-16 외1필지,공동주택,도시형생활주택(단지형),건축사사무소 현,원진종합건설(주)
225,인천광역시 서구 가좌동 142-60 외1필지,공동주택,단지형다세대,태영건축사사무소,대원종합건설(주)
226,인천광역시 서구 원당동 검단택지개발지구 주 13,자동차관련시설,주차장,(주)비타그룹 건축사사무소,토양종합건설(주)
227,인천광역시 서구 오류동 1621-14,공장,,원건축사사무소,
228,인천광역시 서구 오류동 1717-13,제2종근린생활시설,사무실,레오건축사사무소,(주)다원종합건설
229,인천광역시 서구 불로동 804-4,공동주택,도시형생활주택-단지형연립주택,건축사사무소마을,세온종합건설(주)
230,인천광역시 서구 불로동 800-1,공동주택,도시형생활주택-단지형연립주택,건축사사무소 마을,세온종합건설(주)
231,인천광역시 서구 오류동 1759-1,제1종근린생활시설,"소매점,사무소",CA건축사사무소,(주)유일종합건설
232,인천광역시 서구 원당동 832-8,단독주택,,(주)건축사사무소터,
233,인천광역시 서구 가좌동 591-4,공장,,영진건축사사무소,(주)세중코리아앤우림건설
234,인천광역시 서구 마전동 1167-13,공동주택,다세대주택,건축사사무소 장승,(주)씨앤엠종합건설
235,인천광역시 서구 마전동 마전지구 27블럭 8롯트,노유자시설,노인복지시설,건축사사무소 주중선,(주)정진종합건설
236,인천광역시 서구 오류동 1751-6 외1필지,단독주택,,성운건축사사무소,
237,인천광역시 서구 가좌동 178-504,공장,,남경건축사사무소,(주)새미르종합건설
238,인천광역시 서구 가좌동 585-82,공장,공장,건축사사무소 마을,삼성건축(주)
239,인천광역시 서구 검암동 509-1,공동주택,도시형생활주택(단지형연립주택),이상건축사사무소,(주)하나주택
240,인천광역시 서구 원창동 336 외43필지,발전시설,연료전지/자재창고,(주)엠에이피한터인종합건축사사무소,금호건설 주식회사
241,인천광역시 서구 마전동 984-3,제2종근린생활시설,"제1종근린생활시설(일반음식점,소매점)",삼익건축사사무소 주식회사,
242,인천광역시 서구 오류동 1759-2,제1종근린생활시설,"소매점,사무소,단독주택",(주)이안건축사사무소,상신종합건설(주)
243,인천광역시 서구 경서동 363-182,공장,,CA건축사사무소,
244,인천광역시 서구 석남동 503-7,제2종근린생활시설,"제1종근린생활시설및위락시설,주차장",WA20 건축사 사무소,
245,인천광역시 서구 오류동 1708-3,단독주택,,(주)믹스토리건축사사무소,
246,인천광역시 서구 경서동 경서3구역 도시개발사업  25 3,업무시설,오피스텔,(주)기안건축사사무소,(주)대우건설
247,인천광역시 서구 원당동 검단신도시 C-11-4-1 블럭,제1종근린생활시설,"제2종근린생활시설,숙박시설",(주)해인건축사사무소,(주)다온
248,인천광역시 서구 금곡동 I-Food Park 4 6,공장,,예건건축사사무소,보아스종합건설(주)
249,인천광역시 서구 금곡동 372-2,위험물저장및처리시설,주유소,종합건축사사무소남광,(주)모아종합건설
250,인천광역시 서구 금곡동 I-Food Park 11가구 5 2,공장,,동방건축사사무소,(주)아이랩종합건설
251,인천광역시 서구 마전동 1153-1,공동주택,연립주택(도시형생활주택),다움건축사사무소,효담건설주식회사
252,인천광역시 서구 석남동 655-61,자동차관련시설,(주차장),한우리건축사사무소,
253,인천광역시 서구 원창동 213-38,공장,,원건축사사무소,(주)하호종합건설
254,인천광역시 서구 가좌동 173-505 외1필지,공장,공장,건축사사무소 마을,삼성건축(주)
255,인천광역시 서구 원당동 인천검단지구 C12 4-1,업무시설,오피스텔,(주)건축사사무소유에이디,대우산업개발(주)
256,인천광역시 서구 석남동 172-8,제2종근린생활시설,수리점,한영엔지니어링,보아스종합건설(주)
257,인천광역시 서구 당하동 957-2 외1필지,공동주택,도시형생활주택-단지형연립주택,주식회사 다콜건축사사무소,(주)온누리건설
258,인천광역시 서구 오류동 434-70,공장,자원순환시설,건축사사무소 미소건축,(주)대광엠피티
259,인천광역시 서구 오류동 1627-5,공장,"작업장,창고",(주)다우종합건축사사무소,
260,인천광역시 서구 석남동 산 113-26,제1종근린생활시설,"제과점,사무소",ST 건축사사무소,(주)우영종합건설
261,인천광역시 서구 원당동 인천검단지구 C7-3-1,제2종근린생활시설,일반음식점,건축사사무소 필,(주)계담종합건설
262,인천광역시 서구 가정동 루원시티  상업5 2,제1종근린생활시설,"제2종근린생활시설,업무시설",더존건축사사무소,(주)디앤시건설
263,인천광역시 서구 경서동 1045-2,공장,제조시설,건축사사무소 두리,미추종합건설(주)
264,인천광역시 서구 가좌동 142-63 외1필지,공동주택,단지형다세대,태영건축사사무소,대원종합건설(주)
265,인천광역시 서구 백석동 212-256 외1필지,제2종근린생활시설,제조업소,가온건축사사무소,으뜸종합건설(주)
266,인천광역시 서구 백석동 212-261,제2종근린생활시설,(제조업소),가온건축사사무소,으뜸종합건설(주)
267,인천광역시 서구 금곡동 I-Foodpark 5 2,제2종근린생활시설,"1종근린생활시설,운동시설",예건건축사사무소,(주)힘찬종합건설
268,인천광역시 서구 오류동 1626-9,공장,,(주)에이스건축사사무소,(주)이젠건설
269,인천광역시 서구 가좌동 539-13 외1필지,공장,,건축사사무소 두리,한얼종합건설(주)
270,인천광역시 서구 백석동 212-39,제2종근린생활시설,제조업소,가온건축사사무소,으뜸종합건설(주)
271,인천광역시 서구 백석동 212-257,제2종근린생활시설,제조업소,가온건축사사무소,으뜸종합건설(주)
272,인천광역시 서구 백석동 212-258,제2종근린생활시설,제조업소,가온건축사사무소,으뜸종합건설(주)
273,인천광역시 서구 백석동 212-259,제2종근린생활시설,제조업소,가온건축사사무소,으뜸종합건설(주)
274,인천광역시 서구 백석동 212-260,제2종근린생활시설,제조업소,가온건축사사무소,으뜸종합건설(주)
275,인천광역시 서구 백석동 212-29 외1필지,제2종근린생활시설,제조업소,가온건축사사무소,으뜸종합건설(주)
276,인천광역시 서구 오류동 1574-3,창고시설,,비엔건축사사무소,
277,인천광역시 서구 원창동 476-11,공장,,주식회사에스엠건축사사무소,정원종합건설(주)
278,인천광역시 서구 석남동 642-90,공장,,도원건축사사무소,주식회사 투에이건설
279,인천광역시 서구 가좌동 602-94,공장,공장,건축사사무소 마을,삼성건축(주)
280,인천광역시 서구 가좌동 602-25,공장,공장,건축사사무소 마을,삼성건축(주)
281,인천광역시 서구 마전동 1167-7,공동주택,다세대주택,건축사사무소 장승,(주)씨앤엠종합건설
282,인천광역시 서구 금곡동 741-8,공장,,드림건축사사무소,천운종합건설(주)
283,인천광역시 서구 석남동 650-184,공장,공장,건축사사무소 마을,삼성건축(주)
284,인천광역시 서구 마전동 1153-2,공동주택,단지형연립주택,WA20 건축사 사무소,주석종합건설(주)
285,인천광역시 서구 가좌동 75-7,종교시설,종교집회장,우진건축사사무소 ,
286,인천광역시 서구 가좌동 210-10,공장,,정원건축사사무소,(주)태일
287,인천광역시 서구 원당동 인천검단지구 택지개발지구 C5-1-3,업무시설,근린생활시설/오피스텔,(주)종합건축사사무소 창건축,(주)케이알산업
288,인천광역시 서구 가정동 514-41,제2종근린생활시설,고시원,건축사사무소 주호,(주)덕현종합건설
289,인천광역시 서구 원창동 493-9,제2종근린생활시설,다중생활시설(고시원),다올건축사사무소,아민건설(주)
290,인천광역시 서구 원당동 검단지구  C7-3-2,제1종근린생활시설,"제2종근린생활시설,위락시설,숙박시설",(주)원종합건축사사무소,(주)계담종합건설
291,인천광역시 서구 경서동 679,공장,,CA건축사사무소,
292,인천광역시 서구 원창동 424-27,제2종근린생활시설,제2종근린생활시설,건축사사무소 마을,(주)삼성종합건설
293,인천광역시 서구 금곡동 602-3,제2종근린생활시설,(제조업소),산지건축사사무소,케이에프엠씨(주)
294,인천광역시 서구 금곡동 602-6,제2종근린생활시설,(제조업소),산지건축사사무소,케이에프엠씨(주)
295,인천광역시 서구 불로동 인천검단지구 전1,제1종근린생활시설,변전소,이도건축사사무소,고운시티아이(주)
296,인천광역시 서구 경서동 경서3구역 16 5,자동차관련시설,주차장,(주)상지건축사사무소,성인종합건설(주)
297,인천광역시 서구 경서동 경서3구역 28 15,자동차관련시설,주차장,(주)상지건축사사무소,(주)보브종합건설
298,인천광역시 서구 경서동 경서3구역 32 1,자동차관련시설,주차장,(주)상지건축사사무소,성인종합건설(주)
299,인천광역시 서구 원창동 393-50 외1필지,창고시설,창고,(주)건축사 사무소 미래건축 ,주식회사보미건설
300,인천광역시 서구 시천동 158-3 외10필지,제2종근린생활시설,사무소,(주) 광장건축사사무소,(주)두손건설
301,인천광역시 서구 원창동 424-3,제2종근린생활시설,수리점,(주)세움건축사사무소,(주)삼성종합건설
302,인천광역시 서구 석남동 488-13 외1필지,업무시설,오피스텔,WA20 건축사 사무소,해강종합건설(주)
303,인천광역시 서구 오류동 434-277,제2종근린생활시설,,도원건축사사무소,(주)투에이건설
304,인천광역시 서구 원당동 검단신도시 상업 C8 1-1,업무시설,"근린생활시설,운동시설",SiN종합건축사사무소,일주건설(주)
305,인천광역시 서구 금곡동 655-3 외1필지,제2종근린생활시설,사무소 및 제조업소,한우리건축사사무소,
306,인천광역시 서구 가정동 루원시티사업지구 공2부지 공공청사,업무시설,공공청사,건축사사무소 도시공작소,리더종합건설(주)
307,인천광역시 서구 가정동 루원시티사업지구 공1부지 공공청사,업무시설,공공청사,건축사사무소 도시공작소,수지종합건설(주)
308,인천광역시 서구 금곡동 I-Food Parrk 7 6,공장,,(주)청담건축사사무소,(주)거목종합건설
309,인천광역시 서구 당하동 957-34 외1필지,공동주택,도시형생활주택(단지형연립주택),주식회사 다콜건축사사무소,(주)온누리건설
310,인천광역시 서구 당하동 957-37 외1필지,공동주택,도시형생활주택(단지형연립주택),주식회사 다콜건축사사무소,(주)온누리건설
311,인천광역시 서구 당하동 957-1 외2필지,공동주택,"도시형생활주택(단지형연립주택),근린생활시설,운동시설",주식회사 다콜건축사사무소,(주)온누리건설
312,인천광역시 서구 경서동 1047-1,자원순환관련시설,폐기물재활용시설,주영건축사사무소,
313,인천광역시 서구 원창동 392-12 외3필지,창고시설,창고,(주)제이에이에스 건축사사무소,한양산업개발 주식회사
314,인천광역시 서구 경서동 1047-8,자원순환관련시설,폐기물 재활용시설,건축사사무소 두리,글로벌종합건설(주)
315,인천광역시 서구 오류동 1548-2,창고시설,냉동창고,(주)우담건축사사무소,효성중공업(주)
316,인천광역시 서구 오류동 434-165 외1필지,자원순환관련시설,폐기물재활용시설,CA건축사사무소,
317,인천광역시 서구 대곡동 36-31,단독주택,,바론 건축사사무소,
318,인천광역시 서구 금곡동 514-2 외1필지,위험물저장및처리시설,주유소,삼정에이엔디(주)건축사사무소,진석종합건설(주)
319,인천광역시 서구 원창동 394-13,창고시설,,(주)건축사사무소가람나라,(주)일군토건
320,인천광역시 서구 당하동 957-32,공동주택,도시형생활주택-단지형연립주택,주식회사 다콜건축사사무소,(주)온누리건설
321,인천광역시 서구 당하동 957-44,공동주택,도시형생활주택(단지형연립주택),주식회사 다콜건축사사무소,(주)온누리건설
322,인천광역시 서구 당하동 957-33 외1필지,공동주택,도시형생활주택(단지형연립주택),주식회사 다콜건축사사무소,(주)온누리건설
323,인천광역시 서구 대곡동 36-45,단독주택,,임 종합건축사사무소,
324,인천광역시 서구 대곡동 36-46,단독주택,,바론건축사사무소,
325,인천광역시 서구 원창동 394-1 외1필지,창고시설,"냉동,냉장창고",(주)건축사사무소가람나라,엘티삼보주식회사
326,인천광역시 서구 마전동 1168-5,공동주택,연립주택,지을건축사사무소,네이처종합건설(주)
327,인천광역시 서구 원창동 394-35 외1필지,창고시설,냉동창고,(주)삼인디앤씨 건축사사무소,에스지씨이테크건설(주)
328,인천광역시 서구 원창동 394-28 외1필지,창고시설,냉동창고,(주)삼인디앤씨 건축사사무소,에스지씨이테크건설(주)
329,인천광역시 서구 원창동 392-17,창고시설,,(주)해인종합건축사사무소,다인건설(주)
330,인천광역시 서구 가정동 601-1,단독주택,단독주택,동호건축사사무소,(주)디엠씨종합건설
331,인천광역시 서구 원창동 394-25,창고시설,창고,주식회사 티엘엔지니어링건축사사무소,에스원건설(주)
332,인천광역시 서구 원창동 393-124,공장,,(주)에스엠건축사사무소,정원종합건설(주)
333,인천광역시 서구 원창동 393-125,공장,,(주)에스엠건축사사무소,정원종합건설(주)
334,인천광역시 서구 가좌동 591-9,공장,,종합건축사사무소만원그룹,한미건설(주)
335,인천광역시 서구 원당동 825-1,운동시설,수영장,(주)위드종합건축사사무소,상신종합건설(주)
336,인천광역시 서구 석남동 650-171,공장,공장,건축사사무소 마을,삼성건축(주)
337,인천광역시 서구 금곡동 산 56-1 외2필지,제1종근린생활시설,소매점,CA건축사사무소,
338,인천광역시 서구 가좌동 173-488,공장,,아키그룹마루건축사사무소,상신종합건설(주)
339,인천광역시 서구 금곡동 506-6 외5필지,제2종근린생활시설,제조업소,진성건축사사무소,인성실업(주)
340,인천광역시 서구 원창동 424-11,제1종근린생활시설,,원건축사사무소,서림종합건설(주)
341,인천광역시 서구 왕길동 204-59 외3필지,제2종근린생활시설,"일반음식점, 사무소",산지건축사사무소,도단이앤씨(주)
342,인천광역시 서구 가좌동 148-41,업무시설,오피스텔,SK+종합건축사사무소,(주)일원종합건설
343,인천광역시 서구 마전동 1163 외1필지,공동주택,연립주택,(주)공간건축사사무소,주식회사여명종합건설
344,인천광역시 서구 경서동 경서3구역 도시개발지구 25블록 1로트,업무시설,오피스텔,주식회사 건축사사무소유에이디,(주)대우건설
345,인천광역시 서구 마전동 1135-5,단독주택,다중주택,주영건축사사무소,(주)덕우종합건설
346,인천광역시 서구 금곡동 662,제2종근린생활시설,제조업소,진성건축사사무소,
347,인천광역시 서구 금곡동 506 외3필지,제1종근린생활시설,"소매점,사무소",(주)가인종합건축사사무소,성광개발(주)
348,인천광역시 서구 오류동 1712-12,단독주택,다가구주택,(주)다우종합건축사사무소,
349,인천광역시 서구 불로동 781-3,단독주택,다가구주택,그룹아키존건축사사무소 진솔,
350,인천광역시 서구 마전동 1059-3,단독주택,다중주택,주영건축사사무소,
351,인천광역시 서구 원창동 492-2,제2종근린생활시설,2종근린생활시설 및 단독주택,홍건축사사무소,
352,인천광역시 서구 마전동 1152-19,단독주택,다가구주택,주영건축사사무소,
353,인천광역시 서구 당하동 1089-2,단독주택,다가구주택.휴게음식점,주영건축사사무소,
354,인천광역시 서구 오류동 1548-5 외1필지,공장,,(주)이안건축사사무소,성호건설(주)
355,인천광역시 서구 원당동 826-1,단독주택,다중주택 및 1종근린생활시설,온유건축사사무소,
356,인천광역시 서구 마전동 1061-5,단독주택,다중주택,에이원건축사사무소,
357,인천광역시 서구 경서동 743-16,단독주택,,완성건축사사무소,
358,인천광역시 서구 마전동 마전지구 11 1-2,공동주택,다세대주택,청도건축사사무소,(주)지니종합건설
359,인천광역시 서구 원창동 394-4,공장,,주식회사에스엠건축사사무소,
360,인천광역시 서구 석남동 650-14,공장,,다올건축사사무소,
361,인천광역시 서구 오류동 1727-7,단독주택,,(주)다우종합건축사사무소,
362,인천광역시 서구 가좌동 539-8,교육연구시설,,SINA건축사사무소,
363,인천광역시 서구 경서동 678-6,공장,창고,(주)준종합건축사사무소,
364,인천광역시 서구 불로동 185-1 외4필지,자동차관련시설,세차장,,주식회사늘품오일
365,인천광역시 서구 오류동 1650-1,공장,,ANC 건축사사무소,(주)아이스트로
366,인천광역시 서구 석남동 223-925,공장,공장,건축사사무소 마을,시온건설종합(주)
367,인천광역시 서구 석남동 223-920,공장,공장,건축사사무소 마을,삼성건축(주)
368,인천광역시 서구 가좌동 173-236,공장,,건축사사무소다남(주),(주)현대철강
369,인천광역시 서구 석남동 223-919,공장,공장,건축사사무소 마을,삼성건축(주)
370,인천광역시 서구 석남동 223-926,공장,공장,건축사사무소 마을,시온건설종합(주)
371,인천광역시 서구 석남동 223-929,공장,,주식회사에스엠건축사사무소,상신종합건설(주)
372,인천광역시 서구 석남동 223-930,공장,,주식회사에스엠건축사사무소,상신종합건설(주)
373,인천광역시 서구 석남동 223-927,공장,공장,건축사사무소 마을,삼성건축(주)
374,인천광역시 서구 오류동 1751-6 외1필지,단독주택,단독주택,CA건축사사무소,
375,인천광역시 서구 가좌동 583-1,업무시설,공공업무시설,예공건축사사무소,행천종합건설(주)
376,인천광역시 서구 연희동 97-4,제2종근린생활시설,사무소,(주)선광건축사사무소,
377,인천광역시 서구 가좌동 173-464,공장,위험물저장및처리시설,건축사사무소 마을,
378,인천광역시 서구 가좌동 595,업무시설,,(주)성도건축사사무소,(주)주함건설
379,인천광역시 서구 석남동 223-803,공장,,(주)나스디자인건축사사무소,(주)우영테크
380,인천광역시 서구 오류동 1651-2,공장,,종합건축사사무소 IB,
381,인천광역시 서구 가정동 루원시티 문화공원 3,문화및집회시설,전시장(쳬험장),미메즈건축사사무소,주식회사이룸건설산업
382,인천광역시 서구 오류동 1629-3,공장,사무실,찬건축사사무소,
383,인천광역시 서구 검암동 602-13,제1종근린생활시설,제1종근린생활시설,건축사사무소 마을,보화종합건설(주)
384,인천광역시 서구 가좌동 178-73,공장,,남경건축사사무소,(주)새미르종합건설
385,인천광역시 서구 가좌동 178-518,공장,,남경건축사사무소,(주)새미르종합건설
386,인천광역시 서구 왕길동 128-265 외1필지,제2종근린생활시설,제1종근린생활시설,건축사사무소 마을,
387,인천광역시 서구 석남동 223-882,공장,,에이스건축사사무소,(주)태일씨앤디종합건설
388,인천광역시 서구 마전동 628,제1종근린생활시설,소매점,삼익건축사사무소 주식회사,
389,인천광역시 서구 가좌동 178-507,공장,공장,건축사사무소 마을,삼성건축(주)
390,인천광역시 서구 마전동 1166-2,단독주택,,(주)엘림건축사사무소,
391,인천광역시 서구 가좌동 178-509,공장,공장,건축사사무소 마을,삼성건축(주)
392,인천광역시 서구 가좌동 178-508,공장,공장,건축사사무소 마을,시온건설종합(주)
393,인천광역시 서구 가좌동 178-511,공장,공장,건축사사무소 마을,시온건설종합(주)
394,인천광역시 서구 가좌동 178-517,공장,공장,건축사사무소 마을,삼성건축(주)
395,인천광역시 서구 가좌동 178-515,공장,공장,건축사사무소 마을,삼성건축(주)
396,인천광역시 서구 경서동 363-167 외1필지,공장,,건축사사무소원진,주식회사부천주물
397,인천광역시 서구 석남동 495-8,제1종근린생활시설,"제1,2종근린생활시설",연일건축사사무소,
398,인천광역시 서구 신현동 294-5,제1종근린생활시설,,연일건축사사무소,
399,인천광역시 서구 원창동 424-43,제2종근린생활시설,제조업소,(주)도림건축사사무소,주식회사산림공사
400,인천광역시 서구 원창동 424-44,제2종근린생활시설,제조업소,(주)도림건축사사무소,주식회사다원산업개발
401,인천광역시 서구 백석동 218-94,제1종근린생활시설,소매점,(주)다우종합건축사사무소,
402,인천광역시 서구 원창동 424-31,제2종근린생활시설,제조업소,(주)도림건축사사무소,주식회사성원씨앤디
403,인천광역시 서구 왕길동 128-103,제2종근린생활시설,"제1종근린생활시설,자동차관련시설,단독주택",에이원건축사사무소,
404,인천광역시 서구 오류동 395-160,제2종근린생활시설,제조업소,한서종합건축사사무소,
405,인천광역시 서구 오류동 395-231,제2종근린생활시설,제조업소,한서종합건축사사무소,
406,인천광역시 서구 오류동 1762-6,단독주택,,청도건축사사무소,
407,인천광역시 서구 백석동 218-32,제2종근린생활시설,수리점및 사무실,주식회사 종합건축사사무소 수,
408,인천광역시 서구 오류동 387 외3필지,제2종근린생활시설,,CA건축사사무소,주식회사태산미트
409,인천광역시 서구 석남동 650-185,공장,공장,건축사사무소마을,삼성건축(주)
410,인천광역시 서구 왕길동 128-304,제2종근린생활시설,제조업소,건축사사무소마을,
411,인천광역시 서구 가좌동 570-37,공장,,환건축사사무소,
412,인천광역시 서구 경서동 350-27,위험물저장및처리시설,,,한국가스공사
413,인천광역시 서구 오류동 1617-13,공장,창고(건조실),(주)마당건축사사무소,
414,인천광역시 서구 오류동 1622-2,공장,,종합건축사사무소 IB,
415,인천광역시 서구 석남동 470-3,제2종근린생활시설,제2종근린생활시설,(주)다우종합건축사사무소,
416,인천광역시 서구 석남동 470-7,제2종근린생활시설,제1종근린생활시설,(주)다우종합건축사사무소,
417,인천광역시 서구 경서동 689-2,공장,기타공장,건축사사무소 원진,
418,인천광역시 서구 석남동 650-182,공장,공장,건축사사무소 마을,시온건설종합(주)
419,인천광역시 서구 가좌동 173-551,공장,,정인건축사사무소,
420,인천광역시 서구 오류동 395-82 외1필지,단독주택,,주식회사 건축사사무소에스엔씨,
421,인천광역시 서구 오류동 395-90 외1필지,제2종근린생활시설,일반음식점,주식회사 건축사사무소에스엔씨,
422,인천광역시 서구 금곡동 597 외1필지,제2종근린생활시설,제2종근린생활시설,건축사사무소 마을,
423,인천광역시 서구 금곡동 597 외1필지,제2종근린생활시설,제2종근린생활시설,건축사사무소 마을,
424,인천광역시 서구 금곡동 597 외1필지,제2종근린생활시설,제2종근린생활시설,건축사사무소 마을,
425,인천광역시 서구 연희동 740-8,제2종근린생활시설,"수리점, 창고",신흥건축사사무소,
426,인천광역시 서구 금곡동 651,제2종근린생활시설,근린생활시설,한서종합건축사사무소,
427,인천광역시 서구 금곡동 아이푸드파크 3블럭 3로트,공장,식품공장,CA건축사사무소,
428,인천광역시 서구 오류동 434-210,자원순환관련시설,자원순환관련시설,건축사사무소 마을,
429,인천광역시 서구 석남동 223-916,공장,공장,건축사사무소 마을,삼성건축(주)
430,인천광역시 서구 마전동 914-11,제1종근린생활시설,제1종근린생활시설(소매점),(주)선광건축사사무소,
431,인천광역시 서구 시천동 3-4,제2종근린생활시설,제조업체,건축사사무소 HAP,
432,인천광역시 서구 청라동 11-23,의료시설,,상목 건축사사무소,(주)이엘큐브
433,인천광역시 서구 가좌동 178-494,공장,,남경건축사사무소,(주)새미르종합건설
434,인천광역시 서구 가좌동 178-496,공장,,남경건축사사무소,(주)새미르종합건설
435,인천광역시 서구 가좌동 178-502,공장,,남경건축사사무소,(주)새미르종합건설
436,인천광역시 서구 가좌동 178-498,공장,,남경건축사사무소,(주)새미르종합건설
437,인천광역시 서구 가좌동 178-495,공장,,남경건축사사무소,(주)새미르종합건설
438,인천광역시 서구 가좌동 178-500,공장,,남경건축사사무소,(주)새미르종합건설
439,인천광역시 서구 가좌동 178-493,공장,,남경건축사사무소,(주)새미르종합건설
440,인천광역시 서구 가좌동 178-501,공장,,남경건축사사무소,(주)새미르종합건설
441,인천광역시 서구 가좌동 178-499,공장,,남경건축사사무소,(주)새미르종합건설
442,인천광역시 서구 오류동 321-6,제2종근린생활시설,,에이원건축사사무소,
443,인천광역시 서구 가좌동 178-503,공장,,남경건축사사무소,(주)새미르종합건설
444,인천광역시 서구 심곡동 344-6,제2종근린생활시설,사무소,(주)건축사사무소유신건축,
445,인천광역시 서구 가좌동 122-4,제1종근린생활시설,및2종근린생활시설및 운동시설,원건축사사무소,
446,인천광역시 서구 백석동 212-110,위험물저장및처리시설,위험물저장소,,
447,인천광역시 서구 석남동 115-8,제1종근린생활시설,배수지-검수구실,(주)무한건축사사무소,진성종합건설(주)
448,인천광역시 서구 경서동 737-5,제2종근린생활시설,"1종근생(소매점), 2종근생(고시원,사무소),단독주택",건축사사무소 동호,
449,인천광역시 서구 원창동 382-7,공장,,(주)미래환경종합건축사사무소,(주)기현건설
450,인천광역시 서구 석남동 650-180,공장,공장,건축사사무소 마을,시온건설종합(주)
451,인천광역시 서구 왕길동 128-9 외3필지,제2종근린생활시설,제1종근린생활시설,(주)원종합건축사사무소,
452,인천광역시 서구 마전동 72-10,제1종근린생활시설,건축자재소매점,삼익건축사사무소 주식회사,
453,인천광역시 서구 대곡동 36-30,단독주택,,바론 건축사사무소,
454,인천광역시 서구 대곡동 189,제1종근린생활시설,소매점,한서종합건축사사무소,
455,인천광역시 서구 백석동 212-159 외1필지,제2종근린생활시설,제조업소-사무실,에이원건축사사무소,
456,인천광역시 서구 대곡동 186-7,제1종근린생활시설,소매점,한서종합건축사사무소,
457,인천광역시 서구 경서동 381-93,공장,,창진건축사사무소,
458,인천광역시 서구 대곡동 25-5,제1종근린생활시설,소매점,한서종합건축사사무소,
459,인천광역시 서구 대곡동 36-4,단독주택,,바론건축사사무소,
460,인천광역시 서구 대곡동 36-4,단독주택,,임종합건축사사무소,
461,인천광역시 서구 대곡동 36-4,단독주택,,바론건축사사무소,
462,인천광역시 서구 대곡동 36-4,단독주택,,바론건축사사무소,
463,인천광역시 서구 금곡동 507-19 외1필지,제2종근린생활시설,제조업소,진성건축사사무소,주식회사에스엘디앤씨
464,인천광역시 서구 금곡동 218-6,제1종근린생활시설,소매점,아키그룹 성창건축사사무소,금성건설(주)
465,인천광역시 서구 오류동 1507,제2종근린생활시설,제조업소,한서종합건축사사무소,
