﻿,0,1,2,3,4,5,6
0,교육장명,소재지,연락처,강의내용,강의실,수용인원,기준일자
1,광양읍정보화교육장,"광양읍 남등길 6 광양읍사무소(칠성리, 2층)",061-797-2464,"컴퓨터기초,스마트폰활용,엑셀,한글,파워포인트,블로그,동영상편집,IT정보경진대회",1,20,2022-05-06
2,중마동정보화교육장,"중마중앙로 119 중마동주민센터(중동, 4층)",061-797-2464,"컴퓨터기초,스마트폰활용,엑셀,한글,파워포인트,블로그,동영상편집,IT정보경진대회",2,19,2022-05-06
3,광영동정보화교육장,"정수길 2 당산경모정(광영동, 2층)",061-797-2464,"컴퓨터기초,스마트폰활용,엑셀,한글,파워포인트,블로그,동영상편집,IT정보경진대회",1,20,2022-05-06
4,금호동정보화교육장,"희망길 42(금호동, 1층)",061-797-2464,"컴퓨터기초,스마트폰활용,엑셀,한글,파워포인트,블로그,동영상편집,IT정보경진대회",1,24,2022-05-06
