﻿,0,1,2,3,4,5,6,7,8,9,10
0,소재지도로명주소,소재지지번주소,세부설치장소,개소일자,평일운영시작시간,평일운영종료시간,주말운영시작시간,주말운영종료시간,도서비치가능수량,관리기관,대표전화번호
1,강원도 춘천시 시청길 11(옥천동),강원도 춘천시 옥천동 111-1 춘천시청,춘천시청 2층 외부 필로티공간,2018-07-02,5:00,1:00,5:00,1:00,350,춘천시립도서관,033-245-5102
2,강원도 춘천시 영서로 2260(퇴계동),강원도 춘천시 퇴계동 633-2 남춘천역,남춘천역 1층 하부공간,2020-09-15,5:00,1:00,5:00,1:00,420,춘천시립도서관,033-245-5102
3,강원도 춘천시 옛경춘로 830-24,강원도 춘천시 삼천동 28-79 춘천시립청소년도서관,춘천시립청소년도서관 주차장,2021-07-27,0:00,0:00,0:00,0:00,400,춘천시립청소년도서관,033-245-5792
