﻿,0,1,2,3,4,5,6,7
0,명칭,주소,위도,경도,보유호수,비고,관리기관_전화번호,행정동
1,도전숙 1호,서울특별시 성북구 보국문로12길 46,37.60962,127.01127,21개,1인형,02-2241-3984,정릉4동
2,도전숙 2호,서울특별시 성북구 보국문로14길 18-5,37.609787,127.01092,15개,1인형,02-2241-3984,정릉4동
3,도전숙 3호,서울특별시 성북구 보국문로16길 24,37.611057,127.009514,19개,1인형,02-2241-3984,정릉4동
4,도전숙 4호,서울특별시 성북구 보국문로8다길 67,37.609413,127.01207,8개,부부형,02-2241-3984,정릉2동
5,도전숙 5호,서울특별시 성북구 서경로18길 30-1,37.61197,127.01431,10개,1인형,02-2241-3984,정릉1동
6,도전숙 6호,서울특별시 성북구 서경로18길 30-3,37.612007,127.014435,16개,1인형,02-2241-3984,정릉1동
7,도전숙 7호,서울특별시 성북구 지봉로24길 70-6,37.58206,127.02013,12개,1인형,02-2241-3984,보문동
8,도전숙 8호,서울특별시 성북구 장위로19길 25,37.615143,127.04326,15개,부부형+1인형,02-2241-3984,장위1동
9,도전숙 9호,서울특별시 성북구 장위로19길 25,37.615143,127.04326,15개,부부형+1인형,02-2241-3984,장위1동
10,도전숙10호,서울특별시 성북구 보문로13다길 7-6,37.580274,127.020021,12개,부부형+1인형,02-2241-3984,보문동
11,도전숙11호,서울특별시 성북구 서경로13길 29,37.609945,127.014406,14개,1인형,02-2241-3984,정릉2동
12,도전숙12호,서울특별시 성북구 보문로29가길 48,37.589095,127.015231,17개,1인형,02-2241-3984,삼선동
13,도전숙13호,서울특별시 성북구 동소문로25가길 22,37.595745,127.019345,16개,1인형,02-2241-3984,동선동
14,도전숙14호,서울특별시 성북구 종암로14길 19-4,37.597574,127.036373,13개,1인형,02-2241-3984,종암동
