﻿,0,1,2,3,4
0,건축사사무소 명,대표자,주소,연락처,기준일자
1,을지건축,박정호,전라남도 보성군 보성읍 송재로 170,061-853-0370,2022-05-16
2,창작건축,김성진,전라남도 보성군 보성읍 송재로 185-3,061-852-8060,2022-05-16
3,희원건축,이정호,전라남도 보성군 보성읍 송재로 164-1,061-853-5587,2022-05-16
4,삼보건축,손주열,전라남도 보성군 보성읍 송재로 177,061-853-0603,2022-05-16
5,신우건축,김병석,전라남도 보성군 보성읍 송재로 157,061-852-0618,2022-05-16
6,조건축,조용조,전라남도 보성군 보성읍 송재로 166,061-852-7884,2022-05-16
7,나눔건축,조희수,전라남도 보성군 보성읍 송재로 151,061-852-6247,2022-05-16
8,가로건축,박은비,전라남도 벌교읍 벌교반룡길 11,,2022-05-16
