﻿,0,1,2,3,4,5
0,연번,시설명,동수,층수,연면적 ,용도
1,1,본관동,1,4,4144,강의실 및 사무실
2,2,훈련탑,1,7,581,현장훈련 및 사무실
3,3,보조훈련탑,1,6,390,암벽등반 및 로프훈련
4,4,실화재훈련장,1,2,191,실화재훈련
5,5,야외교육장,1,1,166,야외교육훈련
6,6,호흡보호정비실,1,1,153,공기충전시설
7,7,생활관,1,4,3308,교육생 숙박
8,8,차량전시장,1,1,253,차고
9,9,창고,1,1,67,창고
10,10,기자재창고,1,1,75,창고
11,11,야외화장실,1,1,148,화장실
12,12,주차동,1,1,176,차고
13,13,다목적훈련센터(구축중),1,4,4941,훈련시설
