﻿,0,1,2,3,4
0,과정명,교육대상,기간,횟수,인원
1,119생활안전구조,소방위이하,1주,2,87
2,화생방 테러대응,선발요원,1주,1,40
3,소방차량 운용능력향상,소방위이하,1주,1,43
4,인명구조사 1급,선발요원,5주,1,30
5,건강관리향상,선발요원,3일,1,40
6,소방검사실무,전직원,3주,2,104
7,위험물검사실무,전직원,3주,2,104
8,인명구조사 보수,인명구조사,1일,2,107
9,소방가족체험,소방공무원가족,2일,1,20
10,의용소방대 전문교육,의용소방대원,1일,2,78
11,전담의용소방대 전문화,전담 의용소방대원,1일,1,48
12,119소방체험,"사회취약계층, 일반인",1일,4,140
