﻿,0,1,2,3,4,5,6,7,8,9,10,11
0,연번,시설명,도로명주소,대표자,전화번호,팩스,주요프로그램,이용인원,면적,운영시간,비고,데이터기준일자
1,1,사하문화노인대학(사하노인문화교실),부산광역시 사하구 하신번영로 155 (신평동),권삼진,051-202-8810,051-205-5864,"기체조, 노래교실",60,130㎡,13:30~15:30(월),2022-05-10,
2,2,두송종합사회복지관(두송노인대학),부산광역시 사하구 다송로 59 (다대동),김태형,051-265-9471,051-265-9475,"교양강의, 레크리에이션, 만들기특강",35,108㎡,14:00~16:00(목),2022-05-10,
3,3,부산감천청춘 복지노인교실,부산광역시 사하구 옥천로 12 (감천동),이훈,051-205-0708,051-205-0711,만들기특강(키트제공),32,132.2㎡,13:00~15:00(목),2022-05-10,
4,4,사하구종합사회복지관(사하복지노인교실),부산광역시 사하구 감내2로 21 (감천동),김보수,051-293-2688,"금융교육, 디지털교육, 교양교육",50,100㎡,13:30~16:00(금),2022-05-10,,
5,5,몰운대종합사회복지관(내원장수대학),부산광역시 사하구 다대낙조2길 17 (다대동),김민아,051-264-9033,051-264-9032,"건강체조, 요가, 라인댄스, 캘리그라피",100,35㎡,"14:00~15:00(수), 15:30~16:30(수), 14:00~15:00(목), 15:30~16:30(목)","건강체조(수), 요가(수), (라인댄스(목), 캘리그라피(목)",2022-05-10
6,6,삼풍노인교실,"부산광역시 사하구 사하로 157(괴정동, 괴정삼풍아파트)",소숙희,051-206-9763,바둑,10,300㎡,현재 강의 미실시,코로나19로 회원수가 적어 현재 강의 미실시,2022-05-10,
7,7,구평종합사회복지관(구평노인대학),부산광역시 사하구 을숙도대로 744 (구평동),황은일,051-263-3045,051-263-3043,"한글교실(초급반, 중급반)",20,214㎡,"09:00~10:30(월,수), 11:00~12:30(월,수)","초급반(9시수업), 중급반(11시수업)",2022-05-10
8,8,서부산실버대학,부산광역시 사하구 비봉로64(신평동),신수용,"웃음치료, 체조, 마인드강의, 노래교실",40,439.32㎡,14:00~15:00(화),비대면수업(유튜브 제작하여 강의 진행),2022-05-10,,
