﻿,0,1,2,3,4,5,6
0,종목명,과목명,과목순서,교시번호,문항수,수험시간,등록일
1,기술직,근로자퇴직급여보장법,4,1,2,2,2014-09-24
2,기술직,기간제및단시간근로자보호등에관한법률,5,1,2,2,2014-09-24
3,행정직,근로자직업능력개발법,12,1,7,7,2014-09-24
4,행정직,직업안정법,13,1,3,3,2014-09-24
5,일반기계기사,기계재료및유압기기,4,1,20,30,2022-04-01
6,일반기계기사,기계제작법및기계동력학,5,1,20,30,2022-04-01
7,용접기사,기계제작법,1,1,20,30,2022-04-01
8,용접기사,용접일반및안전관리,5,1,20,30,2022-04-01
9,농업기계기사,재료역학,1,1,20,30,2022-04-01
10,사출금형설계기사,기계제작법,2,1,20,40,2022-04-01
11,사출금형설계기사,금속재료학,3,1,20,35,2022-04-01
12,사출금형설계기사,정밀계측,4,1,20,30,2022-04-01
13,프레스금형설계기사,금형설계,1,1,20,30,2022-04-01
14,프레스금형설계기사,기계제작법,2,1,20,30,2022-04-01
