﻿,0,1,2,3,4,5,6,7
0,종목명,종목영문명,해당등급,사용여부,해당등급등록일,종목등록일,입고대상여부,시행여부
1,도자공예기능사,Craftsman Pottery Handicraft,기능사,Y,2014-06-23,2014-06-23,Y,현재시행
2,산업기계정비기능사2급,기능사,Y,2014-06-23,2014-06-23,N,폐지,
3,발전기계설비기능사2급,기능사,Y,2014-06-23,2014-06-23,N,폐지,
4,제과기능장,Master Craftsman Confectionary Making,기능장,Y,2014-06-23,2014-06-23,Y,현재시행
5,미용장,Master hairdresser,기능장,Y,2014-06-23,2014-06-23,Y,현재시행
6,금속다기능기술자,Metal Technician,산업기사,Y,2014-06-23,2014-06-23,N,폐지
