﻿,0,1,2,3,4,5,6,7,8,9,10
0,센터명,강좌명,강사명,교육시작일자,교육종료일자,강좌내용,교육대상구분,교육방법구분,운영요일,강좌정원수,데이터기준일자
1,광주시청자미디어센터,"인생사진, 네 컷으로 담아내기",이슬,2022-05-23,2022-05-27,"스마트폰 촬영, 편집어플 활용 교육",일반시민,오프라인,"월,화,수,목,금",15,2022-05-10
2,광주시청자미디어센터,메타버스. 지금 출발합니다.,김현정,2022-05-23,2022-05-26,메타버스 플랫폼 역할과 기능 이해,일반시민,오프라인,"월,화,수,목",20,2022-05-10
3,광주시청자미디어센터,시니어 드론하고 놀며 찍고 영상도 만들고,미디어봉사단S,2022-05-31,2022-06-24,시니어 드론촬영 편집 교육,만55세이상 일반시민,오프라인,"화,목",15,2022-05-10
4,광주시청자미디어센터,시니어 드론아 놀자,미디어봉사단S,2022-05-06,2022-05-27,시니어 드론 활용 기초 교육,만55세이상 일반시민,오프라인,"화,금",15,2022-05-10
5,인천시청자미디어센터,라디오제작단 양성과정 1기,"한광수,김용석",2022-04-16,2022-06-25,오디오 콘텐츠 제작과정 전반,일반시민,오프라인,토,12,2022-05-10
6,인천시청자미디어센터,감성 듬뿍 라이트룸 보정법,신영신,2022-05-10,2022-05-27,라이트룸 활용한 사진 보정법 실습,일반시민,온라인,"화,금",20,2022-05-10
7,인천시청자미디어센터,나만 알고 싶은 All-in-One 영상제작법,최진훈,2022-05-09,2022-05-25,영상제작 기초 과정,일반시민,오프라인,"월,수,금",12,2022-05-10
8,인천시청자미디어센터,초보 유튜버를 위한 채널 입문 가이드,조희주,2022-05-07,2022-06-11,유튜브 채널 개설 및 콘텐츠 업로드,일반시민,오프라인,토,12,2022-05-10
9,인천시청자미디어센터,도전! 애프터이펙트 4주 마스터,문성철,2022-05-10,2022-06-02,애프터이펙트 중급 활용,일반시민,오프라인,"화,목",12,2022-05-10
10,인천시청자미디어센터,사랑이 가득한 가족 영상앨범,송하령,2022-05-14,2022-05-14,스마트폰 활용 가족 영상앨범 제작,일반시민,오프라인,토,30,2022-05-10
11,부산시청자미디어센터,스마트폰 영상제작 A to Z,이준욱,2022-05-07,2022-06-04,"스마트폰을 활용한 영상기획부터 촬영, 편집까지 배워보고 간단한 영상을 최종적으로 완성해보는 기초제작교육",센터정회원,오프라인,토,12,2022-05-10
12,부산시청자미디어센터,프리미어 프로 '자막편집 완전정복',이미정,2022-05-11,2022-05-19,프리미어 프로의 신규 업데이트 기능 중 하나인 '음성 자동 자막변환' 사용법을 알아보고 자막편집에 사용되는 다양한 편집기술을 실습해보는 중급교육,센터정회원,오프라인,"수,목",15,2022-05-10
13,부산시청자미디어센터,영상제작 첫걸음,정승언,2022-05-18,2022-06-08,"영상제작의 원리와 구성, 촬영과 편집의 기술적 과정들을 배워보고 5분 이내의 영상 창작물을 완성해보는 기초제작교육",센터정회원,오프라인,"수,금",12,2022-05-10
14,부산시청자미디어센터,내레이션 기초 '내 목소리에 색을 입히자',김지현,2022-05-23,2022-05-27,"호흡, 발음, 발성 등 내레이션의 기본 이론을 학습한 후 라디오, 다큐멘터리 내레이션 등 개인별 녹음실습을 진행하는 기초교육",센터정회원,오프라인,"월,수,금",10,2022-05-10
15,세종시청자미디어센터,[가족 미디어학교] 우리 가족 드론 영상 만들기,허윤기,2022-05-14,2022-05-28,가족 드론 영상 제작,가족,오프라인,토,15,2022-05-10
16,세종시청자미디어센터,[가족 미디어학교] 온 가족이 함께하는 이모티콘 만들기,한민,2022-05-14,2022-05-21,이모티콘 만들기,가족,오프라인,토,15,2022-05-10
17,세종시청자미디어센터,[가족 미디어학교] 같이할래 미디어멍,송선영,2022-05-14,2022-05-28,영상 제작,가족,오프라인,토,15,2022-05-10
18,세종시청자미디어센터,[가족 미디어학교] 내 손으로 만드는 우리 가족사진,김영아,2022-05-28,2022-05-28,사진 교육,가족,오프라인,토,15,2022-05-10
19,세종시청자미디어센터,[가족 미디어학교] 우리 아이를 위한 방송스피치,김유란,2022-05-09,2022-05-25,키즈 크리에이터를 위한 방송 스피치 교육,초등학생,오프라인,"월,수",10,2022-05-10
20,세종시청자미디어센터,프리미어 프로와 친해지기,김지수,2022-05-09,2022-05-25,프리미어 프로 편집 기초,성인,오프라인,"월,수",14,2022-05-10
21,세종시청자미디어센터,알쓸미잡  - 알아두면 쓸모있는 미디어 잡학사전,인수희,2022-05-17,2022-05-19,영화로 배우는 미디어 리터러시,성인,오프라인,"화,목",10,2022-05-10
22,강원시청자미디어센터,도전! 1인 크리에이터,김범준,2022-05-09,2022-05-20,1인미디어 채널을 개설하고 운영 할 수 있다,일반시민,오프라인,"월,수,금",16,2022-05-10
23,강원시청자미디어센터,드론배움터_실전,장정우,2022-05-09,2022-05-23,드론을 원하는대로 조종할 수 있다,일반시민,오프라인,월,15,2022-05-10
24,강원시청자미디어센터,유튜브 채널기획 한번에 끝내기,김범준,2022-05-16,2022-05-31,1인미디어 채널 운영을 위한 기초과정을 배운다,일반시민,온라인,"월,화,수,목,금,토,일",50,2022-05-10
25,강원시청자미디어센터,미디어속 통계읽기,장정우,2022-05-16,2022-05-31,미디어 속 통계자료를 올바르게 해석 할 수 있다,일반시민,온라인,"월,화,수,목,금,토,일",50,2022-05-10
26,강원시청자미디어센터,미리캔버스 손쉽게 정복하기,이기종,2022-05-16,2022-05-31,디자인 플랫폼에 대한 접근성을 높여 교육이후 자발적인 콘텐츠를 제작한다,일반시민,온라인,"월,화,수,목,금,토,일",50,2022-05-10
27,충북시청자미디어센터,나를 찾는 인생편집여행(다빈치리졸브),전준현,2022-05-10,2022-05-24,다빈치리졸브 프로그램을 활용한 기초 영상 편집 교육,"일반시민,정회원",온오프라인,화,15,2022-05-10
28,충북시청자미디어센터,쉽게 배우는 드론 교육,안종미,2022-05-11,2022-05-14,드론 이론 및 실내 비행 실습 교육,"일반시민,정회원",오프라인,"수,목,금,토",15,2022-05-10
29,충북시청자미디어센터,"손 안의 작은 세상, 스마트폰 브이로그 만들기",한민,2022-05-17,2022-05-24,스마트폰을 활용한 일상 기록 영상 제작교육,"일반시민,정회원",오프라인,"화,목",20,2022-05-10
30,충북시청자미디어센터,보이는 라디오 제작교육 '미담제작소',정선,2022-05-09,2022-05-26,주변의 미담을 소개하는 영상+라디오 제작교유,"일반시민,정회원",오프라인,"월,목",20,2022-05-10
31,서울시청자미디어센터,시니어대상 뉴미디어 활용 길라잡이,김민호,2022-05-30,2022-05-30,시니어대상 뉴미디어 활용 교육,일반시민,오프라인,수,15,2022-05-10
32,서울시청자미디어센터,360도 영상콘텐츠+ 오큘러스를 활용한 메타버스,전진규,2022-05-17,2022-05-26,가상현실 이해 및 오큘러스 활용 교육,일반시민,오프라인,"화,목",8,2022-05-10
33,서울시청자미디어센터,나의 팟캐스트 이야기,김용석,2022-05-10,2022-05-20,팟캐스트 제작 교육,일반시민,오프라인,"화,수,금",15,2022-05-10
34,서울시청자미디어센터,프리미어 영상제작 기초!,최진훈,2022-05-16,2022-05-27,프리미어 활용 교육(초급),일반시민,오프라인,"월,수,금",15,2022-05-10
35,서울시청자미디어센터,웹드라마 작가 1일차입니다,유지나,2022-05-17,2022-05-27,웹드라마 기획 교육,일반시민,오프라인,"화,수,금",15,2022-05-10
36,서울시청자미디어센터,1인미디어제작실 원데이 클래스,김민호,2022-05-16,2022-05-16,1인미디어제작실 활용 교육,일반시민,오프라인,월,5,2022-05-10
37,서울시청자미디어센터,녹음실 원데이클래스,김용석,2022-05-16,2022-05-16,녹음실 활용 교육,일반시민,오프라인,월,5,2022-05-10
38,경기시청자미디어세터,VR 콘텐츠 제작 _ VR에선 나도 고흐가 될 수 있다!,신은희,2022-05-06,2022-05-27,VR 기기와 드로잉 프로그램을 활용한 가상공간 속 드로잉 교육,일반시민,오프라인,"수,금",10,2022-05-10
39,경기시청자미디어세터,VR 콘텐츠 제작 _ VR에선 나도 고흐가 될 수 있다!,신은희,2022-05-09,2022-05-30,VR 기기와 드로잉 프로그램을 활용한 가상공간 속 드로잉 교육,일반시민,오프라인,"수,금",10,2022-05-10
40,경기시청자미디어세터,"나를 PR하라, 자기소개 영상 제작",이지현,2022-05-14,2022-06-04,스마트폰을 활용한 자기소개 영상제작 실습 교육(취창업지원),일반시민,온라인,토,20,2022-05-10
41,경기시청자미디어세터,우리가족 뉴스 만들기,주완건,2022-05-07,2022-05-28,뉴스제작에 대해 이해하고 우리가족 이야기를 소재로 콘텐츠를 제작,일반시민,온오프라인,"수,토",15,2022-05-10
42,경기시청자미디어세터,"나도 크리에이터, 나만의 브이로그 만들기",강경화,2022-05-09,2022-05-25,1인 미디어에 대한 이해 및 v-log 콘텐츠 제작,일반시민,오프라인,"월,수",15,2022-05-10
43,경기시청자미디어세터,빅데이터 분석 체험하기,송민호,2022-05-10,2022-05-26,빅데이터 개념 이해 및 미디어 관련 빅데이터 수집 및 분석,일반시민,온라인,"화,목",20,2022-05-10
44,대전시청자미디어센터,(원데이) 대전시민관객나들이_ 영화로 힐링하는 나의 마음 속 이야기,변찬미,2022-05-04,2022-05-04,"어른을 위한 힐링영화를 함께 감상하고, 마음 속을 들여다보는 영화 감상 프로그램",일반시민,오프라인,수,10,2022-05-10
45,대전시청자미디어센터,(원데이) 동화로 만나는 미디어 탐구생활,한민,2022-05-07,2022-05-07,동화 '아기돼지 삼형제'를 활용한 어린이 미디어 리터러시 수업,아동(초등학생),오프라인,토,15,2022-05-10
46,대전시청자미디어센터,시민 사진작가 프로젝트,안제원,2022-05-09,2022-05-25,"스마트폰,디지털카메라 사진 촬영 및 보정법을 배울 수 있는 기초강의",일반시민,오프라인,"월,수",10,2022-05-10
47,대전시청자미디어센터,단편영화 제작 워크숍,김상은외1,2022-05-09,2022-05-30,팀을 구성해 단편영화를 제작하는 영상 제작 실습 수업,청년(20세~),오프라인,"월,수,금",10,2022-05-10
48,대전시청자미디어센터,시니어 프리미어 프로 활용,박오덕,2022-05-10,2022-05-19,컴퓨터 영상 편집 제작 툴 '프리미어 프로'의 중급 기능을 알아볼 수 있는 교육,중장년(50세~),오프라인,"화,목",15,2022-05-10
49,대전시청자미디어센터,(이러닝)디지털 세계 속 개인정보 보호,장여경,2022-05-02,2022-05-27,"디지털 세계 속 개인정보 유출 문제를 확인하고, 보호 방법을 알아보는 수업",일반시민,온라인,"월,화,수,목,금,토,일",30,2022-05-10
50,울산시청자미디어센터,영상제작중급_미니다큐멘터리 제작과정,남진우,2022-04-19,2022-05-17,"영상제작과정을 이해하고, 캠코더(X70)와 프리미어프로를 활용해 미니다큐멘터리를 제작해보는 중급 과정",사회일반,오프라인,화목,10,2022-05-10
51,울산시청자미디어센터,처음 시작하는 포토샵 활용교육,박영희,2022-05-07,2022-05-28,인물 사진의 완성도를 높이는 포토샵 기초 활용교육,사회일반,오프라인,토,20,2022-05-10
52,울산시청자미디어센터,"귀로 듣는 책, 오디오북 만들기",정욱교,2022-05-13,2022-05-23,"오디오북의 개념과 녹음, 낭독, 편집방법에 대한 이해를 바탕으로 콘텐츠 제작",사회일반,온라인,"월,수,금",30,2022-05-10
53,울산시청자미디어센터,녹음실 시설활용교육,이창수,2022-05-17,2022-05-17,"녹음실2 시설활용(오디오 장비, 맥, 프로툴) 교육 후 녹음 실습 진행",사회일반,오프라인,화,10,2022-05-10
54,울산시청자미디어센터,얼렁뚱땅~! 우리가족 음악 만들기,강선화,2022-05-21,2022-05-21,뮤직크롬랩 어플을 활용한 우리가족 음악 만들기,초등학생,오프라인,토,20,2022-05-10
55,울산시청자미디어센터,슥슥삭삭~! 우리가족 이모티콘 만들기,강선화,2022-05-21,2022-05-21,미디어패드를 활용한 우리가족 이모티콘 만들기,초등학생,오프라인,토,20,2022-05-10
56,울산시청자미디어센터,영상제작심화_단편영화제작워크숍,남진우,2022-05-24,2022-06-16,"울주멘터리, 시민감독데뷔전 출품을 목표로 단편영화 또는 영상물을 제작해보는 심화과정",사회일반,오프라인,"화,목",20,2022-05-10
57,울산시청자미디어센터,라디오제작기초교육_랄랄라라디오,이경희,2022-05-03,2022-06-07,"라디오 프로그램 제작 교육을 통해 공동체 라디오, 마을라디오, 팟캐스트 제작자 및 참여자 양성",사회일반,오프라인,화,20,2022-05-10
58,울산시청자미디어센터,스마트폰 초단편영화 제작과정,박재현,2022-05-11,2022-06-22,"스마트폰을 활용해 5분 이내 초단편영화를 기획, 촬영, 편집, 상영해보는 제작과정",사회일반,오프라인,"수,금",20,2022-05-10
