﻿,0,1,2,3,4,5,6
0,기준연도,구분,구역번호,구역명,위치,세대수,비고
1,2021,재개발,제 1 구역,대명3동 뉴타운주택 재개발정비사업 ,대구광역시 남구 대명3동 2301-2번지(명덕로12길 116) 일원(구 대구대학교 남편) ,2126,
2,2021,재개발,"제 5, 6, 8 구역",대명2동 명덕지구주택 재개발정비사업 ,대구광역시 남구 대명2동 2017-2번지(중앙대로52길 48) 일원(남구 보건소 동편) ,1758,
3,2021,재개발,제 9 구역,문화지구주택 재개발정비사업 ,대구광역시 남구 이천동 474-1번지(이천로 105-5) 일원(월드메르디앙 동편) ,924,
4,2021,재개발,제 10 구역,봉덕1동구역 주택 재개발정비사업 ,대구광역시 남구 봉덕1동 512-8번지(봉덕로9길 89-194) 일원(캠프조지 동편) ,613,
5,2021,재개발,제 4 구역,상록주택 재개발정비사업 ,대구광역시 남구 대명2동 1959-27번지(중앙대로35길 22-6) 일원(대구교육대학 남편) ,975,
6,2021,재개발,제 15 구역,배나무골 주택 재개발정비사업 ,대구광역시 남구 이천동 281-1번지(대봉로 146) 일원(대봉초등학교 서편) ,433,
7,2021,재개발,제 17 구역,봉덕1동 우리주택 재개발정비사업 ,대구광역시 남구 봉덕1동 976-1번지 일원(봉덕시장 인근) ,1091,
8,2021,재개발,제 19 구역,서봉덕주택 재개발정비사업 ,대구광역시 남구 봉덕2동 540-1번지(이천로10길 50) 일원(봉덕2동주민센터 인근) ,538,
9,2021,재개발,제 22 구역,용두지구주택 재개발정비사업 ,대구광역시 남구 봉덕2동 916-10번지(용두방천4길 42-7) 일원(중동교 남편) ,622,
10,2021,재개발,제 23 구역,봉덕대덕주택 재개발정비사업 ,대구광역시 남구 봉덕2동 1028-1번지(대덕로38길 19) 일원(현대홈타운 동편) ,855,
11,2021,재개발,제 24 구역,봉덕신촌주택 재개발정비사업 ,대구광역시 남구 봉덕2동 1064번지(대덕로36길 42) 일원(효성타운 북편) ,431,
12,2021,재개발,제 25 구역,봉덕2동 효동지구주택 재개발정비사업 ,대구광역시 남구 봉덕2동 1065-44번지(신촌1길 20) 일원(효성타운 북편) ,,
13,2021,재개발,제 26 구역,봉덕연립주택 재개발정비사업 ,대구광역시 남구 봉덕2동 1170-18번지(앞산순환로 702) 일원(효성타운 남편) ,,
14,2021,재개발,제 30 구역,남중지구주택 재개발정비사업 ,대구광역시 남구 봉덕3동 545-5번지(봉덕로 32) 일원(관음사 동편) ,,정비구역해제
15,2021,재개발,제 33 구역,대명5동 3통구역주택 재개발정비사업 ,대구광역시 남구 대명5동 315-1번지 일원(영대병원 남편) ,,
16,2021,재개발,제 35 구역,앞산점보주택 재개발정비사업 ,대구광역시 남구 대명5동 1701-1번지( 현충로26길 64) 일원(남부경찰서 서편) ,1713,
17,2021,재개발,제 36 구역,대명4동주택 재개발정비사업 ,대구광역시 남구 대명4동 3020-1번지(대경길 311)(경상공고～성당시장 사이) ,3064,
18,2021,재개발,제 41 구역,대덕주택 재개발정비사업 ,대구광역시 남구 대명10동 1608-1번지(대명복개로 138-1) 일원(국민연금관리공단 인근) ,,
19,2021,재개발,제 42 구역,대명10동 42구역주택 재개발정비사업 ,대구광역시 남구 대명10동 1598-8번지(대명복개로3길 32) 일원(달성교육청 인근) ,,
20,2021,재개발,제 43 구역,대명10동 43구역주택 재개발정비사업 ,대구광역시 남구 대명10동 1595-1번지(대명로13길 23) 일원(남대구세무서 인근) ,,
21,2021,재건축,제 3 구역,대명3지구주택 재건축정비사업 ,대구광역시 남구 대명2동 1850번지(중앙대로31길 87-9) 일원(영남대학병원 북편),,
22,2021,재건축,제 21 구역,선주주택 재건축정비사업 ,대구광역시 남구 봉덕2동 1015-1번지(대덕로35길 21) 일원(봉덕천주교회 서편),499,
23,2021,재건축,제 28 구역,앞산보성아파트주택 재건축정비사업 ,대구광역시 남구 봉덕3동 1329번지(삼정2길 99)(앞산보성아파트),,
24,2021,재건축,제 29 구역,봉덕3-20주택 재건축정비사업 ,대구광역시 남구 봉덕3동 1361-5번지(효서2길 24) 일원(앞산보성아파트 북편),493,
25,2021,재건축,제 38 구역,대명1동 앵두주택 재건축정비사업 ,대구광역시 남구 대명1동 1223-27번지(두류공원로18길 12) 일원(세종맨션 일대),1304,
26,2021,재건축,제 39 구역,파크아파트주택 재건축정비사업 ,대구광역시 남구 대명10동 1633번지(대명복개로 230) 일원(파크맨션),,
27,2021,재건축,제 40 구역,개나리아파트주택 재건축정비사업 ,대구광역시 남구 대명10동 1635번지(대명로 117) 일원(개나리맨션),,
28,2021,재건축,제 44 구역,대명6동 44구역주택 재건축정비사업 ,대구광역시 남구 대명6동 1111번지(대명로 42) 일원(코스모스아파트),967,
29,2021,재건축,제 46 구역,이천동A지구 재건축정비사업 ,대구광역시 남구 이천동 361-16번지(희망로5길 12) 외 275필지 - 대성유니드,635,
30,2021,재건축,제 47 구역,월드메르디앙 재건축정비사업 ,대구광역시 남구 이천동 452번지(이천로19길 68) 외 175필지 - 월드메르디앙,361,
31,2021,재건축,제 48 구역,이천동한마음 재건축정비사업 ,대구광역시 남구 이천동 295-7번지(대봉로32길 7-26) 외 220필지,412,
32,2021,재건축,제 49 구역,봉덕동 매화 재건축정비사업 ,대구광역시 남구 봉덕1동 491-3번지(희망로2길 8-5) 외 81필지,186,
33,2021,재건축,제 50 구역,봉덕1동 태양주택 재건축정비사업 ,대구광역시 남구 봉덕1동 841-5번지 외 172필지,337,
34,2021,재건축,제 51 구역,강변아파트 재건축정비사업 ,대구광역시 남구 봉덕2동 873-19번지 외 196필지 - 코오롱 하늘채,430,
35,2021,재건축,제 52 구역,봉덕2동 가변지구 재건축정비사업 ,대구광역시 남구 봉덕2동 865-14번지(봉덕로28길 29) 외 127필지,332,
36,2021,재건축,제 53 구역,봉덕동 새길지구주택 재건축정비사업 ,대구광역시 남구 봉덕2동 1067-35번지(대덕로34길 10-10) 외 135필지,345,
37,2021,재건축,제 54 구역,봉덕2동 봉림주택 재건축정비사업 ,대구광역시 남구 봉덕2동 1019-90번지 외 170필지 - 현대 홈타운,425,
38,2021,재건축,제 56 구역,대명2동주택 재건축정비사업 ,대구광역시 남구 대명2동 2014-160번지( 중앙대로42길 52-6) 외 157필지,268,
39,2021,재건축,제 45 구역,대명6동골안지구주택 재건축정비사업 ,대구광역시 남구 대명6동 1400번지( 대명로14길 30) 일원(코스모스아파트 남편),1051,
