﻿,0,1,2,3,4,5,6,7,8,9,10
0,센터명,강좌명,강사명,교육시작일자,교육종료일자,강좌내용,교육대상구분,교육방법구분,운영요일,강좌정원수,데이터기준일자
1,광주시청자미디어센터,미디어체험,미정,2022-01-01,2022-12-31,TV 및 라디오,모든연령,오프라인,"월,화,수,목,금,토",20,2022-05-10
2,광주시청자미디어센터,온라인미디어체험(ZOOM),미정,2022-01-01,2022-12-31,"미디어 진로, 스톡모션 체험",모든연령,오프라인,"월,화,수,목,금,토",20,2022-05-10
3,광주시청자미디어센터,드림러너,미정,2022-01-01,2022-12-31,라디오체험,고등학생,오프라인,"월,화,수,목,금,토",20,2022-05-10
4,인천시청자미디어센터,드림업(TV체험),"이성희,박희영",2022-05-06,2022-05-06,TV 뉴스 제작 및 영상합성 크로마키 체험,고등학생,오프라인,금,12,2022-05-10
5,인천시청자미디어센터,드림업(TV체험),"이성희,박희영",2022-05-06,2022-05-06,TV 뉴스 제작 및 영상합성 크로마키 체험,고등학생,오프라인,금,13,2022-05-10
6,인천시청자미디어센터,드림업(라디오체험),"백진영,김은자",2022-05-10,2022-05-10,라디오 프로그램 제작 체험,중학생,오프라인,화,10,2022-05-10
7,인천시청자미디어센터,드림업(TV체험),"이성희,박희영",2022-05-11,2022-05-11,TV 뉴스 제작 및 영상합성 크로마키 체험,"고등학생,장애인",오프라인,수,3,2022-05-10
8,인천시청자미디어센터,드림업(TV체험),"이성희,박희영",2022-05-13,2022-05-13,TV 뉴스 제작 및 영상합성 크로마키 체험,중학생,오프라인,금,12,2022-05-10
9,인천시청자미디어센터,드림업(TV체험),"이성희,박희영",2022-05-13,2022-05-13,TV 뉴스 제작 및 영상합성 크로마키 체험,고등학생,오프라인,금,15,2022-05-10
10,인천시청자미디어센터,드림업(라디오체험),"박희영,이두인",2022-05-14,2022-05-14,라디오 프로그램 제작 체험,초등학생,오프라인,토,20,2022-05-10
11,인천시청자미디어센터,드림업(TV체험),"류은애,백진영",2022-05-18,2022-05-18,TV 뉴스 제작 및 영상합성 크로마키 체험,고등학생,오프라인,수,15,2022-05-10
12,인천시청자미디어센터,드림업(TV체험),"박희영,이성희",2022-05-20,2022-05-20,TV 뉴스 제작 및 영상합성 크로마키 체험,고등학생,오프라인,금,10,2022-05-10
13,인천시청자미디어센터,드림업(라디오체험),"박희영,이성희",2022-05-20,2022-05-20,라디오 프로그램 제작 체험,고등학생,오프라인,금,10,2022-05-10
14,인천시청자미디어센터,온라인체험_영상제작실습,"박희영,이성희",2022-05-27,2022-05-27,스마트폰을 활용한 영상 촬영 및 편집 실습,고등학생,온라인,금,12,2022-05-10
15,인천시청자미디어센터,드림업(라디오체험),"박희영,이두인",2022-05-28,2022-05-28,라디오 프로그램 제작 체험,초등학생,오프라인,토,20,2022-05-10
16,세종시청자미디어센터,[가족 미디어학교] VR로 그리는 우리 가족 드로잉,이선화,2022-05-13,2022-05-13,그래비티 스케치를 활용한 3D 드로잉 가족체험,가족,오프라인,금,15,2022-05-10
17,세종시청자미디어센터,[가족 미디어학교] VR로 그리는 우리 가족 드로잉,이선화,2022-05-20,2022-05-20,그래비티 스케치를 활용한 3D 드로잉 가족체험,가족,오프라인,금,15,2022-05-10
18,세종시청자미디어센터,[가족 미디어학교] VR로 그리는 우리 가족 드로잉,이선화,2022-05-27,2022-05-27,그래비티 스케치를 활용한 3D 드로잉 가족체험,가족,오프라인,금,15,2022-05-10
19,강원시청자미디어센터,무지개TV,"손영주,윤기숙,정선애,이나미",2022-05-02,2022-05-31,크로마키 합성을 이용한 유아 놀이 체험,"유아,아동",오프라인,"월,화,수,목,금,토",20,2022-05-10
20,강원시청자미디어센터,꼼지락뉴스,"손영주,윤기숙,정선애,이나미",2022-05-02,2022-05-31,뉴스에 나오는 다양한 역할을 경험해보는 뉴스제작체험,초등학생~일반,오프라인,"월,화,수,목,금,토",15,2022-05-10
21,강원시청자미디어센터,폴리체험,"윤기숙,정선애",2022-05-02,2022-05-31,도구를 이용하여 폴리 효과음을 제작해보는 체험,초등학생~일반,오프라인,"월,화,수,목,금,토",15,2022-05-10
22,강원시청자미디어센터,VR체험,"장정우,최영은",2022-05-02,2022-05-31,360도 카메라를 이용하여 직접 촬영한 영상을 VR기기를 통해 확인해보는 체험,초등학생~일반,오프라인,"월,화,수,목,금,토",15,2022-05-10
23,서울시청자미디어센터,익사이팅 스포츠체험,"이수현,김민호",2022-05-02,2022-05-02,익사이팅 스포츠체험,중학생3학년,오프라인,월,15,2022-05-10
24,서울시청자미디어센터,뉴스 미디어 체험,"박진수,이수현",2022-05-05,2022-05-05,뉴스 미디어 체험,초등학생,오프라인,목,19,2022-05-10
25,서울시청자미디어센터,라이브 스트리밍 미디어 체험,이수현,2022-05-06,2022-05-06,라이브 스트리밍 미디어 체험,초등학생4학년-6학년,오프라인,금,20,2022-05-10
26,서울시청자미디어센터,라디오 미디어 체험,"이수현,전진규",2022-05-06,2022-05-06,라디오 미디어 체험,중학생1학년,오프라인,금,26,2022-05-10
27,서울시청자미디어센터,상설 미디어 체험,"이수현,박진수,이슬기",2022-05-07,2022-05-28,상설 미디어 체험,일반시민,오프라인,토,20,2022-05-10
28,서울시청자미디어센터,TV스튜디오 미디어 체험,"김도경,박진수,김준기",2022-05-12,2022-05-12,TV스튜디오 미디어 체험,"만4,5세",오프라인,목,27,2022-05-10
29,서울시청자미디어센터,뉴스 미디어 체험,"김도경,김준기",2022-05-13,2022-05-13,뉴스 미디어 체험,중학생3학년,오프라인,금,21,2022-05-10
30,서울시청자미디어센터,"뉴스, 스포츠 미디어 체험","박진수,김동수",2022-05-16,2022-05-16,"뉴스, 스포츠 미디어 체험",40대,오프라인,월,5,2022-05-10
31,서울시청자미디어센터,두다와 함께 더빙 체험,"이슬기,김용석",2022-05-17,2022-05-17,라디오 더빙 체험,초등학생1학년-6학년,오프라인,화,20,2022-05-10
32,서울시청자미디어센터,폴리 체험 교육,박진수,2022-05-19,2022-05-19,폴리 체험 교육,만4세,오프라인,목,20,2022-05-10
33,서울시청자미디어센터,TV스튜디오 미디어 체험,"박진수,이슬기",2022-05-20,2022-05-20,TV스튜디오 미디어 체험,만4세,오프라인,금,17,2022-05-10
34,서울시청자미디어센터,뉴스 미디어 체험,"이수현,김민호",2022-05-27,2022-05-27,뉴스 미디어 체험,중학생1학년,오프라인,금,22,2022-05-10
35,서울시청자미디어센터,뉴스 체험 교육,이수현,2022-05-31,2022-05-31,뉴스 체험 교육,중장년,오프라인,화,10,2022-05-10
36,서울시청자미디어센터,라디오 미디어 체험,"김도경,이슬기",2022-05-31,2022-05-31,라디오 미디어 체험,초등학생1학년-6학년,오프라인,화,20,2022-05-10
37,경기시청자미디어센터,어디서든! 온라인 미디어체험,미정,2022-05-02,2022-05-31,생애주기별 미디어체험,전연령,온라인,"월,화,수,목,금,토",40,2022-05-10
38,경기시청자미디어센터,누구든! 생애주기별 스튜디오 미디어체험,미정,2022-05-02,2022-05-31,생애주기별 미디어체험,전연령,온라인,"월,화,수,목,금,토",40,2022-05-10
39,대전시청자미디어센터,2022 대전광역시 청소년의 달 기념행사 직업체험 부스 운영,정재용,2022-05-14,2022-05-14,TV를 부탁해 체험(방송 미디어 직업체험),일반시민,오프라인,토,300,2022-05-10
40,대전시청자미디어센터,상설 미디어 체험,유수경외1인,2022-05-14,2022-05-14,애니메이션을 부탁해(성우체험) 및 소리를 부탁해(폴리체험),아동(초등학생),오프라인,토,16,2022-05-10
41,울산시청자미디어센터,생방송 톡톡TV,박민주,2022-05-09,2022-05-09,매거진 프로그램 체험 ,초등학생,오프라인,월,25,2022-05-10
42,울산시청자미디어센터,미고의 미디어 탐방기,김은희,2022-05-10,2022-05-10,찾아가는 유아미디어리터러시 체험,미취학,오프라인,화,25,2022-05-10
43,울산시청자미디어센터,미고의 미디어 탐방기,도현아,2022-05-11,2022-05-11,찾아가는 유아미디어리터러시 체험,미취학,오프라인,수,25,2022-05-10
44,울산시청자미디어센터,생방송 톡톡TV,장미경,2022-05-11,2022-05-11,매거진 프로그램 체험 ,초등학생,오프라인,수,25,2022-05-10
45,울산시청자미디어센터,DJ 수다박스,정혜영,2022-05-11,2022-05-11,라디오 프로그램 체험,초등학생,오프라인,수,25,2022-05-10
46,울산시청자미디어센터,생방송 톡톡TV,김현주,2022-05-12,2022-05-12,매거진 프로그램 체험 ,초등학생,오프라인,목,25,2022-05-10
47,울산시청자미디어센터,DJ 수다박스,도현아,2022-05-12,2022-05-12,매거진 프로그램 체험 ,초등학생,오프라인,목,25,2022-05-10
48,울산시청자미디어센터,생방송 톡톡TV,전윤겸,2022-05-13,2022-05-13,라디오 프로그램 체험,초등학생,오프라인,금,25,2022-05-10
49,울산시청자미디어센터,DJ 수다박스,김윤아,2022-05-13,2022-05-13,매거진 프로그램 체험 ,초등학생,오프라인,금,25,2022-05-10
50,울산시청자미디어센터,오늘은 NEWS데이,박민주,2022-05-19,2022-05-19,뉴스 프로그램 체험,중학생,오프라인,목,25,2022-05-10
51,울산시청자미디어센터,DJ 수다박스,전윤겸,2022-05-19,2022-05-19,매거진 프로그램 체험 ,중학생,오프라인,목,25,2022-05-10
52,울산시청자미디어센터,찰칵! 애니!,장미경,2022-05-19,2022-05-19,스톱모션 체험,중학생,오프라인,목,25,2022-05-10
53,울산시청자미디어센터,알듯말듯 알고리즘 알려줄게 알고리즘,김현주,2022-05-19,2022-05-19,유튜브리터러시 체험,중학생,오프라인,목,25,2022-05-10
54,울산시청자미디어센터,오늘은 NEWS데이,박민주,2022-05-19,2022-05-19,뉴스체험,중학생,오프라인,목,25,2022-05-10
55,울산시청자미디어센터,DJ 수다박스,전윤겸,2022-05-19,2022-05-19,라디오 프로그램 체험,중학생,오프라인,목,25,2022-05-10
56,울산시청자미디어센터,찰칵! 애니!,장미경,2022-05-19,2022-05-19,스톱모션 체험,중학생,오프라인,목,25,2022-05-10
57,울산시청자미디어센터,알듯말듯 알고리즘 알려줄게 알고리즘,김은희,2022-05-19,2022-05-19,유튜브리터러시 체험,중학생,오프라인,목,25,2022-05-10
