﻿,0,1,2,3,4,5,6,7,8,9,10
0,교육명,교육분야,기관명,강사명,접수시작일자,접수종료일자,수강요일,교육장소,교육정원,교육내용,전화번호
1,POP&캘리그라피,문화예술교육,하남동주민자치회,이수연,2021-06-01,2021-12-31,목,하남동행정복지센터 3층 회의실,15,POP&캘리그라피,062-951-0888
2,모듬북교실,문화예술교육,하남동주민자치회,김금자,2021-08-01,2021-12-31,월+수,하남동행정복지센터 2층 프로그램실,15,모듬북교실,062-951-0888
3,줌바교실,문화예술교육,하남동주민자치회,정은진,2021-08-01,2021-12-31,화+금,하남동행정복지센터 2층 프로그램실,15,줌바교실,062-951-0888
4,인생수업&자서전,인문교양교육,첨단2동주민자치회,박정선,2021-07-01,2021-11-30,목,첨단2동행정복지센터2층,40,인생수업&자서전,062-971-5111
5,천연아로마 DIY,문화예술교육,첨단2동주민자치회,김나은,2021-06-24,2021-08-31,수,나은공방,20,천연아로마 DIY,062-971-5111
6,패브릭 소품만들기,문화예술교육,첨단2동주민자치회,김미희,2021-06-25,2021-07-31,월,나은공방,20,패브릭 소품만들기,062-971-5111
7,첨단도서관 '한 권의 책 함께 쓰기',인문교양교육,첨단도서관,기윤희,2021-03-10,2021-03-10,목,실시간온라인강연(zoom활용),10,첨단도서관 '한 권의 책 함께 쓰기',062-960-8297
8,그림책 쓰담다,인문교양교육,혜윰마루작은도서관,고선희,2021-03-03,2021-03-21,금,"혜윰마루작은도서관(월곡2동행정복지센터 3층) , 비대면시 Zoom활용",10,그림책 쓰담다,062-952-9612
9,이야기꽃도서관 '도서관 놀이산책',문화예술교육,이야기꽃도서관,"박은미,김미현,김미라,김 다인",2021-03-04,2021-03-09,토,이야기꽃도서관,14,이야기꽃도서관 '도서관 놀이산책',062-960-6812
10,"우리 가족, 그림책으로 하나되다",문화예술교육,운남어린이도서관,신은미,2021-03-09,2021-03-20,일,(비대면) Zoom / (대면) 강당,50,"우리 가족, 그림책으로 하나되다",062-960-8301
11,"내 삶에 들어온 그림책, 시민 작가",문화예술교육,이야기꽃도서관,이야기꽃도서관,2021-03-10,2021-03-16,목,이야기꽃도서관,15,"내 삶에 들어온 그림책, 시민 작가",062-960-6812
