﻿,0,1,2,3,4,5,6,7,8,9,10
0,어린이집명,어린이집유형,우편번호,상세주소,보육실수,보육실면적,놀이터수,CCTV설치,보육교직원수,정원수,어린이집특성
1,BNK금정어린이집,직장,46283,부산광역시 금정구 금강로 324 (장전동),4,242,2,11,14,63,일반
2,공립구서어린이집,국공립,46232,부산광역시 금정구 금강로 503 롯데캐슬골드 2단지내 (구서동),5,319,1,13,22,141,일반
3,그림동산어린이집,민간,46219,부산광역시 금정구 팔송로7번길 8,16,359,3,24,15,100,일반
4,금샘어린이집,민간,46221,부산광역시 금정구 팔송로59번길 14 (남산동),15,332,2,12,5,100,야간연장
5,금성 어린이집,국공립,46237,부산광역시 금정구 산성로 435 (금성동),5,206,1,7,5,81,24시간
6,금정구청어린이집,직장,46274,부산광역시 금정구 중앙대로 1777 금정구청내 금정구청어린이집,5,346,2,8,16,59,일반
7,금정산 SK 어린이집,가정,46296,부산광역시 금정구 식물원로 64 108동 102호,3,50,0,4,5,19,일반
8,꾸미랑어린이집,민간,46302,부산광역시 금정구 서부곡로15번길 34 (부곡동),6,190,0,8,8,49,일반
9,꿈동산어린이집,민간,46245,부산광역시 금정구 금강로391번길 16 6통6반 (구서동),4,96,0,3,6,31,야간연장
10,꿈동이 어린이집,민간,46217,부산광역시 금정구 팔송로 50 (남산동),9,240,1,20,11,57,야간연장
11,꿈사랑어린이집,사회복지법인,46313,부산광역시 금정구 서금로25번길 10 (서동),8,253,0,10,23,41,장애아전문
