﻿,0,1,2,3,4,5,6,7,8
0,구분,분야,과정명,교육대상,교육기간,교육시행시기,교육횟수,교육인원,데이터기준일자
1,도민사회교육,제주인정체성함양,재외도민향토학교(대학생),재외도민대학생자녀,5일,07월·08월,1,40,2022-02-01
2,도민사회교육,제주인정체성함양,재외도민향토학교(임원),재외도민,2일,10월,1,40,2022-02-01
3,도민사회교육,제주인정체성함양,제주리더스아카데미,도민,1년,03월·12월,1,60,2022-02-01
4,도민사회교육,제주인정체성함양,탐라의 얼 아카데미,재외도민,2개월,06월·07월,1,20,2022-02-01
5,도민사회교육,제주인정체성함양,제주4·3의 이해,재외도민,1일,하반기,1,20,2022-02-01
6,도민사회교육,제주인정체성함양,제주어와 제주문화 이해,도민,1일,하반기,1,20,2022-02-01
7,도민사회교육,제주자연·문화·역사탐방,제주건축문화의 이해,도민,1일,06월·11월,2,40,2022-02-01
8,도민사회교육,제주자연·문화·역사탐방,제주오름탐방,도민,1일,06월·11월,2,40,2022-02-01
9,도민사회교육,제주자연·문화·역사탐방,제주해녀문화의 이해,도민,1일,06월·09월,2,40,2022-02-01
10,도민사회교육,제주자연·문화·역사탐방,제주음식문화의 이해,도민,1일,10월·11월,2,40,2022-02-01
11,도민사회교육,제주자연·문화·역사탐방,역사속 제주알기,도민,1일,09월·10월,2,40,2022-02-01
12,도민사회교육,제주자연·문화·역사탐방,세계자연유산 탐방,도민,1일,05월·08월,2,40,2022-02-01
13,도민사회교육,제주자연·문화·역사탐방,제주 신화와 설화의 이해,도민,1일,05월·09월,2,40,2022-02-01
14,도민사회교육,제주자연·문화·역사탐방,제주곶자왈탐방,도민,1일,09월·10월,2,40,2022-02-01
15,도민사회교육,제주자연·문화·역사탐방,제주돌문화체험,도민,1일,09월·11월,2,40,2022-02-01
16,도민사회교육,인문소양,건강등산교실,도민,1일,05월·09월,2,40,2022-02-01
17,도민사회교육,인문소양,사진으로 담는 제주자연·문화,도민,1일,05월·10월,2,40,2022-02-01
18,도민사회교육,인문소양,원예힐링,도민,1일,06월·09월,2,40,2022-02-01
19,도민사회교육,인문소양,생활속 세금·법률이야기,도민,1일,09월,1,30,2022-02-01
20,도민사회교육,인문소양,건강강좌,도민,4시간,10월,1,20,2022-02-01
21,도민사회교육,기타,보조금집행실무,유관기관(단체),1일,03월,1,40,2022-02-01
22,도민사회교육,기타,사회복지시설(법인)회계실무,사회복지시설,1일,04월,1,40,2022-02-01
23,도민사회교육,기타,자원봉사관리자,자원봉사자,2시간,04월·05월,2,60,2022-02-01
24,도민사회교육,기타,주민참여예산학교,주민참여 예산위원,1일,04월·07월,2,140,2022-02-01
25,도민외국어교육,외국어교육,영어회화,도민,1개월,03월·10월,10,360,2022-02-01
26,도민외국어교육,외국어교육,중국어회화,도민,1개월,03월·10월,8,120,2022-02-01
27,도민외국어교육,외국어교육,일본어회화,도민,1개월,03월·10월,8,80,2022-02-01
28,도민외국어교육,외국어교육,베트남어회화,도민,1개월,03월·10월,8,72,2022-02-01
29,도민외국어교육,외국어교육,러시아어회화,도민,1개월,03월·06월·07월·10월,8,64,2022-02-01
30,도민외국어교육,외국어교육,찾아가는배움터-영어,도민,2개월,03월·06월·07월·10월,4,32,2022-02-01
31,도민외국어교육,외국어교육,찾아가는배움터-중국어,도민,2개월,03월·06월·07월·10월,4,32,2022-02-01
32,도민외국어교육,외국어교육,찾아가는배움터-일본어,도민,2개월,03월·06월·07월·10월,2,16,2022-02-01
33,도민외국어교육,외국어교육,찾아가는배움터-베트남어,도민,2개월,03월·10월,1,8,2022-02-01
34,도민외국어교육,외국어교육,찾아가는배움터-러시아어,도민,2개월,03월·10월,1,8,2022-02-01
35,도민외국어교육,외국어교육,찾아가는배움터-한국어,도민,2개월,03월·06월·07월·10월,2,16,2022-02-01
36,도민외국어교육,외국어교육,직종별 특화 외국어강좌,도민,1일,03월·10월,48,672,2022-02-01
37,도민정보화교육,정보화교육,GTQ포토샵,도민,1개월,02월,1,15,2022-02-01
38,도민정보화교육,정보화교육,실버PC기초,도민,1개월,02월,1,15,2022-02-01
39,도민정보화교육,정보화교육,엑셀다지기(야간·온라인),도민,1개월,02월,1,15,2022-02-01
40,도민정보화교육,정보화교육,파워포인트활용(1기),도민,1개월,02월,1,15,2022-02-01
41,도민정보화교육,정보화교육,스마트폰앱활용,도민,1개월,02월,1,15,2022-02-01
42,도민정보화교육,정보화교육,포토샵기초,도민,1개월,03월,1,15,2022-02-01
43,도민정보화교육,정보화교육,실버동영상편집활용,도민,1개월,03월,1,15,2022-02-01
44,도민정보화교육,정보화교육,파워포인트다지기(야간·온라인),도민,1개월,03월,1,15,2022-02-01
45,도민정보화교육,정보화교육,카드뉴스제작,도민,1개월,03월,1,15,2022-02-01
46,도민정보화교육,정보화교육,SNS(인스타그램),도민,1개월,04월,1,15,2022-02-01
47,도민정보화교육,정보화교육,카드뉴스제작,도민,1개월,04월,1,15,2022-02-01
48,도민정보화교육,정보화교육,실버스마트폰활용(1기),도민,1개월,04월,1,15,2022-02-01
49,도민정보화교육,정보화교육,엑셀기초,도민,1개월,04월,1,15,2022-02-01
50,도민정보화교육,정보화교육,포토샵다지기,도민,1개월,04월,1,15,2022-02-01
51,도민정보화교육,정보화교육,SNS(인스타그램)1기,도민,1개월,04월,1,15,2022-02-01
52,도민정보화교육,정보화교육,일러스트기초,도민,1개월,05월,1,15,2022-02-01
53,도민정보화교육,정보화교육,실버그래픽(픽슬러. 집합),도민,1개월,05월,1,15,2022-02-01
54,도민정보화교육,정보화교육,파워포인트기초(집합),도민,1개월,05월,1,15,2022-02-01
55,도민정보화교육,정보화교육,한글다지기(야간·온라인),도민,1개월,05월,1,15,2022-02-01
56,도민정보화교육,정보화교육,엑셀활용(1기),도민,1개월,05월,1,15,2022-02-01
57,도민정보화교육,정보화교육,동영상편집활용,도민,1개월,06월,1,15,2022-02-01
58,도민정보화교육,정보화교육,실버엑셀기초,도민,1개월,06월,1,15,2022-02-01
59,도민정보화교육,정보화교육,한글중급,도민,1개월,06월,1,15,2022-02-01
60,도민정보화교육,정보화교육,ITQ엑셀,도민,1개월,06월,1,15,2022-02-01
61,도민정보화교육,정보화교육,일러스트활용,도민,1개월,06월,1,15,2022-02-01
62,도민정보화교육,정보화교육,ITQ엑셀,도민,1개월,07월,1,15,2022-02-01
63,도민정보화교육,정보화교육,실버스마트폰활용(2기),도민,1개월,07월,1,15,2022-02-01
64,도민정보화교육,정보화교육,컴퓨터활용능력2급(필기),도민,1개월,07월,1,15,2022-02-01
65,도민정보화교육,정보화교육,ITQ한글(야간·온라인),도민,1개월,07월,1,15,2022-02-01
66,도민정보화교육,정보화교육,한글활용(1기),도민,1개월,07월,1,15,2022-02-01
67,도민정보화교육,정보화교육,ITQ파워포인트,도민,1개월,08월,1,15,2022-02-01
68,도민정보화교육,정보화교육,실버한글기초,도민,1개월,08월,1,15,2022-02-01
69,도민정보화교육,정보화교육,컴퓨터활용능력2급(실기),도민,1개월,08월,1,15,2022-02-01
70,도민정보화교육,정보화교육,GTQ포토샵(야간·온라인),도민,1개월,08월,1,15,2022-02-01
71,도민정보화교육,정보화교육,포토샵활용,도민,1개월,08월,1,15,2022-02-01
72,도민정보화교육,정보화교육,엑셀중급,도민,1개월,09월,1,15,2022-02-01
73,도민정보화교육,정보화교육,실버파워포인트기초,도민,1개월,09월,1,15,2022-02-01
74,도민정보화교육,정보화교육,블로그 및 홈페이지 제작,도민,1개월,09월,1,15,2022-02-01
75,도민정보화교육,정보화교육,ITQ파워포인트(야간·온라인),도민,1개월,09월,1,15,2022-02-01
76,도민정보화교육,정보화교육,sns(인스타그램)기,도민,1개월,09월,1,15,2022-02-01
77,도민정보화교육,정보화교육,엑셀활용(2기),도민,1개월,09월,1,15,2022-02-01
78,도민정보화교육,정보화교육,포토샵중급,도민,1개월,10월,1,15,2022-02-01
79,도민정보화교육,정보화교육,실버그래픽(픽슬러),도민,1개월,10월,1,15,2022-02-01
80,도민정보화교육,정보화교육,컴퓨터활용능력2급(필기.야간·온라인),도민,1개월,10월,1,15,2022-02-01
81,도민정보화교육,정보화교육,파워포인트활용(2기),도민,1개월,10월,1,15,2022-02-01
82,도민정보화교육,정보화교육,파워포인트중급,도민,1개월,11월,1,15,2022-02-01
83,도민정보화교육,정보화교육,실버스마트폰활용(3기),도민,1개월,11월,1,15,2022-02-01
84,도민정보화교육,정보화교육,컴퓨터활용능력2급(실기.야간·온라인),도민,1개월,11월,1,15,2022-02-01
85,도민정보화교육,정보화교육,한글활용(2기),도민,1개월,11월,1,15,2022-02-01
