﻿,0,1,2,3,4,5,6
0,구분,응시분야(업무),근무예정부서,직종,인원(명),비고,데이터기준일자
1,제주특별자치도,청사 및 관련 시설 청소,총무과,농림환경,1,2022년 7월 중 근무예정,2022-04-01
2,제주특별자치도,도로보수,도로관리과,도로보수,1,2022년 7월 중 근무예정,2022-04-01
3,제주특별자치도,감귤 신품종 농가 실증묘 육성,농업기술원(감귤아열대연구과),농림환경,1,2022년 7월 중 근무예정,2022-04-01
4,제주특별자치도,과학영농분석실 운영 지원,농업기술원(서부농업기술센터),농림환경,2,2022년 7월 중 근무예정,2022-04-01
5,제주특별자치도,지역감염병병원체 검사 보조,보건환경연구원,농림환경,3,2022년 7월 중 근무예정,2022-04-01
6,제주특별자치도,정수장 운영 보조,상하수도본부,농림환경,1,2022년 7월 중 근무예정,2022-04-01
