﻿,0,1,2,3,4
0,해당연도,채용분야,채용계급,선발예정인원,담당부서
1,2022,구급,소방사,23,소방정책과
2,2022,구조,소방사,12,소방정책과
3,2022,소방(학위),소방사,3,소방정책과
4,2022,심리상담,소방사,0,소방정책과
5,2023,자동차정비,소방사,1,소방정책과
6,2023,전기,소방사,0,소방정책과
7,2023,정보통신,소방사,0,소방정책과
8,2023,항공(조종),소방위,2,소방정책과
9,2023,화학,소방사,0,소방정책과
