﻿,0,1,2,3,4,5,6,7,8,9,10
0,공부방명,시도명,시군구명,읍면동,소재지,건물형태,규모(제곱미터),좌석수,전화번호,개설일,데이터기준일자
1,용원,충청북도,충주시,신니면,충청북도 충주시 신니면 신덕로 780,면사무소 부속건물,82.65,24,043-852-9678,1996-12-30,2022-04-30
2,엘리시아,충청북도,충주시,교현안림동,"충청북도 충주시 국원초1길 46, 엘리시아아파트 관리동",아파트 관리동,67.5,30,070-8100-7887,2009-04-13,2022-04-30
3,중흥s클래스,충청북도,충주시,교현안림동,"충청북도 충주시 금봉8길 23, 중흥s클래스아파트 관리동",아파트 관리동,120.96,40,070-8899-7879,2009-10-23,2022-04-30
4,용산,충청북도,충주시,용산동,충청북도 충주시 거룡 6길 21,주민자치센터,131.96,40,043-848-7163,1996-12-18,2022-04-30
5,문화,충청북도,충주시,문화동,"충청북도 충주시 중원대로 3379, 럭키문화아파트 관리동",아파트 관리동,152,60,043-842-0777,1994-10-10,2022-04-30
6,범바위,충청북도,충주시,호암직동,충청북도 충주시 호암중앙1로 35,동주민센터 2층,233,46,043-843-3747,2002-02-25,2022-04-30
7,현대,충청북도,충주시,칠금금릉동,"충청북도 충주시 금릉로 45, 금능현대아파트 관리동",아파트 관리동,60,38,043-855-4117,2002-03-05,2022-04-30
8,삼성1차,충청북도,충주시,칠금금릉동,"충청북도 충주시 금제1길 5, 삼성1차아파트 관리동",아파트 관리동,55.08,30,043-846-2280,1996-09-23,2022-04-30
9,부영2차,충청북도,충주시,칠금금릉동,"충청북도 충주시 칠금중앙로 30, 부영아파트 관리동",아파트 관리동,56,27,043-851-5756,1997-09-26,2022-04-30
10,코오롱동신,충청북도,충주시,칠금금릉동,"충청북도 충주시 금릉로 14, 코오롱아파트 관리동",아파트 관리동,160.32,35,043-847-1774,2004-05-18,2022-04-30
11,세영,충청북도,충주시,칠금금릉동,"충청북도 충주시 금릉로 33, 세영첼시빌아파트 관리동",아파트 관리동,158.1,40,043-855-5575,2003-06-24,2022-04-30
12,세원한아름,충청북도,충주시,연수동,"충청북도 충주시 금릉로 101, 세원한아름아파트 관리동",아파트 관리동,77,30,043-844-7009,2002-01-10,2022-04-30
13,힐스테이트,충청북도,충주시,연수동,"충청북도 충주시 연수동산로 24, 힐스테이트아파트 관리동",아파트 관리동,112,60,043-853-3323,2008-02-10,2022-04-30
14,목행,충청북도,충주시,목행용탄동,충청북도 충주시 행정9길 35,목행 작은도서관,147.96,32,043-853-2725,1992-07-29,2022-04-30
