﻿,0,1,2,3,4,5
0,운영기관명,상품명,운영기관구분,상품구분,학자금유형구분,지원금액
1,한국장학재단,인문100년장학금,한국장학재단,장학금,성적우수,2000000원
2,국립국제교육원,GKS외국인우수자비장학생,관계부처,장학금,기타,500만원
3,광주남구장학회,행복나눔 장학생,지자체,장학금,지역연고,1000000원 * 생활비 지원
4,재단법인 조준장학재단,장학생,민간(기타),장학금,기타,등록금 전액(결격사유 없을시 1년간 지급)
5,우리다문화장학재단,특기장학,민간(기업),장학금,특기자,5000000원
6,지헌장학재단,장학생,민간(기타),장학금,기타,1000000원
7,하영호장학재단,장학생,민간(기타),장학금,기타,1500000원(1인기준)
8,청양사랑인재육성장학회,충남도립대장학금,지자체,장학금,지역연고,1000000원 (생활비)
9,청양사랑인재육성장학회,성적우수장학금(대학교신입생),지자체,장학금,지역연고,1500000원 (등록금)
10,청양사랑인재육성장학회,성적우수장학금(군내대학재학생),지자체,장학금,지역연고,1500000원 (등록금)
11,전주인재육성재단,지역우수인재장학생,지자체,장학금,지역연고,2000000원
12,홍산장학재단,장학생,민간(기업),장학금,소득구분,2000000원
