﻿,0,1,2,3,4
0,기관명,구분,주소,전화번호,홈페이지
1,강동유치원,공립,부산광역시 해운대구 해운대로 349번길,746-8915,http://school.busanedu.net/gangdong-k
2,반산초등학교병설유치원,공립,부산광역시 해운대구 재반로 171,780-2015,http://school.busanedu.net/bansan-k
3,반여초등학교병설유치원,공립,부산광역시 해운대구 재반로 301 (반여동),783-3063,http://school.busanedu.net/banyeo-k
4,송수초등학교병설유치원,공립,부산광역시 해운대구 해운대로 76번길 35,780-2797,http://school.busanedu.net/songsu-k
5,양운초등학교병설유치원,공립,부산광역시 해운대구 대천로67번길 36(좌동),709-6882,http://school.busanedu.net/yangun-k
6,운봉초등학교병설유치원,공립,부산광역시 해운대구 신반송로 11-20,540-5527,http://school.busanedu.net/unbong-k
7,좌동초등학교병설유치원,공립,부산광역시 해운대구 세실로 127,709-0885,http://school.busanedu.net/chwadong-k
8,광남초등학교병설유치원,공립,부산광역시 수영구 광안해변로 115,610-6670,http://school.busanedu.net/gwangnam-k
9,광안유치원,공립,부산광역시 수영구 광안로35번길 38,780-0700,http://school.busanedu.net/gwangan-k
10,남천유치원,공립,부산광역시 수영구 남천서로 14(남천동),626-9010,http://school.busanedu.net/namcheon-k
11,민락초등학교병설유치원,공립,부산광역시 수영구 광남로257번길 12,752-6750,http://school.busanedu.net/minlak-k
12,수영초등학교병설유치원,공립,부산광역시 수영구 광서로16번길 33,792-2591,http://school.busanedu.net/suyoung-k
13,가동유치원,공립,부산광역시 기장군 정관읍 정관5로 100,728-2430,http://school.busanedu.net/gadong-k
14,교리초등학교병설유치원,공립,부산광역시 기장군 기장읍 차성로 427,720-0516,https://school.busanedu.net/gyori-k/
15,기장초등학교병설유치원,공립,부산광역시 기장군 기장읍 읍내로 75,720-8690,http://school.busanedu.net/gijang-k
16,내리초등학교병설유치원,공립,부산광역시 기장군 기장읍 소정안길 50,745-3140,http://school.busanedu.net/naeri-k
17,달산유치원,공립,부산광역시 기장군 정관읍 정관로 674,728-1781,http://school.busanedu.net/dalsan-k
18,모전초등학교병설유치원,공립,부산광역시 기장군 정관읍 정관1로 17,720-6781,http://school.busanedu.net/bsmojeon-k
19,방곡유치원,공립,부산광역시 기장군 정관읍 정관덕산길 61,780-7200,http://school.busanedu.net/kbanggok-k
20,신진초등학교병설유치원,공립,부산광역시 기장군 철마면 고촌로 28번길 6,720-8517,http://school.busanedu.net/sinjin-k
21,용암초등학교병설유치원,공립,부산광역시 기장군 기장읍 기장해안로 577,721-1413,http://school.busanedu.net/yongam-k
22,월내초등학교병설유치원,공립,부산광역시 기장군 장안읍 길천2길 25,719-9771,http://school.busanedu.net/wollae-k
23,월평초등학교병설유치원,공립,부산광역시 기장군 정관읍 월평1길 21,508-8355,http://school.busanedu.net/bswp-k
24,일광유치원,공립,부산광역시 기장군 일광면 해빛로 42,967-8800,http://school.busanedu.net/ilgwang42-k
25,장안초등학교병설유치원,공립,부산광역시 기장군 장안읍 장안로 67-4,720-1004,http://school.busanedu.net/jangancho-k
26,정관유치원,공립,부산광역시 기장군 정관읍 정관로 530,728-4577,http://school.busanedu.net/jkschool-k
27,정원초등학교병설유치원,공립,부산광역시 기장군 정관읍 정관로 423,750-9181,http://school.busanedu.net/jeongwon-k
28,좌천초등학교병설유치원,공립,부산광역시 기장군 장안읍 좌천로 13-66,727-4078,http://school.busanedu.net/jwacheon-k
29,죽성초등학교병설유치원,공립,부산광역시 기장군 기장읍 죽성로 270,721-6461,http://school.busanedu.net/jukseong-k
30,철마초등학교병설유치원,공립,부산광역시 기장군 철마면 철마로 493,721-0631,http://school.busanedu.net/chulma-k
31,칠암초등학교병설유치원,공립,부산광역시 기장군 일광면 박영준길 19,727-4467,http://school.busanedu.net/chilam-k
32,해누리유치원,공립,부산광역시 기장군 정관읍 용수로 109-33,982-7700,http://school.busanedu.net/heanuri-k
33,해빛유치원,공립,부산광역시 기장군 일광면 해빛6로 17,982-1400,http://school.busanedu.net/haebitkg-k
34,해빛초등학교병설유치원,공립,부산광역시 기장군 일광면 해빛6로 9,790-8382,http://school.busanedu.net/haebit-k
35,고은유치원,사립,부산광역시 해운대구 대천로 225,701-7111,http://school.busanedu.net/goeun-k
36,대동유치원,사립,부산광역시 해운대구 대천로 103번길 29,701-6030,http://school.busanedu.net/Dae-Dong-k
37,대림유치원,사립,부산광역시 해운대구 대천로 103번길 47,701-9803,http://school.busanedu.net/daelimlove-k
38,대우사랑유치원,사립,부산광역시 해운대구 좌동순환로 275,703-3435,http://school.busanedu.net/daewoosarang-k
39,더푸른유치원,사립,부산광역시 해운대구 좌동순환로433번길 30-3,747-7971,http://school.busanedu.net/thepurun-k
40,동부산부속유치원,사립,부산광역시 해운대구 운봉길 60,542-8998,
41,동성제일유치원,사립,부산광역시 해운대구 해운대로 349번길 24,742-7201,http://school.busanedu.net/dongsung-k
42,마리나유치원,사립,부산광역시 해운대구 해운대해변로 139,742-0115,http://school.busanedu.net/marina-k
43,버드내유치원,사립,부산광역시 해운대구 우동2로 40-5,743-7388,http://school.busanedu.net/beodnae-k
44,쁘띠포레유치원,사립,부산광역시 해운대구 양운로 182,701-1815,http://school.busanedu.net/petiteforet-k
45,서광자연유치원,사립,부산광역시 해운대구 달맞이길117번라길 16,743-5550,http://school.busanedu.net/sgNature-k
46,센텀유치원,사립,부산광역시 해운대구 센텀중앙로 142,784-3755,http://school.busanedu.net/centumkid-k
47,센텀항도유치원,사립,부산광역시 해운대구 해운대로 61번길 107-22,781-4829,
48,아이윌유치원,사립,부산광역시 해운대구 송정중앙로 15번길 107,703-7594,http://school.busanedu.net/iwill-k
49,여명유치원,사립,부산광역시 해운대구 재반로118번길 92,781-3813,
50,왕자와공주유치원,사립,부산광역시 해운대구 좌동순환로299번길 11,701-8178,http://www.ppschool.net/
51,우주유치원,사립,부산광역시 해운대구 선수촌로 95,526-1113,http://school.busanedu.net/wooju-k
52,은혜유치원,사립,부산광역시 해운대구 선수촌로21번길 35 ,521-2323,http://school.busanedu.net/eunhe-k
53,인천유치원,사립,부산광역시 해운대구 재반로 12길 16,784-7428,http://school.busanedu.net/h-inchon-k
54,재송유치원,사립,부산광역시 해운대구 재반로 50번길 22,783-7600,http://school.busanedu.net/jaesong-k
55,중일유치원,사립,부산광역시 해운대구 좌동순환로468번길 29,747-8900,http://www.joongilkids.co.kr
56,파랑새유치원,사립,부산광역시 해운대구 신반송로 21,543-0066,http://school.busanedu.net/h-bluebird-k
57,푸른유치원,사립,부산광역시 해운대구 세실로 19,701-2070,http://school.busanedu.net/purun2070-k
58,풀꽃유치원,사립,부산광역시 해운대구 선수촌로 122,525-1121,http://school.busanedu.net/pulggot-k
59,해강유치원,사립,부산광역시 해운대구 해운대해변로 87,741-9122,http://school.busanedu.net/haegang-k
60,해뜨는유치원,사립,부산광역시 해운대구 청사포로 27,701-8093,http://lucky.kidspann.net/
61,해성유치원,사립,부산광역시 해운대구 중동2로 20-3,746-5885,http://haesung-kids.moapp.kr
62,해운대유치원,사립,부산광역시 해운대구 재송1로 26번길 27,781-7876,
63,해운대자연유치원,사립,부산광역시 해운대구 대천로 103번길 61,636-6677,
64,금련사유치원,사립,부산광역시 수영구 광일로 71,757-1505,http://school.busanedu.net/kumryun-k
65,나은유치원(휴원),사립,부산광역시 수영구 망미번영로13번길 45,756-2600,
66,명성유치원,사립,부산광역시 수영구 망미번영로 88,757-8935,
67,백산유치원(휴원),사립,부산광역시 부산 수영구 무학로69번길 66,752-3345,
68,분도유치원,사립,부산광역시 수영구 수영로497번길 18,753-2139,https://busanbundo.com/
69,삼성유치원,사립,부산광역시 수영구 망미로30번길 23,751-1277,
70,성모유치원,사립,부산광역시 수영구 민락본동로27번길 15,757-9554,
71,수영로유치원,사립,부산광역시 수영구 수영로679번길 9,751-0877,http://school.busanedu.net/syrlovej-k
72,에버그린유치원,사립,부산광역시 수영구 망미배산로 104-7,752-7997,
73,영주암유치원,사립,부산광역시 수영구 망미배산로76번나길 11,754-6120,http://kid.bulgukto.or.kr
74,옥련유치원,사립,부산광역시 수영구 광남로257번길 58,754-2223,http://school.busanedu.net/okyeon-k
75,천사유치원,사립,부산광역시 수영구 수영로427번길 15,622-4000,http://school.busanedu.net/chunsa-k
76,평화유치원(휴원),사립,부산광역시 수영구 연수로310번길 17,755-8000,http://school.busanedu.net/peace-k
77,호암유치원,사립,부산광역시 수영구 수영로545번길 29,758-5255,http://school.busanedu.net/hoam-k
78,녹원유치원,사립,부산광역시 기장군 기장읍 석산1길 69-1,723-0001,
79,산새소리유치원,사립,부산광역시 기장군 기장급 차성남로 1-4,721-2612,http://school.busanedu.net/sansaesori-k
80,세화유치원,사립,부산광역시 기장군 기장읍 기장대로 563,722-5060,http://school.busanedu.net/sehwa-k
81,숲속나라유치원,사립,부산광역시 기장군 정관읍 산막길 46-28,728-2821,http://school.busanedu.net/hsou-k
82,숲속원광유치원,사립,부산광역시 기장군 정관읍 곰내길 654-125,727-3844,
83,정관무지개유치원,사립,부산광역시 기장군 정관읍 정관5로 127,728-2200,http://school.busanedu.net/jgmjg-k
84,정관버클리유치원,사립,부산광역시 기장군 정관읍 정관상곡1길 34,939-0007,http://school.busanedu.net/jgBerkeley-k
85,정관아이숲유치원,사립,부산광역시 기장군 정관읍 병산로 24,997-3355,
86,정관피올라유치원,사립,부산광역시 기장군 정관읍 가동2길 5,728-6998,http://school.busanedu.net/piola-k
87,큰별샘유치원(휴원),사립,부산광역시 기장군 정관읍 산막길 26-76,953-3737,
88,피터팬유치원,사립,부산광역시 기장군 정관읍 가동옛길 37,728-1902,
89,한솔기장유치원,사립,부산광역시 기장군 기장읍 대청로 45번길 6,722-7488,
90,행복엔젤유치원,사립,부산광역시 기장군 기장읍 차성서로 44,502-4556,
91,효성유치원,사립,부산광역시 기장군 기장읍 차성로344번길 13,722-0402,http://school.busanedu.net/hyosung-k
92,동백중학교,공립,부산광역시 해운대구 좌동순환로 468번가길 97,731-3203,http://www.tongbaek.ms.kr/
93,반송여자중학교,공립,부산광역시 해운대구 운봉길 113,542-6335,http://www.bansongg.ms.kr/
94,반송중학교,공립,부산광역시 해운대구 반송로 911번길 59,540-0300,http://www.bansong.ms.kr/
95,반안중학교,공립,부산광역시 해운대구 명장로 67번길 40-32,520-0951,http://www.banan.ms.kr/
96,반여중학교,공립,부산광역시 해운대구 재반로256번길 57-12,784-0023,http://www.banyo.ms.kr/
97,부흥중학교,공립,부산광역시 해운대구 좌동순환로 226,701-9800,http://buheung.ms.kr
98,상당중학교,공립,부산광역시 해운대구 대천로 103번길 48,702-6334,http://www.sangdang.ms.kr/
99,센텀중학교,공립,부산광역시 해운대구 센텀북대로 32,780-2504,http://www.centum.ms.kr/
100,신곡중학교,공립,부산광역시 해운대구 좌동순환로 316,702-6158,http://www.singok.ms.kr/
101,신도중학교,공립,부산광역시 해운대구 좌동순환로 50,747-8715,http://www.sindo.ms.kr/
102,양운중학교,공립,부산광역시 해운대구 좌동순환로 99번길 7,731-3714,http://www.yangun.ms.kr/
103,인지중학교,공립,부산광역시 해운대구 반여로 142,520-0760,http://www.inji.ms.kr/
104,장산중학교,공립,부산광역시 해운대구 선수촌로 47,532-9703,http://bjangsan.ms.kr/
105,재송여자중학교,공립,부산광역시 해운대구 재반로 84번길 148,781-2392,http://jaesonggirl.ms.kr/
106,재송중학교,공립,부산광역시 해운대구 재반로 165번길 16,781-4211,http://www.jaesong.ms.kr/
107,해강중학교,공립,부산광역시 해운대구 해운대해변로 17,740-2703,http://www.haegang.ms.kr/
108,광안중학교,공립,부산광역시 수영구 연수로310번길 127,755-5102,http://www.gwangan.ms.kr/
109,망미중학교,공립,부산광역시 수영구 망미배산로 102,754-7347,http://www.mangmi.ms.kr/
110,부산수영중학교,공립,부산광역시 수영구 호암로 38,760-7700,http://www.suyeong.ms.kr/
111,한바다중학교,공립,부산광역시 수영구 광안로21번가길 57,752-8034,http://www.hanbada.ms.kr/
112,기장중학교,공립,부산광역시 기장군 기장읍 읍내로 120,721-4901,http://www.gijang.ms.kr/
113,대청중학교,공립,부산광역시 기장군 기장읍 차성서로 3,720-0600,http://www.daicheong.ms.kr/
114,모전중학교,공립,부산광역시 기장군 정관읍 정관1로 9,750-9300,http://mojeon.ms.kr/
115,부산중앙중학교,공립,부산광역시 기장군 정관읍 정관덕산길 73,720-8700,http://bsjungang.ms.kr/
116,신정중학교,공립,부산광역시 기장군 정관읍 정관3로 44,727-1842,http://psinjung.ms.kr/
117,일광중학교,공립,부산광역시 기장군 일광면 해빛3로 99,750-3900,http://school.busanedu.net/ilgwang-m
118,정관중학교,공립,부산광역시 기장군 정관읍 정관로 531,780-5410,http://jeonggwan.ms.kr/
119,해운대여자중학교,사립,부산광역시 해운대구 우동1로85번길 25,746-2948,http://www.haeundaeg.ms.kr/
120,해운대중학교,사립,부산광역시 해운대구 우동2로 30번길 99,742-0315,http://www.haeundae.ms.kr/
121,동수영중학교,사립,부산광역시 수영구 광서로 74,752-3355,http://www.dsuyoung.ms.kr/
122,동아중학교,사립,부산광역시 수영구 호암로 55,752-5877,http://dong-a.ms.kr/
123,장안중학교,사립,부산광역시 기장군 장안읍 좌천2길 43,727-0220,http://www.jang-an.ms.kr/
124,강동초등학교,공립,부산광역시 해운대구 해운대로 349번길 10,743-1955,http://pusangangdong.es.kr/
125,동백초등학교,공립,부산광역시 해운대구 좌동순환로357번길 6,747-6400,http://www.dongbaek.es.kr/
126,무정초등학교,공립,부산광역시 해운대구 반여로 68-11,520-1310,http://www.bsmj.es.kr/
127,반산초등학교,공립,부산광역시 해운대구 재반로 171,780-2000,http://www.bansan.es.kr/
128,반석초등학교,공립,부산광역시 해운대구 선수촌로 207번길 14,523-8171,http://www.bansuk.es.kr
129,반송초등학교,공립,부산광역시 해운대구 아랫반송로 30번길 37-16,540-5800,http://www.bansong.es.kr/
130,반안초등학교,공립,부산광역시 해운대구 명장로 67번길 40-42,520-0801,http://www.banan.es.kr
131,반여초등학교,공립,부산광역시 해운대구 재반로 301,520-0400,http://banyeo.es.kr/
132,부흥초등학교,공립,부산광역시 해운대구 좌동순환로 216,703-0093,http://www.buhung.es.kr/
133,삼어초등학교,공립,부산광역시 해운대구 삼어로 91번길 73,520-6500,http://www.sameo.es.kr/
134,상당초등학교,공립,부산광역시 해운대구 세실로 173,702-4030,http://www.sangdang.es.kr/
135,센텀초등학교,공립,부산광역시 해운대구 센텀중앙로 166,781-2601,http://centum.es.kr/
136,송수초등학교,공립,부산광역시 해운대구 해운대로 76번길 35,781-2703,http://www.songsu.es.kr/
137,송운초등학교,공립,부산광역시 해운대구 신반송로 20,540-2602,http://www.songun.es.kr/
138,송정초등학교,공립,부산광역시 해운대구  해운대로 1164-9,703-8001,http://www.hudsj.es.kr/
139,신곡초등학교,공립,부산광역시 해운대구 좌동순환로 290,702-6269,http://www.singok.es.kr/
140,신도초등학교,공립,부산광역시 해운대구 좌동순환로 34,731-2975,http://sin-do.es.kr/
141,신재초등학교,공립,부산광역시 해운대구 해운대로 81번길 55,781-8082,http://www.sinjae.es.kr/
142,양운초등학교,공립,부산광역시 해운대구 대천로 67번길 36,747-7681,http://www.yangun.es.kr/
143,운봉초등학교,공립,부산광역시 해운대구 신반송로 11-20,542-8272,http://www.unbong.es.kr/
144,운송초등학교,공립,부산광역시 해운대구 반송로 839,540-5300,http://www.woonsong.es.kr/
145,인지초등학교,공립,부산광역시 해운대구 반여로 128,520-0100,http://ij.es.kr/
146,장산초등학교,공립,부산광역시 해운대구 선수촌로 68,523-7959,http://www.jangsan.es.kr/
147,재송초등학교,공립,부산광역시 해운대구 재반로 64번길 33,781-3146,http://www.jaesong.es.kr/
148,좌동초등학교,공립,부산광역시 해운대구 세실로 127,701-4734,http://jwadong.es.kr/
149,좌산초등학교,공립,부산광역시 해운대구 좌동순환로 311번길 7,701-4688,http://jwasan.es.kr/
150,해강초등학교,공립,부산광역시 해운대구 해운대해변로 73,746-6717,http://www.haegang.es.kr/
151,해동초등학교,공립,부산광역시 해운대구 우동1로 104,747-5400,http://haedong.es.kr
152,해림초등학교,공립,부산광역시 해운대구 해운대로 469번길 42,743-4720,http://www.haerim.es.kr/
153,해송초등학교,공립,부산광역시 해운대구 좌동순환로 402번길 32,731-3893,http://haesong.es.kr/
154,해운대초등학교,공립,부산광역시 해운대구 중동2로 24번길 30,746-5462,http://www.haeundae.es.kr/
155,해원초등학교,공립,부산광역시 해운대구 마린시티2로 10,740-9900,http://haewon.es.kr/
156,광남초등학교,공립,부산광역시 수영구 광안해변로 115,621-3172,http://www.gwangnam.es.kr/
157,광안초등학교,공립,부산광역시 수영구 광안로35번길 42,790-2200,http://kwangan.es.kr/
158,남천초등학교,공립,부산광역시 수영구 남천서로 14,621-0429,http://www.namcheon.es.kr/
159,망미초등학교,공립,부산광역시 수영구 수미로35번길 27,754-0030,http://www.mangmi.es.kr/
160,민락초등학교,공립,부산광역시 수영구 광남로257번길 12,753-9791,http://www.minlak.es.kr/
161,민안초등학교,공립,부산광역시 수영구 감포로38번길 33,751-3932,http://minan.es.kr/
162,배산초등학교,공립,부산광역시 수영구 망미배산로48번길 85-15,754-9106,http://www.baesan.es.kr/
163,수미초등학교,공립,부산광역시 수영구 연수로310번길 91,051-791-4700,http://www.sumi.es.kr/
164,수영초등학교,공립,부산광역시 수영구 광서로16번길 33,757-6496,http://www.suyoung.es.kr/
165,호암초등학교,공립,부산광역시 수영구 호암로 57,751-3935,http://www.hoam.es.kr/
166,가동초등학교,공립,부산광역시 기장군 정관읍 정관5로 100,780-3700,http://ga-dong.es.kr/
167,교리초등학교,공립,부산광역시 기장군 기장읍 차성로 427,720-0506,http://gyori.es.kr/
168,기장초등학교,공립,부산광역시 기장군 기장읍 읍내로 69,722-8994,http://www.gijang.es.kr/
169,내리초등학교,공립,부산광역시 기장군 기장읍 소정안길 50,745-3105,http://naeri.es.kr
170,달산초등학교,공립,부산광역시 기장군 정관읍 정관로 674,750-9900,http://www.bsdalsan.es.kr/
171,대청초등학교,공립,부산광역시 기장군 기장읍 차성서로 31,723-0923,http://www.daechung.es.kr/
172,모전초등학교,공립,부산광역시 기장군 정관읍 정관1로 17,720-6720,http://bsmojeon.es.kr/
173,방곡초등학교,공립,부산광역시 기장군 정관읍 정관덕산길 61,780-7600,http://banggok.es.kr/
174,신정초등학교,공립,부산광역시 기장군 정관읍 정관로 460,745-3600,http://sinjeong.kr/
175,신진초등학교,공립,부산광역시 기장군 철마면 고촌로28번길 10,720-8500,http://school.busanedu.net/sinjin-e/main.do
176,용암초등학교,공립,부산광역시 기장군 기장읍 기장해안로 577,721-8221,http://yongam.es.kr/
177,월내초등학교,공립,부산광역시 기장군 장안읍 길천2길 25,727-2476,http://www.wollae.es.kr/
178,월평초등학교,공립,부산광역시 기장군 정관읍 월평1길 21,508-8353,http://www.bswp.es.kr/
179,일광초등학교,공립,부산광역시 기장군 일광면 해빛로 46,930-7770,http://www.ilgwang.es.kr
180,장안초등학교,공립,부산광역시 기장군 장안읍 장안로 67-4,727-1072,http://www.jangancho.es.kr/
181,정관초등학교,공립,부산광역시 기장군 정관읍 정관로 530,720-1500,http://www.jungkwan.es.kr/
182,정원초등학교,공립,부산광역시 기장군 정관읍 정관로 423,750-9100,http://www.jeongwon.es.kr/
183,좌천초등학교,공립,부산광역시 기장군 장안읍 좌천로 13-66,727-5877,http://www.jwacheon.es.kr/
184,죽성초등학교,공립,부산광역시 기장군 기장읍 죽성로 270,721-6467,http://www.jukseong.es.kr/
185,철마초등학교,공립,부산광역시 기장군 철마면 철마로 493,721-0619,http://www.chulma.es.kr/
186,칠암초등학교,공립,부산광역시 기장군 일광면 박영준길 19,727-0760,http://www.chilam.es.kr/
187,해빛초등학교,공립,부산광역시 기장군 일광면 해빛6로 9,790-8300,http://haebit.es.kr
