﻿,0,1,2,3,4,5,6,7
0,과정명,교육대상,교육기간,기당인원,계획인원,실적횟수,실적비율,비고
1,5급 승진후보자 역량진단,시 5급 승진후보자,2,34,34,1,100,집합
2,5급 승진후보자 역량교육 및 역량진단,시 5급 승진후보자,5,107,107,3,100,"교육:화상, 진단: 집합"
3,교육운영담당자 HRD역량강화,교육운영담당자,2,33,33,1,100,화상
4,밀레니얼세대 공무원 역량 UP! UP!,7~8급 직원,3,24,24,2,100,화상
5,면접관 양성,4~5급 공무원,2,17,17,1,100,화상
6,원활한 소통과 갈등관리,전 직원,4,65,74,3,88,화상
7,스피치와 커뮤니케이션,전 직원,3,55,61,3,90,화상
8,언론홍보와 프리젠테이션 스킬향상,전 직원,3,65,67,3,97,화상
9,정부혁신의 이해,전 직원,3,18,18,1,100,화상
10,보고서작성 달인 되기,전 직원,4,72,88,3,82,화상
11,적극행정의 이해,전 직원,2,22,22,1,100,화상
12,대전이즈유 시정가치 알기,전 직원,2,25,25,2,100,화상
13,보고서작성 달인 되기(세종시 위탁),세종시 직원,4,25,25,1,100,화상
