﻿,0,1,2,3,4,5
0,소속기관명,제목,대상,시작일시,종료일시,인원수
1,학나래도서관,2022년 겨울독서교실_초등 고학년을 위한 고전 읽기,초등4~6학년,2022-01-11 10:30,2022-01-14 11:30,11
2,학나래도서관,겨울방학특강_제페토 크리에이터 되기,초등 4~6학년,2022-01-18 10:30,2022-01-21 12:00,12
3,학나래도서관,2022년 상반기 정기프로그램_메타버스 크리에이터 New도전,초등 4~6학년,2022-03-18 16:00,2022-05-20 17:30,16
4,학나래도서관,2022년 도서관주간_이지현 작가와 함께하는 엄마와 상상 쑥쑥! 아이와 표현 팡팡! 그림책 예술놀이,유아 6~7세,2022-04-09 14:00,2022-04-09 16:00,12
5,학나래도서관,2022년 도서관주간_시의:적절_시인이 답하다 이병국 시인,일반,2022-04-13 19:00,2022-04-13 21:00,15
6,독정골어린이도서관,2022 겨울방학 특화프로그램_미니어처 리디아의 정원,초등 3~6학년,2022-02-08 15:30,2022-02-16 17:00,12
7,독정골어린이도서관,2022 겨울방학특강_생각이 쑥쑥 과학실험,초등 1~3학년,2022-02-08 11:00,2022-02-17 12:00,12
8,독정골어린이도서관,2022 상반기 특화프로그램_뚝딱뚝딱 독정골 공예 공방,초등 1~6학년,2022-03-11 16:00,2022-04-09 17:30,12
9,독정골어린이도서관,도서관주간행사_나는 도장 파는 아이야,초등 3~6학년,2022-04-16 10:30,2022-04-16 12:30,10
10,독정골어린이도서관,도서관주간행사_스토리텔링 Book 매직쇼!,초등 1~6학년,2022-04-16 15:00,2022-04-16 16:00,10
11,석바위어린이도서관,2022 겨울방학특강_슬기로운 그림책 생활,초등 1~3학년,2022-01-20 16:00,2022-01-28 17:30,12
12,석바위어린이도서관,2022 상반기 정기 프로그램_새 학기를 시작하는 초등학생의 사회성 향상을 위한 독서치료교실,초등 2~3학년,2022-03-17 16:00,2022-03-18 17:30,12
13,석바위어린이도서관,2022 상반기 정기 프로그램_한국사 탐험대,초등 3~6학년,2022-04-01 16:30,2022-05-20 18:00,12
14,석바위어린이도서관,2022 도서관주간 행사_꿈과 용기를 주는 <꾸고> 이범재 작가님과의 그림책강연과 샌드아트,6~9세,2022-04-16 11:00,2022-04-16 12:30,12
15,관교어린이도서관,2022 겨울방학특강_ 책놀이 하브루타,초등 1~3학년,2022-01-18 17:00,2022-02-15 18:00,10
16,관교어린이도서관,2022 겨울방학 특화프로그램_제니의 아트 잉글리쉬,6~7세,2022-01-15 14:00,2022-02-05 16:00,10
17,관교어린이도서관,2022 생활과학교실 1기,초등 3~4학년,2022-02-17 17:00,2022-04-21 18:00,10
18,관교어린이도서관,2022 상반기 특화프로그램_제니의 아트 잉글리쉬,7~8세,2022-03-19 14:00,2022-05-21 15:00,10
19,관교어린이도서관,2022 도서관주간_그림책이랑 아트랑,초등 2~4학년,2022-04-15 16:00,2022-04-15 17:00,12
20,관교어린이도서관,2022 생활과학교실 2기,초등 2~5학년,2022-04-28 17:00,2022-07-07 18:00,10
21,숭의어린이도서관,2022 겨울방학특강_그림책 푸드아트 창의놀이,초등 1~2학년,2022-01-14 10:30,2022-01-21 12:00,10
22,숭의어린이도서관,2022 겨울방학특강_슬기로운 창의수학,초등 2~3학년,2022-01-10 10:30,2022-01-11 12:00,10
23,숭의어린이도서관,2022 상반기 정기 프로그램_동화랑 잼난 집콕놀이,초등 1~2학년,2022-03-10 17:00,2022-04-28 18:00,12
24,숭의어린이도서관,2022 상반기 정기 프로그램_체험 교구 수학,초등 2~4학년,2022-03-10 17:00,2022-04-28 18:00,12
25,숭의어린이도서관,2022 도서관주간_환경보호 마술극-마법의 정원,유아~초등 고학년,2022-04-15 17:00,2022-04-15 18:00,70
26,쑥골어린이도서관,2022 겨울방학특강_아두이노와 함께하는 디지털 메이킹 첫걸음,초등 3~6학년,2022-02-03 16:00,2022-02-11 17:30,10
27,쑥골어린이도서관,2022 상반기 정기 프로그램_키즈공예,5~7세,2022-03-11 16:30,2022-04-29 17:30,10
28,쑥골어린이도서관,2022 상반기 정기 프로그램_랜선으로 떠나는 보드게임 여행,초등 3~4학년,2022-03-16 16:00,2022-05-04 17:00,10
29,쑥골어린이도서관,2022 도서관주간_재희 작가와의 만남,5세~초등 3학년,2022-04-23 14:00,2022-04-23 15:30,12
30,한우리어린이도서관,2022 겨울방학특강_새해맞이 호랑이시계&한복주머니 만들기,초등학생,2022-01-11 16:30,2022-01-18 18:00,12
31,한우리어린이도서관,2022 겨울방학 특화프로그램_나는야 만화작가,초등학생,2022-01-06 16:30,2022-01-27 18:00,12
32,한우리어린이도서관,재능나눔_펜드로잉으로 4컷 만화 그리기,초등학생,2022-02-16 16:30,2022-02-17 18:00,8
33,한우리어린이도서관,"2022 상반기 특화프로그램_ 웹툰, 우리들의 이야기",초등학생,2022-03-15 16:30,2022-05-17 18:00,12
34,한우리어린이도서관,2022 도서관주간_임덕영 만화가와의 만남,초등학생,2022-04-14 16:30,2022-04-14 18:00,12
35,소금꽃어린이도서관,2022 겨울방학 특강_그림책 하브루타,초등 2~4학년,2022-01-13 10:00,2022-02-03 12:00,10
36,소금꽃어린이도서관,2022 상반기 정기 프로그램_반짝반짝 창의동화구연,6~8세,2022-04-05 16:30,2022-04-26 18:00,10
37,소금꽃어린이도서관,2022 상반기 정기 프로그램_수학아~놀자!,초등 4~6학년,2022-04-07 16:00,2022-04-28 18:00,10
38,장사래어린이도서관,"2022 겨울방학 특화프로그램_지구마을-생태, 환경",초등 2~4학년,2022-01-18 11:00,2022-01-27 12:30,10
39,장사래어린이도서관,2022 상반기 정기 프로그램_잠재력 쑥쑥 책놀이,초등 1~3학년,2022-03-18 16:00,2022-05-06 18:00,10
40,이랑도서관,2022 겨울방학 특화프로그램_그림책과 만나는 푸드테라피,초등 1~2학년,2022-01-07 10:30,2022-01-27 12:00,10
41,이랑도서관,2022 겨울방학특강_에코메이킹:지구해,초등 3~6학년,2022-01-04 10:30,2022-01-18 12:00,10
42,이랑도서관,2022 상반기 특화프로그램_그림책과 함께하는 랜선 수학 스토리텔링,초등 1~4학년,2022-03-17 16:30,2022-05-26 18:00,10
43,제물포도서관,2022 겨울방학특강_슬기로운 과학생활,초등 3~6학년,2022-01-11 16:00,2022-02-22 18:00,12
44,제물포도서관,2022 동아시아 시민스쿨_중국어&영어(원어민),초등 3~4학년,2022-02-10 10:00,2022-02-11 14:00,10
45,제물포도서관,2022 상반기 정기 프로그램_독서로 여는 마음놀이터,초등 1~3학년,2022-03-11 16:00,2022-04-29 17:00,12
46,제물포도서관,2022 상반기 정기 프로그램_슬기로운 과학실험,초등 4~6학년,2022-03-08 17:00,2022-04-26 18:00,12
47,제물포도서관,2022 도서관주간_고양이인형 만들기,초등 3~6학년,2022-04-12 15:00,2022-04-12 17:00,10
48,제물포도서관,2022 도서관주간_김미혜작가와의 만남,초등 1~6학년,2022-04-16 10:00,2022-04-16 12:00,12
49,용비도서관,겨울독서교실_도서관에서 자라는 아이들,초등 1~3학년,2022-01-11 11:00,2022-01-14 12:00,12
50,용비도서관,2022 겨울방학특강_책이랑 놀아요,유아 6~7세,2022-01-13 16:00,2022-01-21 17:00,12
51,용비도서관,생활과학교실 1기,초등 1~4학년,2022-01-14 16:30,2022-03-18 17:30,10
52,용비도서관,2022 상반기 정기 프로그램_두근두근 과학실험,초등 1~3학년,2022-03-12 10:30,2022-04-30 11:30,12
53,용비도서관,2022 상반기 정기 프로그램_유물과 함께하는 역사이야기,초등 3~6학년,2022-03-11 17:00,2022-04-29 18:00,12
54,용비도서관,2022 도서관주간_고양이 해결사 깜냥의 홍민정 작가와의 만남,"초, 중등학생",2022-04-02 15:00,2022-04-02 16:30,25
55,용비도서관,2022 도서관주간_너에겐 고물 나에겐 보물(정크아트),초등 1~3학년,2022-04-23 14:00,2022-04-23 15:30,12
56,용비도서관,생활과학교실 2기,초등 1~4학년,2022-04-15 16:30,2022-06-17 17:30,10
