﻿,0,1,2,3,4,5
0,번호,서명,저자,발행자,발행년,자료실
1,1,유치원에서 똥이 마려워요,이상교 글 ; 허자영 그림,꿈소담이:소담주니어,2021,[대라]가족열람실
2,2,가끔 나는…,세라 메이콕 글·그림 ; 서남희 옮김,해와나무,2022,[대라]가족열람실
3,3,거인의 정원,최정인 글·그림,브와포레,2021,[대라]가족열람실
4,4,겨울은 어떤 곳이야,구도 노리코 지음 ; 엄혜숙 옮김,천개의바람,2022,[대라]가족열람실
5,5,괴물원,junaida 글·그림 ; 송태욱 옮김,비룡소,2021,[대라]가족열람실
6,6,귀,피레트 라우드 지음 ; 신형건 옮김,보물창고,2021,[대라]가족열람실
7,7,꽃들의 시간,황상미 지음,향,2021,[대라]가족열람실
8,8,나는 ( ) 사람이에요 : 세상과 마주한 우리를 위한 응원,수전 베르데 지음 ; 피터 H. 레이놀즈 그림 ; 김여진 옮김,위즈덤하우스,2021,[대라]가족열람실
9,9,나는 너무 평범해,김영진 글·그림,길벗어린이,2021,[대라]가족열람실
10,10,나는 사자,경혜원 글·그림,비룡소,2021,[대라]가족열람실
11,11,"나는, 비둘기",고정순 지음,만만한책방,2022,[대라]가족열람실
12,12,나를 꼬옥 안아 줘!,꼼꼼 지음,냉이꽃,2021,[대라]가족열람실
13,13,나와 태양의 배,나카반 쓰고 그림 ; 이은주 옮김,봄볕,2021,[대라]가족열람실
14,14,나의 아기 오리에게 : 삶을 더욱 반짝이게 하려면,코비 야마다 지음 ; 찰스 산토소 그림 ; 김여진 옮김,상상의힘,2022,[대라]가족열람실
15,15,나의 작은 섬,바바라 쿠니 글 그림 ; 이상희 옮김,비룡소,2021,[대라]가족열람실
16,16,난 나의 춤을 춰,다비드 칼리 지음 ; 클로틸드 들라크루아 그림 ; 이세진 옮김,모래알,2021,[대라]가족열람실
17,17,내 이름은… 라울,앙젤리크 빌뇌브 글 ; 마르타 오르젤 그림 ; 정순 옮김,나무말미,2022,[대라]가족열람실
18,18,너는 나의 모든 계절이야,유혜율 글 ; 이수연 그림,후즈갓마이테일,2022,[대라]가족열람실
19,19,"너무 보고 싶어 : 이별, 그리움 그리고 기억 : 곰과 함께 슬픔을 달래는 그림책",아이세 보쎄 글 ; 안드레아스 클람트 그림 ; 이명아 옮김,북뱅크,2022,[대라]가족열람실
20,20,노스애르사애,이범재 글·그림,계수나무,2021,[대라]가족열람실
21,21,다 같은 나무인 줄 알았어 : 김선남 그림책,김선남 지음,그림책공작소,2021,[대라]가족열람실
22,22,달 가루,이명하 글·그림,웅진주니어,2022,[대라]가족열람실
23,23,민들레사자의 꿈,요코 다나카 글·그림,진선아이,2022,[대라]가족열람실
24,24,반려인간 산책시키기,리즈 레든 글 ; 가브리엘라 페트루소 그림 ; 서남희 옮김,국민서관,2022,[대라]가족열람실
25,25,반짝,최정선 글 ; 설찌 그림,보림,2021,[대라]가족열람실
26,26,반짝이 : 양선 그림책,양선 지음,소원나무,2022,[대라]가족열람실
27,27,봄의 초대,나현정 지음,글로연,2022,[대라]가족열람실
28,28,브로콜리지만 사랑받고 싶어,"별다름,달다름 글 ; 서영 그림",키다리,2021,[대라]가족열람실
29,29,브루키와 작은 양 : M. B. 고프스타인 그림책,M. B. 고프스타인 지음 ; 이수지 옮김,미디어창비,2021,[대라]가족열람실
30,30,사랑해 온 마음으로 사랑해,캐롤라인 제인 처치 글·그림 ; 신형건 옮김,보물창고,2022,[대라]가족열람실
31,31,색깔을 찾는 중입니다,키아라 메잘라마 글 ; 레자 달반드 그림 ; 이세진 옮김,모래알:키다리,2022,[대라]가족열람실
32,32,순간 수집가,크빈트 부흐홀츠 글·그림 ; 이옥용 옮김,보물창고:푸른책들,2021,[대라]가족열람실
33,33,"시인 아저씨, 국수 드세요 : 시인 백석과 국수 이야기",신순재 글 ; 오승민 그림,천개의바람,2022,[대라]가족열람실
34,34,시큰둥이 고양이,소피 블랙올 글·그림 ; 김서정 옮김,주니어RHK(주니어랜덤),2022,[대라]가족열람실
35,35,아주 작은 멋진 집,사카이 사치에 글·그림 ; 김현정 옮김,꿈터,2022,[대라]가족열람실
36,36,"알로, 잠들지 못하는 사자 : 캐서린 레이너 그림책",캐서린 레이너 글·그림 ; 정화진 옮김,미디어창비,2022,[대라]가족열람실
37,37,어려도 지구는 우리가 구할 거야! : 기후 위기에 맞서는 어린이들의 생생 경험담,롤 커비 글 ; 아델리나 리리어스 그림 ; 심연희 옮김,책읽는곰,2022,[대라]가족열람실
38,38,오랜만이야!,다비드 칼리 글 ; 마리 도를레앙 그림 ; 이숙진 옮김,킨더랜드,2021,[대라]가족열람실
39,39,우리의 둥지,서유진 글·그림,브와포레,2022,[대라]가족열람실
40,40,이상한 동물원,연수 글·그림,비룡소,2022,[대라]가족열람실
41,41,작은 종이 봉지의 아주 특별한 이야기,헨리 콜 글·그림,비룡소,2022,[대라]가족열람실
42,42,주기 싫은 생일 선물,엠마 아드보즈 지음 ; 황덕령 옮김,우리학교,2022,[대라]가족열람실
43,43,주세요 주세요,신혜영 글 ; 최미란 그림,천개의바람,2021,[대라]가족열람실
44,44,키오스크,아네테 멜레세 글·그림 ; 김서정 옮김,미래아이:미래＆B,2021,[대라]가족열람실
45,45,파리의 작은 인어,루시아노 로사노 글·그림 ; 박재연 옮김,블루밍제이,2022,[대라]가족열람실
46,46,핑! : 자유롭게·용감하게·현명하게,아니 카스티요 글·그림 ; 박소연 옮김,달리,2020,[대라]가족열람실
47,47,할머니의 저녁 식사 : M. B. 고프스타인 그림책,M. B. 고프스타인 지음 ; 이수지 옮김,미디어창비,2021,[대라]가족열람실
48,48,행복은 어디에나 있어 : 공을 물고 달리는 개의 행복,브루스 핸디 글 ; 염혜원 그림 ; 공경희 옮김,주니어RHK:알에이치코리아,2022,[대라]가족열람실
49,49,호라이,서현 지음,사계절,2021,[대라]가족열람실
50,50,호라이 호라이,서현 지음,사계절,2021,[대라]가족열람실
51,51,호랑이 생일날이렷다 : 강혜숙 그림책,강혜숙 지음,우리학교,2022,[대라]가족열람실
52,52,500원 토끼를 찾아라! : 집중력을 강하게! 초집중력 프로젝트 : 다른그림 + 미로 + 숨은그림,"하얀콩,유우 글·그림",파란정원,2021,[대라]가족열람실
53,53,김연경=Kim Yeon Koung,김현수 글 ; 김래현 그림,스튜디오다산:다산북스,2022,[대라]가족열람실
54,54,감정에 이름을 붙여봐 : 내 기분을 말하는 45가지 단어,이라일라 글 ; 박현주 그림,파스텔하우스,2022,[대라]가족열람실
55,55,경이로운 지구 우리가 함께 지켜요,라이사 스튜어트 샤프 지음 ; 김정한 옮김 ; 리디아 힐 그림,놀이터,2022,[대라]가족열람실
56,56,고래와 나,이재민 글 ; 안혜란 그림,고래책빵,2021,[대라]가족열람실
57,57,(고민이 있다면) 또래 상담소!,임지형 글 ; 차상미 그림,키다리,2022,[대라]가족열람실
58,58,구름보다 태양,마시 캠벨 글 ; 코리나 루켄 그림 ; 김세실 옮김,위즈덤하우스,2022,[대라]가족열람실
59,59,귀신도 반한 숲속 라면 가게,이서영 글 ; 송효정 그림,크레용하우스,2022,[대라]가족열람실
60,60,"기분이 좋아, 내가 나라서",소냐 하트넷 글 ; 가브리엘 에반스 그림 ; 라미파 옮김,한울림어린이,2021,[대라]가족열람실
61,61,나태평과 진지해,진수경 글·그림,천개의바람,2022,[대라]가족열람실
62,62,날씨를 읽는 시간,제시카 스툴러-콘라드 지음 ; 이현경 옮김 ; 이장미 그림,픽,2022,[대라]가족열람실
63,63,내 마음이 잘 지냈으면 좋겠어 : 우울함으로부터 나를 지키는 연습,케이티 헐리 글 ; 인디 그림 ; 조연진 옮김,픽:잇츠북,2021,[대라]가족열람실
64,64,내 머리에는 딱따구리가 산다 : 신윤화 동화집,신윤화 글 ; 한아름 그림,마루비,2022,[대라]가족열람실
65,65,"너와 나를 지키는 힘, 동의",오승현 글 ; 이해정 그림,개암나무,2022,[대라]가족열람실
66,66,"놓지 마 과학!. 10, 정신이 동물에 정신 놓다","신태훈,나승훈 글·그림",위즈덤하우스,2021,[대라]가족열람실
67,67,"놓지 마 과학!. 11, 정신이 코딩에 징신 놓다 1","신태훈,나승훈 글·그림",위즈덤하우스,2021,[대라]가족열람실
68,68,"놓지 마 과학!. 12, 정신이 코딩에 징신 놓다 2","신태훈,나승훈 글·그림",위즈덤하우스,2021,[대라]가족열람실
69,69,눈물 목걸이,프란카 페리니 지음 ; 안나 페드론 그림 ; 황연재 옮김,책빛,2022,[대라]가족열람실
70,70,"늘보 씨, 집을 나서다",김준철 지음,한울림스페셜,2022,[대라]가족열람실
71,71,다르면서 같은 우리 : 차별을 넘어서는 열다섯 가지 단어,에바누엘라 나바 지음 ; 시모나 물라차니 그림 ; 김경연 옮김,풀빛,2022,[대라]가족열람실
72,72,단어의 여왕,신소영 글 ; 모예진 그림,비룡소,2022,[대라]가족열람실
73,73,레벨 업 5학년,"김혜진,전여울,박현경,최상아,이송현,정연철 지음 ; 센개 그림",위즈덤하우스,2021,[대라]가족열람실
74,74,마법의 파란 모자,전광섭 글 ; 박현주 그림,별숲,2022,[대라]가족열람실
75,75,(우리 곁에서 사라져 가는) 멸종 위기 야생동물,소소한소통 글·그림 ; 국립생태원 엮음,국립생태원,2021,[대라]가족열람실
76,76,뭐지 뭐지! : 하오 슈오 그림책,하오 슈오 지음,북멘토,2022,[대라]가족열람실
77,77,빨간 상자 : 마음을 선물하는 일,"린다 볼프스그루버,지노 알베르티 지음 ; 유혜자 옮김",시금치,2022,[대라]가족열람실
78,78,새벽길,다니엘 페르 지음 ; 엘레나 로톤도 그림 ; 서희준 옮김,계수나무,2022,[대라]가족열람실
79,79,수상한 책방과 놀자 할아버지,전경남 글 ; 홍기한 그림,창비,2022,[대라]가족열람실
80,80,숲 속의 모우,나피 지음 ; 송지현 옮김,미운오리새끼,2022,[대라]가족열람실
81,81,(아이들도 잘 모르고 어른들은 더 모르는) 신기한 현상 사전,코코로사 글 ; 요시타케 신스케 그림 ; 이소담 옮김,주니어김영사,2022,[대라]가족열람실
82,82,싫다고 말하자! : 처음 배우는 동의,제니 시몬스 지음 ; 크리스틴 쏘라 그림 ; 노지양 옮김,토토북,2022,[대라]가족열람실
83,83,아이와 칼,김숨 글 ; 황미선 그림,우리나비,2021,[대라]가족열람실
84,84,아주 옛날에는 사람이 안 살았다는데,안느-엘렌 뒤브레이 지음 ; 라미파 옮김,한울림어린이,2022,[대라]가족열람실
85,85,안녕 열두 달 : 오늘이 특별해지는 명절 절기 세시 풍속,박보미 글·그림,책읽는곰,2022,[대라]가족열람실
86,86,(웃으며 지구를 지키는) 어린이 에코 시민 가이드,엘리즈 루소 글 ; 로베르 그림 ; 허보미 옮김,북멘토,2022,[대라]가족열람실
87,87,어스름 나라에서,아스트리드 린드그렌 글 ; 마리트 퇴른크비스트 그림 ; 김라합 옮김,창비,2022,[대라]가족열람실
88,88,여덟 공주와 마법 거울,나타샤 패런트 지음 ; 리디아 코리 그림 ; 김지은 옮김,사계절,2022,[대라]가족열람실
89,89,오후 네 시의 놀이터,제성은 지음 ; 정은선 그림,노란상상,2022,[대라]가족열람실
90,90,"용선생의 시끌벅적 과학교실. 29, 온도와 열-피자가 식지 않는 배달 가방의 비밀은","사회평론 과학교육연구소 지음 ; 김인하,뭉선생,윤효식 그림",사회평론,2022,[대라]가족열람실
91,91,"용선생의 시끌벅적 과학교실. 30, 암석-돌하르방에 숭숭 구멍이 뚫린 까닭은","사회평론 과학교육연구소 지음 ; 조현상,김지희,전성연 그림",사회평론,2022,[대라]가족열람실
92,92,"위풍당당 여우 꼬리. 2, 알쏭달쏭 우정 테스트",손원평 글 ; 만물상 그림,창비,2022,[대라]가족열람실
93,93,유리병 속의 생태계 : 지구 별의 놀라운 작품,레이첼 이그노토프스키 지음 ; 조은영 옮김,책읽는곰,2022,[대라]가족열람실
94,94,"이것저것들의 하루. 2, 바퀴, 파라오 그리고 매머드의 하루",마이크 바필드 글 ; 제스 브래들리 그림 ; 김현희 옮김,위즈덤하우스,2021,[대라]가족열람실
95,95,"이것저것들의 하루. 3, 갯벌, 한라산 그리고 고추장의 하루",마이크 바필드 글 ; 제스 브래들리 그림 ; 김현희 옮김,위즈덤하우스,2022,[대라]가족열람실
96,96,(읽다 보면 저절로 알게 되는) 신비한 습관 사전,이수인 글·그림,파란정원,2022,[대라]가족열람실
97,97,(읽으면서 바로 써먹는) 어린이 사자성어,한날 글·그림,파란정원,2021,[대라]가족열람실
98,98,(읽으면서 바로 써먹는) 어린이 한국사 퀴즈. 1,한날 글·그림,파란정원,2021,[대라]가족열람실
99,99,자코미누스 : 달과 철학을 사랑한 토끼,레베카 도트르메르 지음 ; 이경혜 옮김,다섯수레,2022,[대라]가족열람실
100,100,찰랑찰랑 비밀 하나,황선미 지음 ; 김정은 그림,위즈덤하우스,2022,[대라]가족열람실
101,101,천일야화,이정주 엮음 ; 이준선 그림,스푼북,2022,[대라]가족열람실
102,102,첫눈 오는 날 찾아온 손님,김리리 글 ; 김소라 그림,문학동네,2022,[대라]가족열람실
103,103,크릴 전쟁 : 초등학생을 위한 해양 환경 이야기,양지영 글 ; 심상정 그림,지성사,2021,[대라]가족열람실
104,104,탄소 중립이 뭐예요,장성익 글 ; 방상호 그림,풀빛,2022,[대라]가족열람실
105,105,토마토 기준,김준현 시 ; 송선옥 그림,문학동네,2022,[대라]가족열람실
106,106,퓌제트와 프라질,"로르 푸드빈,에스텔 올리비에 글 ; 사뮈엘 뤼베롱 그림 ; 양진희 옮김",작은코도마뱀,2022,[대라]가족열람실
107,107,핵 구름 속의 아이,구드룬 파우제방 글 ; 하호하호 그림 ; 유영미 옮김,꿈꾸는섬,2022,[대라]가족열람실
108,108,(흔한남매의) 흔한 호기심 : 일상에서 만나는 과학 상식. 5,흔한남매 원작 ; 안치현 글 ; 유난희 그림,아이세움,2022,[대라]가족열람실
109,109,(10대를 위한) 나의 첫 공학 수업,패멀라 매컬리 지음 ; 김주희 옮김,시프,2021,[대라]종합자료실
110,110,(10대를 위한) 돈 공부 : 꿈·행복·부·인생을 모두 배우는 진짜 경제 수업!,김명지 지음,굿웰스북스,2022,[대라]종합자료실
111,111,(10대를 위한) 적정기술 콘서트 : 더 나은 사회를 만드는 지속가능한 과학기술,"장수영,안성훈,이원구,신관우,서덕영,신선경,박헌균,김가형,김형진 지음",7분의언덕,2021,[대라]종합자료실
112,112,(10대와 통하는) 채식 이야기 : 세상을 바꾸는 밥상,이유미 글·그림,철수와영희,2021,[대라]종합자료실
113,113,1930’s 경성 무지개 : 그들의 심장은 뛰었다,민경혜 지음,단비청소년,2022,[대라]종합자료실
114,114,(신문으로 공부하는 말랑말랑) 시사상식 : 청소년,시사상식연구소 편저,SD에듀:시대고시기획,2022,[대라]종합자료실
115,115,99점은 100점이 아니다 : 마지막 1점을 완성하는 입학사정관의 치열한 24시간,류나리 지음,미다스북스,2022,[대라]종합자료실
116,116,"감정을 파는 소년 : 십대들의 힐링 캠프, 소망",김수정 지음,행복한나무,2021,[대라]종합자료실
117,117,과학관으로 온 엉뚱한 질문들,이정모 지음 ; 신지현 그림,정은문고,2021,[대라]종합자료실
118,118,(생각이 열리는)교과서 토론 : 과학,"김동명,김민성,서영석,이승택,최고은,최규식,최문주,하헌우,한동규 지음",이화북스,2022,[대라]종합자료실
119,119,교실을 나간 선생님,전아리 지음,탐:토토북,2022,[대라]종합자료실
120,120,"국경 마을, 삼차구에서 보내온 이야기",박영희 엮음 ; 박혜 그림,숨쉬는책공장,2022,[대라]종합자료실
121,121,"궁금했어, 양자 역학",송은영 지음 ; 주노 그림,나무생각,2022,[대라]종합자료실
122,122,그 애 집은 어디일까 : 최양선 소설,최양선 글 ; 최경식 그림,낮은산,2021,[대라]종합자료실
123,123,그 여름의 끝,이진미 글 ; 김유진 그림,글라이더,2022,[대라]종합자료실
124,124,"그건 내 건데 : 기본소득, 모두가 차별 없이 찾아야 할 권리",이선배 지음 ; 김휘승 그림,내일을 여는 책,2022,[대라]종합자료실
125,125,나를 지키는 최소한의 법 이야기,양지열 지음,자음과모음,2022,[대라]종합자료실
126,126,나의 고통은 보이지 않아 : 우리가 다스려야 할 마음의 상처에 대하여,루실 드 페슬루앙 글 ; 주느비에브 다를링 그림 ; 박언주 옮김,빨간콩,2021,[대라]종합자료실
127,127,네덜란드 단편 동화집,"윌리엄 엘리엇 그리피스 지음 ; 임아랑,L.E.K 옮김",미니책방,2022,[대라]종합자료실
128,128,누가 뭐래도 나는나 : 10대를 위한 인생 힌트,사사다 유미코 글 ; 도모노 가나코 그림 ; 안혜은 옮김,이야기공간,2022,[대라]종합자료실
129,129,러브 바이러스,김태라 지음,현북스,2021,[대라]종합자료실
130,130,리정혁의 백두산 하이킹,박경희지음,주니어김영사,2022,[대라]종합자료실
131,131,말을 거는 영화들 : 에서 까지 생각을 넓히는 영화 읽기,라제기 지음,북트리거,2021,[대라]종합자료실
132,132,메타버스 언박싱 : 10대를 위한 메타버스 완전 정복,이정호 지음,글라이더,2022,[대라]종합자료실
133,133,"메타버스, 너때는 말이야",정동훈 지음,넥서스,2022,[대라]종합자료실
134,134,"문과도 이과도 빠져드는 수학 퀴즈 100 : 직감력, 논리력, 사고력을 높여 주는 수학 퀴즈",요코야마 아스키 지음 ; 박유미 옮김,온스토리,2022,[대라]종합자료실
135,135,물리학이 이렇게 쉬울 리 없어,최원석 지음,생각학교,2022,[대라]종합자료실
136,136,미녀와 쓰레기통,조앤 오코넬 지음 ; 최지수 옮김,미래인:미래M＆B,2022,[대라]종합자료실
137,137,"미래 에너지 쫌 아는 10대 : 태양부터 수소까지, 새로운 에너지 히어로는",이필렬 글 ; 방상호 그림,풀빛,2021,[대라]종합자료실
138,138,미스터 라푼젤 : 성별 반전 동화 12편,조나단 플랙켓 글 ; 캐리 프란스만 그림 ; 박혜원 옮김,토마토,2022,[대라]종합자료실
139,139,(빈민을 위해 헌신한) 마더 테레사,김정희 지음,자음과모음:이룸,2022,[대라]종합자료실
140,140,사라지기 전에 단 하나의 이야기를 : 서연아 장편소설,서연아 지음,서해문집,2021,[대라]종합자료실
141,141,(새로운 세상을 꿈꾼) 해월 최시형,조중의 지음,자음과모음:이룸,2021,[대라]종합자료실
142,142,생명과학이 이렇게 쉬울 리 없어,윤자영 지음,생각학교,2022,[대라]종합자료실
143,143,"세상 속의 과학, 과학 속의 세상 : 카이스트생이 바라본 문화와 일상","홍지운,김성훈,양인선,박해준,노승은,양경록 외 카이스트 학생들 지음",살림Friends,2021,[대라]종합자료실
144,144,소리 내어 말하지 않아도,케이트 다비셔 지음 ; 김경연 옮김,다봄,2021,[대라]종합자료실
145,145,(소설로 알아보는)바이오 사이언스 : 25가지 생명과학 미래유망기술은 어떻게 세상을 바꿀까,전승민 지음,세종,2022,[대라]종합자료실
146,146,안녕 나는 호모미디어쿠스야 : 현직 기자가 들려주는 AI시대 미디어 수업,양지열 지음,자음과모음,2022,[대라]종합자료실
147,147,어느 날 색깔이 사라졌다,이와 조지프코비치 글 ; 장혜진 옮김,봄의정원,2021,[대라]종합자료실
148,148,엄마랑은 왜 말이 안 통할까 : 뇌과학자와 함께하는 십대-부모 소통 프로젝트,딘 버넷 지음 ; 김인경 옮김,뜨인돌,2022,[대라]종합자료실
149,149,"열세살, 사랑해도 괜찮아 : 사춘기 아이들이 말하는 사랑","강하늘,김재을,박서윤,유한결,윤채영,이하윤 지음",좋은땅,2022,[대라]종합자료실
150,150,오늘 넘긴 페이지,메 글·그림,길벗어린이,2022,[대라]종합자료실
151,151,왜 미디어가 문제일까 : 10대에게 들려주는 미디어 이야기,박창섭 지음,반니,2022,[대라]종합자료실
152,152,요괴 호러 픽션 쇼,"윤동희,김채현,김경은,장혜영,성기연,김명 지음",별숲,2021,[대라]종합자료실
153,153,우산의 비밀 : 독도 앤솔러지,정명섭 외 지음,팩토리나인,2022,[대라]종합자료실
154,154,유사과학 탐구영역. 4,계란계란 글·그림,뿌리와이파리,2020,[대라]종합자료실
155,155,(이PD의) 방송국 탐구생활 : 방송국에서 일하고 싶은 10대를 위한 현직 PD의 '일' 이야기,이수연 글,꿈틀,2021,[대라]종합자료실
156,156,"이상한 나라의 위험한 가짜뉴스 : 가짜뉴스와 혐오, 사이버 폭력으로부터 나를 지키는 법",마우로 무나포 글 ; 마르타 판탈레오 그림 ; 김지우 옮김,우리학교,2022,[대라]종합자료실
157,157,이웃집 살인범,선자은 지음,여섯번째봄,2022,[대라]종합자료실
158,158,인지심리학은 처음이지,"김경일,김태훈,이윤형 지음",북멘토,2022,[대라]종합자료실
159,159,중학생을 위한 글쓰기 수업,태기수 글 ; 이철민 그림,위즈덤하우스,2021,[대라]종합자료실
160,160,"(진료실에 숨은) 의학의 역사 : 메스, 백신, 마취제에 담긴 의학사",박지욱 지음,휴머니스트,2022,[대라]종합자료실
161,161,(청소년을 위한) 리걸 마인드 수업 : 시민력을 기르는 법 이야기,류동훈 지음,지노,2021,[대라]종합자료실
162,162,(청소년을 위한) 질문 수업 : 청소년기 성장 과정에서 던져야 할 질문의 모든 것!,"오정환,오은경,김상범 지음",벗나래,2021,[대라]종합자료실
163,163,"(편집자가 알려주는) 중학생의 글쓰기 : 각을, 꿈을 문장으로 가다듬는 청소년 글쓰기의 힘",나른히 지음,도서출판덤보,2022,[대라]종합자료실
164,164,플라스틱 없이 1년 살기 : 52주 미션,소피 프리 글 ; 안나 루빈스키 그림 ; 이나래 옮김,북스힐,2022,[대라]종합자료실
165,165,훌훌 : 문경민 장편소설,문경민 지음,문학동네,2022,[대라]종합자료실
166,166,"1일 1로그 100일 완성 IT 지식 : 하드웨어, 소프트웨어, 통신, 데이터, 4가지 IT 근육으로 디지털 문해력 기르기",브라이언 W. 커니핸 지음 ; 하성창 옮김,인사이트,2022,[대라]종합자료실
167,167,"50대에 도전해서 부자 되는 법 : 돈 버는 습관, 수입 창출, 노후 준비까지",서미숙 지음,유노북스,2022,[대라]종합자료실
168,168,거꾸로 읽는 그리스 로마사 : 신화가 아닌 보통 사람의 삶으로 본 그리스 로마 시대,개릿 라이언 지음 ; 최현영 옮김,다산초당:다산북스,2022,[대라]종합자료실
169,169,"검은 피부, 하얀 가면",프란츠 파농 지음 ; 노서경 옮김,문학동네,2022,[대라]종합자료실
170,170,그들의 말 혹은 침묵 : 아니 에르노 장편소설,아니 에르노 지음 ; 정혜용 옮김,민음사,2022,[대라]가족열람실
171,171,근본 없는 월드 클래스,류연웅 지음,안전가옥,2021,[대라]종합자료실
172,172,낀대 패싱=Kkin-dai passing : 튀고 싶지만 튀지 못하는 소심한 반항아들,"윤석만,천하람 지음",가디언,2022,[대라]종합자료실
173,173,나의 상상은 현실이 된다 : 꿈꾸는 대로 이루어지는 마음 주문,이도원 지음,다산북스,2022,[대라]종합자료실
174,174,낭만적 은둔의 역사 : 혼자인 시간을 살아가고 사랑하는 법,데이비드 빈센트 지음 ; 공경희 옮김,더퀘스트:길벗,2022,[대라]종합자료실
175,175,내 마음도 쉴 곳이 필요해요 : 크리스천 정신과의사의 마음챙김,유은정 지음,규장,2022,[대라]종합자료실
176,176,내 안의 어린 아이가 울고 있다 : 상처 입은 내면아이와 화해하는 치유의 심리학,니콜 르페라 지음 ; 이미정 옮김,웅진지식하우스:웅진씽크빅,2021,[대라]종합자료실
177,177,네가 울어서 꽃은 진다 : 최백규 시집,최백규 지음,창비,2022,[대라]종합자료실
178,178,네트워크 분석 : 소셜 미디어에서 신경망까지,"필립포 멘처,산토 포르투나토,칼리튼 데이비스 지음 ; 손승우,엄영호,이상훈,이은,김희태,이미진 옮김",에이콘(에이콘출판주식회사),2022,[대라]종합자료실
179,179,당신 엄마가 당신보다 잘하는 게임 : 박서련 소설집,박서련 지음,민음사,2022,[대라]종합자료실
180,180,돈의 흐름에 올라타라 : 돈의 신호를 포착하는 법,홍춘욱 지음,스마트북스,2022,[대라]종합자료실
181,181,동물은 어떻게 슬퍼하는가,바버라 J. 킹 지음 ; 정아영 옮김,서해문집,2022,[대라]종합자료실
182,182,동의보감 : 자연치유의 법칙,김성호 지음,예나루,2022,[대라]종합자료실
183,183,러브 플랜트 : 윤치규 소설,윤치규 지음,자음과모음,2022,[대라]종합자료실
184,184,(로직으로 따라 하는) 비트메이킹 : 컴퓨터 음악 작곡,이지영 지음,가득뮤직,2021,[대라]종합자료실
185,185,망해버린 이번 생을 애도하며 : 정지혜 장편소설,정지혜 지음,몽실북스,2022,[대라]종합자료실
186,186,"메멘토 모리 : 너 두고 나 절대로 안 죽어 : 시대의 지성, 이병철 회장의 24가지 질문에 답하다",이어령 지음 ; 김태완 엮음,열림원,2022,[대라]종합자료실
187,187,(모두를 위한) 기독교 교양 : 기독교를 읽다 기독교와 잇다,손성찬 지음,죠이북스,2022,[대라]종합자료실
188,188,미라클 크리크 : 앤지 김 장편소설,앤지 김 지음 ; 이동교 옮김,문학동네,2021,[대라]종합자료실
189,189,밤이 오기 전에 : 프루스트 단편선,마르셀 프루스트 지음 ; 유예진 옮김,현암사,2022,[대라]종합자료실
190,190,백광,렌조 미키히코 지음 ; 양윤옥 옮김,모모,2022,[대라]종합자료실
191,191,백은의 잭,히가시노 게이고 지음 ; 양윤옥 옮김,소미미디어,2022,[대라]종합자료실
192,192,백의 그림자 : 황정은 장편소설,황정은 지음,창비,2022,[대라]종합자료실
193,193,베이킹 하다 앳 홈 : 24만 유튜버 하다앳홈이 알려주는 쉽고 맛있는 홈베이킹 64,박정아 지음,중앙북스,2022,[대라]종합자료실
194,194,벼랑위의 집 : 아서와 선택된 아이들 : TJ 클룬 장편소설,TJ Klune 글 ; 송섬별 옮김,든,2021,[대라]종합자료실
195,195,"변호사님, 이게 성범죄 피해가 맞나요 : 궁금한 모든 것, 이 책에 물어보세요",박원경 지음,탬,2022,[대라]종합자료실
196,196,봄은 언제나 찾아온다 : 노르망디에서 데이비드 호코니로부터,"데이비드 호크니,마틴 게이퍼드 지음 ; 주은정 옮김",Sigongart:시공사,2022,[대라]종합자료실
197,197,"봄의 혁명 : 미얀마, 사선을 넘나든 100일간의 기록",판셀로 지음 ; Nicholas. C 옮김,모래알,2022,[대라]종합자료실
198,198,부자 아빠 가난한 아빠 : 부자들이 들려주는 '돈'과 '투자'의 비밀,로버트 기요사키 지음 ; 안진환 옮김,민음인,2021,[대라]종합자료실
199,199,비혼이고 아이를 키웁니다 : 결혼도 출산도 아닌 새로운 가족의 탄생,백지선 지음 ; 김예지 그림,또다른우주,2022,[대라]종합자료실
200,200,"사람입니다, 고객님 : 콜센터의 인류학",김관욱 지음,창비,2022,[대라]종합자료실
201,201,생각은 어떻게 행동이 되는가 : 목표를 세우고 성취하는 인지조절의 뇌과학,데이비드 바드르 지음 ; 김한영 옮김,해나무:북하우스 퍼블리셔스,2022,[대라]종합자료실
202,202,생각이 너무 많은 서른 살에게 : 25년간 세계 최고의 인재들과 일하며 배운 것들,김은주 지음,메이븐,2021,[대라]종합자료실
203,203,서영동 이야기 : 조남주 연작소설,조남주 지음,한겨레출판:한겨레엔,2022,[대라]종합자료실
204,204,소셜온난화 : 더 많은 사람들이 연결될수록 세상이 나아진다는 착각,찰스 아서 지음 ; 이승연 옮김,위즈덤하우스,2022,[대라]종합자료실
205,205,순백의 비명 : 정이담 장편소설,정이담 지음,아작,2022,[대라]종합자료실
206,206,스타트업 30분 회계 : 투자 유치를 위한 명쾌한 재무제표 만들기,박순웅 지음,라온북,2021,[대라]종합자료실
207,207,"시여, 침을 뱉어라",김수영 지음 ; 이영준 엮음,민음사,2022,[대라]종합자료실
208,208,"아무튼, 무대",황정원 지음,코난북스,2022,[대라]종합자료실
209,209,"아무튼, 바이크",김꽃비 지음,코난북스,2021,[대라]종합자료실
210,210,"아무튼, 술집 : 기억도 마음도 신발도 놓고 나오는",김혜경 지음,제철소,2021,[대라]종합자료실
211,211,"아무튼, 싸이월드",박선희 지음,코난북스,2021,[대라]종합자료실
212,212,"아무튼, 아이돌",윤혜은 지음,제철소,2021,[대라]종합자료실
213,213,"아무튼, 장국영",오유정 지음,코난북스,2021,[대라]종합자료실
214,214,아홉수 가위,범유진 지음,안전가옥,2021,[대라]종합자료실
215,215,어른의 대화법 : 상처받지 않고 상처 주지 않는 소통의 기술,임정민 지음,서사원,2022,[대라]종합자료실
216,216,연구자의 탄생 : 포스트-포스트 시대의 지식 생산과 글쓰기,김성익 외 지음,돌베개,2022,[대라]종합자료실
217,217,영어 공부 잘하는 아이는 이렇게 공부합니다 : 초2때 시작해 4년 만에 수능 모으고사 만접 받은 문해력 영어 학습법,김도연 지음,길벗,2021,[대라]종합자료실
218,218,예민한 부모를 위한 심리 수업 : 알고 보면 훌륭한 부모가 될 자질을 가진 당신에게,일레인 N. 아론 지음 ; 김진주 옮김,청림Life,2022,[대라]종합자료실
219,219,예술의 정원 : 서양 미술로 읽는 정원의 역사,루시아 임펠루소 지음 ; 조동범 옮김,알에이치코리아,2022,[대라]종합자료실
220,220,오늘부터 수성펜 수채화 : 물감 없이 그리는 마법 같은 그림,김여원 지음,예문아카이브,2021,[대라]종합자료실
221,221,오십부터는 노후 걱정 없이 살아야 한다 : 자식에게 기대던 시대에서 셀프부양의 시대로,"강창희,고재량 지음",포레스트북스,2021,[대라]종합자료실
222,222,옷소매 붉은 끝동 : 강미강 장편소설. 1,강미강 지음,청어람,2017,[대라]종합자료실
223,223,옷소매 붉은 끝동 : 강미강 장편소설. 2,강미강 지음,청어람,2017,[대라]종합자료실
224,224,요즘 사는 맛,김겨울 외 지음,위즈덤하우스,2022,[대라]종합자료실
225,225,용서하지 않을 권리 : 피해자를 바라보는 적정한 시선과 태도에 관하여,김태경 지음,웨일북,2022,[대라]종합자료실
226,226,"우리 모두 가끔은 미칠 때가 있지 : 관계, 그 잘 지내기 어려움에 대하여 : 정지음 에세이",정지음 지음,빅피시,2022,[대라]종합자료실
227,227,우리가 다시 만날 세계 : 황모과 장편소설,황모과 지음,문학과지성사,2022,[대라]종합자료실
228,228,우리는 결혼하고 부자가 되었다 : 돈에는 관심 없던 신혼부부의 재테크 성공기,업글하는 돈덕후 지음,경이로움,2022,[대라]종합자료실
229,229,우리는 여전히 삶을 사랑하는가,에리히 프롬 지음 ; 라이너 풍크 엮음 ; 장혜경 옮김,김영사,2022,[대라]종합자료실
230,230,우리에게 허락된 미래 : 조해진 짧은 소설,조해진 지음 ; 곽지선 그림,마음산책,2022,[대라]종합자료실
231,231,우리의 인생이 겨울을 지날 때 : 얼어붙은 시간 속에서 희망을 찾는 법,캐서린 메이 지음 ; 이유진 옮김,웅진지식하우스:웅진씽크빅,2021,[대라]종합자료실
232,232,우리의 질량 : 설재인 장편소설,설재인 지음,시공사,2022,[대라]종합자료실
233,233,이 미로의 끝은 행복일 거야 : 나란 에세이,나란 지음,북로망스,2021,[대라]종합자료실
234,234,인생을 운에 맡기지 마라 : 후회를 줄이고 성공 확률을 높이는 선택의 기술,애니 듀크 지음 ; 신유희 옮김,청림출판,2022,[대라]종합자료실
235,235,일상을 담는 아이패드 드로잉 : 작은 그림부터 풍경 일러스트까지 4주간의 다정한 그림 수업,이이오 지음,한빛라이프,2022,[대라]종합자료실
236,236,일회용 아내,세라 게일리 지음 ; 안은주 옮김,한스미디어,2022,[대라]종합자료실
237,237,임포스터=Impostor : 가면을 쓴 부모가 가면을 쓴 아이를 만든다,리사 손 지음,북이십일:21세기북스,2022,[대라]종합자료실
238,238,잘 살아라 그게 최고의 복수다,권민창 지음,마인드셋:Mindset,2022,[대라]종합자료실
239,239,재와 물거품,김청귤 지음,안전가옥,2021,[대라]종합자료실
240,240,"적절한 고통의 언어를 찾아가는 중입니다 : 질병과 아픔, 이해받지 못하는 불편함에 관하여",오희승 지음,그래도봄,2022,[대라]종합자료실
241,241,조인계획,히가시노 게이고 지음 ; 양윤옥 옮김,현대문학,2022,[대라]종합자료실
242,242,"죽고 싶은 내 두 손에 식물이 : 아, 이 생명체를 어쩌지",심경선 지음,날:태학사,2022,[대라]종합자료실
243,243,"초등공부, 스스로 끝까지 하는 힘 : 우리 아이 자기주도학습을 완성하는 8가지 솔루션",김성효 지음,해냄(해냄출판사),2021,[대라]종합자료실
244,244,"취향 육아 : 내가 가장 좋아하고, 기분 좋은 방식으로",이연진 지음,Whale Books(웨일북),2022,[대라]종합자료실
245,245,카이스트 명상 수업 : 카이스트 학생들의 마음을 재건해준 명강의,이덕주 지음,위즈덤하우스,2022,[대라]종합자료실
246,246,케이크와 맥주,서머싯 몸 지음 ; 황소연 옮김,민음사,2021,[대라]종합자료실
247,247,텅장이 돼도 오히려 좋아 : 곰탱여우 집사일기,쏭이님 지음,다독임북스,2022,[대라]종합자료실
248,248,펄프픽션,"조예은,류연웅,홍지운,이경희,최영희 지음",고블,2022,[대라]종합자료실
249,249,한 게으른 시인의 이야기 : 최승자 산문집,최승자 지음,난다,2021,[대라]종합자료실
250,250,혐오와 대화를 시작합니다 : 편견과 차별에 저항하는 비폭력 투쟁기,외즐렘 제키지 지음 ; 김수진 옮김,타인의사유,2022,[대라]종합자료실
251,251,호호호 : 나를 웃게 했던 것들에 대하여 : 윤가은 산문,윤가은 지음,마음산책,2022,[대라]종합자료실
252,252,환 : 김시안 미스터리 스릴러,김시안 지음,고즈넉이엔티,2022,[대라]종합자료실
253,253,환희의 인간,크리스티앙 보뱅 지음 ; 이주현 옮김,1984Books,2021,[대라]종합자료실
254,254,8문장으로 끝내는 유럽여행 영어회화,Mike Hwang 지음,마이클리시,2019,[대라]종합자료실
255,255,(전지적 투자자 시점에서 건진) 공시줍줍 : 주린이들의 투자 레벨 떡상 프로젝트!,"김보라,박수익 지음",어바웃어북,2021,[대라]종합자료실
256,256,그러라 그래 : 양희은 에세이,양희은 지음,김영사,2021,[대라]종합자료실
257,257,당신의 인생을 정리해드립니다 : 삶이 바뀌는 신박한 정리,이지영 지음,쌤앤파커스,2020,[대라]종합자료실
258,258,"만화로 시작하는 초등 글쓰기. 1, 후야의 일기 1","윤희솔 글 ; 후야 일기글,성현정(아이앤드로잉) 그림",위즈덤하우스,2021,[대라]가족열람실
259,259,"만화로 시작하는 초등 글쓰기. 2, 후야의 일기 2","윤희솔 글 ; 후야 일기글,성현정(아이앤드로잉) 그림",위즈덤하우스,2021,[대라]가족열람실
260,260,(바다탐험대 옥토넛) 스토리가 있는 동물사전,메가스터디 [편],메가스터디:메가스터디books,2020,[대라]가족열람실
261,261,불편한 편의점 : 김호연 장편소설,지은이: 김호연,나무옆의자,2021,[대라]가족열람실
262,262,"설민석의 삼국지 대모험. 1, 전설의 시작",단꿈아이 글 ; 스튜디오 담 만화,단꿈아이,2021,[대라]가족열람실
263,263,"설민석의 삼국지 대모험. 2, 도원결의",단꿈아이 글 ; 스튜디오 담 만화,단꿈아이,2021,[대라]가족열람실
264,264,"설민석의 삼국지 대모험. 3, 용의 출정",단꿈아이 글 ; 스튜디오 담 만화,단꿈아이,2021,[대라]가족열람실
265,265,양순이네 떡집. 4,김리리 글 ; 김이랑 그림,비룡소,2017,[대라]가족열람실
266,266,예민한 아이 잘 키우는 법 : 서울대 정신과 의사의 섬세한 기질 맞춤 육아,최치현 지음,유노라이프,2021,[대라]종합자료실
267,267,인생은 실전이다 : 아주 작은 날갯짓의 시작,"신영준,주언규 [공]지음",상상스퀘어,2021,[대라]종합자료실
268,268,(포춘으로 읽는) 워런 버핏의 투자 철학,캐럴 루미스 엮음 ; 박영준 옮김,비즈니스맵:한올엠앤씨,2022,[대라]종합자료실
269,269,햇빛은 찬란하고 인생은 귀하니까요 : 밀라논나 이야기,장명숙 지음,김영사,2021,[대라]종합자료실
270,270,"개미 5년, 세후 55억 : 가장이기에 투자에 진심인 어느 아빠의 주식투자 이야기",성현우 지음,모루(모루북스),2021,[대라]종합자료실
271,271,돈의 흐름에 올라타라 : 돈의 신호를 포착하는 법,홍춘욱 지음,스마트북스,2022,[대라]종합자료실
272,272,"듄. 3, 듄의 아이들",프랭크 허버트 지음 ; 김승욱 옮김,황금가지,2021,[대라]종합자료실
273,273,럭키=LUCKY : 내 안에 잠든 운을 깨우는 7가지 법칙,김도윤 지음,북로망스,2021,[대라]종합자료실
274,274,새 마음으로 : 이슬아의 이웃 어른 인터뷰,이슬아 지음,헤엄 출판사,2021,[대라]종합자료실
275,275,생의 마침표에. 천 일의 쉼표를 찍다,이주완 지음,레드우드,2020,[대라]종합자료실
276,276,소마 : 채사장 장편소설,채사장 지음,Whale Books(웨일북),2021,[대라]종합자료실
277,277,시간이 하는 일 : 권미선 에세이,글: 권미선 ; 사진: Unsplash,허밍버드:백도씨,2021,[대라]종합자료실
278,278,"안나, 마법사가 되다",조은솔 지음,얼리틴스:자음과모음,2020,[대라]가족열람실
279,279,안나의 토성 : 마스다 미리 소설,마스다 미리 지음 ; 이소담 옮김,이봄,2022,[대라]종합자료실
280,280,오늘부터 배프! 베프!,지안 글 ; 김성라 그림,문학동네,2021,[대라]가족열람실
281,281,오십에 읽는 논어 : 굽이치는 인생을 다잡아 주는 공자의 말,최종엽 지음,유노북스,2021,[대라]종합자료실
282,282,적을수록 풍요롭다 : 지구를 구하는 탈성장,"제이슨 히켈 지음 ; 김현우,민정희 옮김",창비,2021,[대라]종합자료실
283,283,투자를 잘한다는 것 : 슈퍼개미에게 직접 배우는 성공 투자 핵심 비법!,배진한 지음,이레미디어,2022,[대라]종합자료실
284,284,도쿄R부동산 이렇게 일합니다 : 좋아하는 일을 직업으로 만든 우리의 전략 워크스타일 3.0,"바바 마사타카,하야시 아쓰미,요시자토 히로야 [공]지음 ; 정문주 옮김",정예씨,2021,[대라]종합자료실
285,285,뜻밖의 한국 위인들 : 약점이 있어서 성공했어요,장세현 글 ; 김양수 그림,봄나무,2021,[대라]가족열람실
286,286,"(여행자 아버지와 프랑스인 아들의) 인도 여행기 : 다사나, 흔하지만 아름다운 선물","박현성,박가한 교반 지음",북랩,2020,[대라]종합자료실
287,287,(이상한 과자 가게) 전천당. 11,히로시마 레이코 글 ; 쟈쟈 그림 ; 김정화 옮김,길벗스쿨,2021,[대라]가족열람실
288,288,콜카타의 세 사람 : 메가 마줌다르 장편소설,지은이: 메가 마줌다르 ; 옮긴이: 이수영,북하우스:북하우스 퍼블리셔스,2021,[대라]종합자료실
289,289,양순이네 떡집. 4,김리리 글 ; 김이랑 그림,비룡소,2017,[대라]가족열람실
290,290,웰씽킹=Wealthinking : 부를 창조하는 생각의 뿌리,켈리 최 지음,다산북스,2021,[대라]종합자료실
291,291,미라클=Miracle : 당신이 기적의 존재인 과학적 이유,이송미 지음,비타북스:헬스조선,2020,[대라]종합자료실
292,292,한국의 그림책 작가들에게 묻다 : 자신만의 창작 세계를 만든 작가 10인의 '돌파하는 힘',글: 최혜진 ; 사진: 해란,한겨레출판:한겨레엔,2021,[대라]종합자료실
293,293,꽃들의 시간,황상미 지음,향,2021,[대라]가족열람실
