﻿,0,1,2,3,4,5
0,순번,서명,저작자,발행자,발행년,자료실명
1,1,해방자 신데렐라,리베카 솔닛 글 ; 아서 래컴 그림 ; 홍한별 옮김,반비,2021,[내리새라]어린이자료실
2,2,발음을 부탁해 : 모두를 위한 빛나는 영어. 교정편,샤론 강 지음,샤론샤인북스:롱테일북스,2020,[내리새라]종합자료실
3,3,발음을 부탁해 : 모두를 위한 빛나는 영어. 원리편,샤론 강 지음,샤론샤인북스:롱테일북스,2020,[내리새라]종합자료실
4,4,"어서 오세요, 고양이 식당에",이용한 글·사진,문학동네,2021,[내리새라]종합자료실
5,5,임포스터=Impostor : 가면을 쓴 부모가 가면을 쓴 아이를 만든다,리사 손 지음,21세기북스:북이십일,2022,[내리새라]종합자료실
6,6,"보통의 것이 좋아 : 나만의 보폭으로 걷기, 작고 소중한 행복을 놓치지 말기 : 반지수 그림에세이",반지수 지음,위즈덤하우스,2021,[내리새라]종합자료실
7,7,고양이 부부 오늘은 또 어디 감수광,루씨쏜 글·그림,자음과모음,2021,[내리새라]종합자료실
8,8,"사기, 2천 년의 비밀 : 사마천이 만든 중국사",이덕일 지음,만권당,2022,[내리새라]종합자료실
9,9,사랑해 사랑해 사랑해,버나뎃 로제티 슈스탁 글 ; 캐롤라인 제인 처치 그림 ; 신형건 옮김,보물창고:푸른책들,2021,[내리새라]유아자료실
10,10,고양이 팔레트,제인 커브레라 지음 ; 김향금 옮김,보림,2019,[내리새라]유아자료실
11,11,엄마와 보내는 20분이 가장 소중합니다 : 아이의 평생 성적을 만드는 초등 공부 습관,김성효 지음,다산북스,2021,[내리새라]종합자료실
12,12,"공부머리 만드는 초등 문해력 수업 : 초3전, 공부 습관 잡는 엄마표 책 읽기",김윤정 지음,믹스커피:원앤원북스,2021,[내리새라]종합자료실
13,13,문어의 방,그로 달레 글 ; 스베인 뉘후스 그림 ; 신동규 옮김,위고,2021,[내리새라]어린이자료실
14,14,마음챙김 : 뇌를 재설계하는 자기연민 수행,샤우나 샤피로 지음 ; 박미경 옮김,안드로메디안:로크미디어,2021,[내리새라]종합자료실
15,15,전념 : 나와 세상을 바꾸는 힘에 관하여,피트 데이비스 지음 ; 신유희 옮김,상상스퀘어,2022,[내리새라]종합자료실
16,16,진짜 스페인은 시골에 있다=Spain : 맛의 멋을 찾아 떠나는 유럽 유랑기,문정훈 글 ; 장준우 사진,상상출판,2021,[내리새라]종합자료실
17,17,작은 파티 드레스,크리스티앙 보뱅 지음 ; 이창실 옮김,1984books,2021,[내리새라]종합자료실
18,18,"나, 학교 안 갈래! : 아이들의 학교생활이 즐거워지는 법",미셸린느 먼디 글 ; R. W. 앨리 그림 ; 노은정 옮김,비룡소,2020,[내리새라]유아자료실
19,19,여덟 살 오지 마!,재희 글·그림,노란돼지,2020,[내리새라]유아자료실
20,20,한 사람을 사랑하여=Always you : 나태주 시집,나태주 지음,홍성사,2022,[내리새라]종합자료실
21,21,百의 그림자 : 황정은 장편소설,황정은 지음,창비,2022,[내리새라]종합자료실
22,22,다섯 번째 감각 : 김보영 소설집,김보영 지음,아작,2022,[내리새라]종합자료실
23,23,인생을 운에 맡기지 마라 : 후회를 줄이고 성공 확률을 높이는 선택의 기술,애니 듀크 지음 ; 신유희 옮김,청림출판,2022,[내리새라]종합자료실
24,24,"폭격기의 달이 뜨면 : 1940 런던 공습, 진격하는 히틀러와 처칠의 도전",에릭 라슨 지음 ; 이경남 옮김,생각의힘,2021,[내리새라]종합자료실
25,25,최강의 단식 : 방탄커피 창시자가 직접 실천하고 정리한 실리콘밸리식 단식법!,데이브 아스프리 지음 ; 엄성수 옮김,북라이프,2021,[내리새라]종합자료실
26,26,(30일간의)간헐적 채식 : 한 달 안에 몸과 마음이 되살아나는 채식 루틴 만들기,이현주 지음,쏭북스,2021,[내리새라]종합자료실
27,27,나는 오늘도 책모임에 간다 : 북클럽 운영자의 기쁨과 슬픔,김민영 지음,북바이북,2020,[내리새라]종합자료실
28,28,세븐 테크=Seven tech : 3년 후 당신의 미래를 바꿀 7가지 기술,김미경...[등]지음,웅진지식하우스:웅진씽크빅,2022,[내리새라]종합자료실
29,29,"정원을 거닐며 삶을 배우며 : 정원, 삶의 일부가 되다",송태갑 지음,美세움,2021,[내리새라]종합자료실
30,30,(절기따라 만나는)생태이야기,신경아 지음 ; 이크종 그림,국립생태원,2022,[내리새라]종합자료실
31,31,훌훌 : 문경민 장편소설,문경민 지음,문학동네,2022,[내리새라]종합자료실
32,32,서영동 이야기 : 조남주 연작소설,조남주 지음,한겨레출판:한겨레엔,2022,[내리새라]종합자료실
33,33,모든 것은 도서관에서 시작되었다 : 북유럽 도서관과 복지국가의 비밀,윤송현 지음,학교도서관저널,2022,[내리새라]종합자료실
34,34,"어서 오세요, 휴남동 서점입니다 : 황보름 장편소설",황보름 지음,클레이하우스,2022,[내리새라]종합자료실
35,35,나의 상상은 현실이 된다 : 꿈꾸는 대로 이루어지는 마음 주문,이도원 지음,다산북스,2022,[내리새라]종합자료실
36,36,장미의 이름은 장미 : 은희경 연작소설,은희경 지음,문학동네,2022,[내리새라]종합자료실
37,37,"우리 모두 가끔은 미칠 때가 있지 : 관계, 그 잘 지내기 어려움에 대하여 : 정지음 에세이",정지음 지음,빅피시,2022,[내리새라]종합자료실
38,38,"죽고 싶은 내 두 손에 식물이 : 아, 이 생명체를 어쩌지",심경선 지음,날:태학사,2022,[내리새라]종합자료실
39,39,(수학이 막히면)깨봉 수학,조봉한 지음 ; 최광렬 일러스트,매경주니어:매경출판,2021,[내리새라]종합자료실
40,40,"(그림으로 이해하는)깨봉수학. 1, 변화하는 수",조봉한 지음 ; 임미현 글/구성 ; 최주희 일러스트,이쿠얼키,2021,[내리새라]어린이자료실
41,41,"수학, 개념 씹어먹고 공부해봤니 : 25년간 0.1% 수학 영재를 배출한 초등 수학 공부법",조안호 지음,시공사,2022,[내리새라]종합자료실
42,42,"(어쩔뚱땡!)고구마머리 TV : 호기심·상상력이 쑥쑥 자라나는 과학학습만화. 1, 우주탐험 1",서동건 글 ; 서윤지 그림,아울북:북이십일,2021,[내리새라]어린이자료실
43,43,"(어쩔뚱땡!)고구마머리 TV : 호기심·상상력이 쑥쑥 자라나는 과학학습만화. 2, 우주탐험 2",서동건 글 ; 서윤지 그림,아울북:북이십일,2021,[내리새라]어린이자료실
44,44,"아무튼,떡볶이",요조 지음,위고,2019,[내리새라]종합자료실
45,45,선을 넘는 한국인 선을 긋는 일본인 : 심리학의 눈으로 보는 두 나라 이야기,한민 지음,부키,2022,[내리새라]종합자료실
46,46,빵도둑 vs 가짜 빵도둑,시바타 케이코 글·그림 ; 황진희 옮김,길벗어린이,2021,[내리새라]유아자료실
47,47,보건실의 마녀 선생님. 2,히로시마 레이코 글 ; 히라이 다카코 그림 ; 김정화 옮김,베틀·북,2021,[내리새라]어린이자료실
48,48,보건실의 마녀 선생님. 1,히로시마 레이코 글 ; 히라이 다카코 그림 ; 김정화 옮김,베틀·북,2021,[내리새라]어린이자료실
49,49,물건을 절대 바닥에 두지 않는다 : '하기'보다 '하지'않는 심플한 정리 규칙 46,스도 마사코 지음 ; 백운숙 옮김,싸이프레스,2021,[내리새라]종합자료실
50,50,초등 매일 독서의 힘 : '읽는 중학생'을 만드는 초등의 책 읽기,이은경 지음,한빛라이프,2022,[내리새라]종합자료실
51,51,(하루 15분)초등 책 읽기의 기적 : 공부력과 문해력을 키워주는 7가지 독서 습관,"수전 짐머만,크리스 허친스 [공]지음 ; 서현정 옮김",더블북:더블북코리아,2021,[내리새라]종합자료실
52,52,"베로니카, 죽기로 결심하다 : 파울로 코엘료 장편소설",파울로 코엘료 지음 ; 이상해 옮김,문학동네,2003,[내리새라]종합자료실
53,53,"유라시아 견문. 1, 몽골 로드에서 할랄 스트리트까지",이병한 지음,서해문집,2016,[내리새라]종합자료실
54,54,"유라시아 견문. 2, 히말라야에서 지중해까지",이병한 지음,서해문집,2018,[내리새라]종합자료실
55,55,"유라시아 견문. 3, 리스본에서 블라디보스토크까지",이병한 지음,서해문집,2019,[내리새라]종합자료실
56,56,언제 들어도 좋은 말 : 이석원 이야기 산문집,이석원 지음,을유문화사,2021,[내리새라]종합자료실
57,57,2인조 : 우리는 누구나 날 때부터 2인조다 : 이석원 산문,이석원 지음,달,2020,[내리새라]종합자료실
58,58,나는 당신이 행복했으면 좋겠습니다 : 박찬위 에세이,박찬위 지음,하이스트,2021,[내리새라]종합자료실
59,59,관계를 망치는 사람들을 위한 심리 처방전 : 심리학자가 알려주는 상처받은 사람이 친밀한 관계를 맺는 법,후션즈 지음 ; 정은지 옮김,리드리드출판,2022,[내리새라]종합자료실
60,60,존리의 왜 주식인가=Why Invest in stocks : 시간에 투자하는 대가의 생각,존 리 지음,한국경제신문:한경BP,2022,[내리새라]종합자료실
61,61,호르몬 찬가 : 진화 심리학으로 풀어 가는 호르몬 지능의 비밀,마티 헤이즐턴 지음 ; 변용란 옮김,사이언스북스,2022,[내리새라]종합자료실
62,62,"쌀, 재난, 국가 : 한국인은 어떻게 불평등해졌는가",이철승 지음,문학과지성사,2021,[내리새라]종합자료실
63,63,덧니가 보고 싶어 : 정세랑 장편소설,정세랑 지음,난다,2019,[내리새라]종합자료실
64,64,"지구는 괜찮아, 우리가 문제지 : 곽재식의 기후 시민 수업",곽재식 지음,어크로스:어크로스출판그룹,2022,[내리새라]종합자료실
65,65,삶이 던지는 질문은 언제나 같다 : 시대의 지성 찰스 핸디가 전하는 삶의 철학,찰스 핸디 지음 ; 강주헌 옮김,인플루엔셜,2022,[내리새라]종합자료실
66,66,죽고 싶지만 살고 싶어서 : 친족 성폭력 생존자들의 기록,장화...[등]지음,글항아리,2021,[내리새라]종합자료실
67,67,여름의 잠수,사라 스트리츠베리 글 ; 사라 룬드베리 그림 ; 이유진 옮김,위고,2020,[내리새라]어린이자료실
68,68,똑같은 빨강은 없다 : 교과서에 다 담지 못한 미술 이야기,김경서 지음,창비,2018,[내리새라]종합자료실
69,69,사마아=Smaa,마리 파블렌코 지음 ; 곽성혜 옮김,동녘,2022,[내리새라]종합자료실
70,70,그들의 이해관계 : 임현 소설,임현 지음,문학동네,2022,[내리새라]종합자료실
71,71,클로이의 무지개 : 양선형 소설집,양선형 지음,문학과지성사,2022,[내리새라]종합자료실
72,72,오늘 넘긴 페이지,메 글·그림,길벗어린이,2022,[내리새라]종합자료실
73,73,"헤르만 헤세, 음악 위에 쓰다",헤르만 헤세 지음 ; 김윤미 옮김,북하우스:북하우스 퍼블리셔스,2022,[내리새라]종합자료실
74,74,픽사 스토리텔링=Pixar storytelling : 고객의 마음을 사로잡는 9가지 스토리 법칙,매튜 룬 지음 ; 박여진 옮김,현대지성,2022,[내리새라]종합자료실
75,75,봄은 언제나 찾아온다 : 노르망디에서 데이비드 호크니로부터,"데이비드 호크니,마틴 게이퍼드 [공]지음 ; 주은정 옮김",Sigongart:시공사,2022,[내리새라]종합자료실
76,76,혼돈의 시대 리더의 탄생,도리스 컨스 굿윈 지음 ; 강주헌 옮김,커넥팅:로크미디어,2020,[내리새라]종합자료실
77,77,플랜데믹 : 코로나19 팬데믹은 기획되었다!,미키 윌리스 지음 ; 이원기 옮김,에디터,2022,[내리새라]종합자료실
78,78,"나를 알고 싶을 때 뇌과학을 공부합니다 : 뇌가 멈춘 순간, 삶이 시작되었다",질 볼트 테일러 지음 ; 진영인 옮김,윌북,2022,[내리새라]종합자료실
79,79,생각은 어떻게 행동이 되는가 : 목표를 세우고 성취하는 인지조절의 뇌과학,데이비드 바드르 지음 ; 김한영 옮김,해나무:북하우스 퍼블리셔스,2022,[내리새라]종합자료실
80,80,"메타버스 사피엔스=Metaverse sapiens : 또 하나의 현실, 두 개의 삶, 디지털 대항해시대의 인류",김대식 지음,동아시아,2022,[내리새라]종합자료실
81,81,피톨로지 피트니스 영양학 : 스포츠 영양사 우수의 영양학의 기초 트레이닝,"이호욱,정자람 [공]지음",예문당,2021,[내리새라]종합자료실
82,82,거꾸로 읽는 그리스 로마사 : 신화가 아닌 보통 사람의 삶으로 본 그리스 로마 시대,개릿 라이언 지음 ; 최현영 옮김,다산초당:다산북스,2022,[내리새라]종합자료실
83,83,용서하지 않을 권리 : 피해자를 바라보는 적정한 시선과 태도에 관하여,김태경 지음,웨일북,2022,[내리새라]종합자료실
84,84,"유럽 최후의 대국, 우크라이나의 역사 : 장대한 동슬라브 종가의 고난에 찬 대서사시",구로카와 유지 지음 ; 안선주 옮김,글항아리,2022,[내리새라]종합자료실
85,85,그들의 말 혹은 침묵 : 아니 에르노 장편소설,아니 에르노 지음 ; 정혜용 옮김,민음사,2022,[내리새라]종합자료실
86,86,포모 사피엔스=Fomo sapiens : 아무것도 놓치고 싶어 하지 않는 신인류의 출현,패트릭 맥기니스 지음 ; 이영래 옮김,미래의창,2021,[내리새라]종합자료실
87,87,가장 단호한 행복 : 삶의 주도권을 지키는 간결한 철학 연습,마시모 피글리우치 지음 ; 방진이 옮김,다른,2020,[내리새라]종합자료실
88,88,호호호 : 나를 웃게 했던 것들에 대하여 : 윤가은 산문,윤가은 지음,마음산책,2022,[내리새라]종합자료실
89,89,낭만적 은둔의 역사 : 혼자인 시간을 살아가고 사랑하는 법,데이비드 빈센트 지음 ; 공경희 옮김,더 퀘스트:길벗,2022,[내리새라]종합자료실
90,90,요즘 사는 맛 : 먹고 사는 일에 누구보다 진심이 작가들의 일상 속 음식 이야기,김겨울...[등]지음,위즈덤하우스,2022,[내리새라]종합자료실
91,91,"돈, 뜨겁게 사랑하고 차갑게 다루어라",앙드레 코스톨라니 지음 ; 김재경 옮김,미래의창,2015,[내리새라]종합자료실
92,92,"이것은 작은 브랜드를 위한 책 : ""우주에 흔적을 남겨라""",이근상 지음,몽스북,2022,[내리새라]종합자료실
93,93,자유론,존 스튜어트 밀 지음 ; 서병훈 옮김,책세상,2018,[내리새라]종합자료실
94,94,사랑의 기술,에리히 프롬 지음 ; 황문수 옮김,문예출판사,2021,[내리새라]종합자료실
95,95,우리는 여전히 삶을 사랑하는가,에리히 프롬 지음 ; 라이너 풍크 엮음 ; 장혜경 옮김,김영사,2022,[내리새라]종합자료실
96,96,12 1/2 부와 성공을 부르는 12가지 원칙 : 당신의 인생을 바꿔 줄 35가지 조언,게리 바이너척 지음 ; 우태영 옮김,CNH 천그루숲:씨앤에이치북스,2022,[내리새라]종합자료실
97,97,어느 날 멀쩡하던 행거가 무너졌다,이혜림 지음,라곰,2022,[내리새라]종합자료실
98,98,예술의 정원 : 서양 미술로 읽는 정원의 역사,루시아 임펠루소 지음 ; 조동범 옮김,알에이치코리아,2022,[내리새라]종합자료실
99,99,"(과학탐험대)신기한 스쿨버스. 1, 으악, 병균이 너무 싫어!","조애너 콜,케이트 이건,크리스틴 어하트 [공]글 ; 브루스 디건 ; 캐럴린 브래컨 [공]그림 ; 이한음 옮김",비룡소,2017,[내리새라]어린이자료실
100,100,"(과학탐험대)신기한 스쿨버스. 2, 화산 속으로 출동!","조애너 콜,크리스틴 어하트,게일 허먼 [공]글 ; 브루스 디건 ; 캐럴린 브래큰 [공]그림 ; 이강환 옮김",비룡소,2017,[내리새라]어린이자료실
101,101,"(과학탐험대)신기한 스쿨버스. 3, 쓰레기가 변신한다고","조애너 콜,앤 카페치,엘리자베스 스미스[공]글 ; 브루스 디건 ; 캐럴린 브래큰 [공]그림 ; 이강환 옮김",비룡소,2017,[내리새라]어린이자료실
102,102,"(과학탐험대)신기한 스쿨버스. 4, 나뭇잎 미스터리","조애너 콜,주디스 스템퍼,크리스틴 어하트 [공]글 ; 브루스 디건 ; 캐럴린 브래컨 [공]그림 ; 이한음 옮김",비룡소,2017,[내리새라]어린이자료실
103,103,"(과학탐험대)신기한 스쿨버스. 5, 뇌도 냄새를 맡는다고","조애너 콜,크리스틴 어하트,저넷 레인 [공]글 ; 브루스 디건 ; 캐럴린 브래컨 ; 테드 에니크 [공]그림 ; 이한음 ; 이강환 [공]옮김",비룡소,2017,[내리새라]어린이자료실
104,104,"(과학탐험대)신기한 스쿨버스. 6, 우르르 쾅쾅 날씨 탐험","조애너 콜,크리스틴 어하트,앤 케이프시 [공]글 ; 브루스 디건 ; 캐럴린 브래컨 [공]그림 ; 이강환 옮김",비룡소,2017,[내리새라]어린이자료실
105,105,"(과학탐험대)신기한 스쿨버스. 7, 야호, 공룡이랑 날자!","조애너 콜,마틴 슈바바허,에바 무어 [공]글 ; 브루스 디건 ; 캐럴린 브래컨 [공]그림 ; 김현명 옮김",비룡소,2017,[내리새라]어린이자료실
106,106,"(과학탐험대)신기한 스쿨버스. 8, 별난 우주여행","조애너 콜,크리스틴 어하트 [공]글 ; 브루스 디건 ; 캐럴린 브래컨 [공]그림 ; 이강환 옮김",비룡소,2017,[내리새라]어린이자료실
107,107,"(과학탐험대)신기한 스쿨버스. 9, 풍덩, 바다 생물을 만나자!","조애너 콜,크리스틴 어하트 [공]글 ; 브루스 디건 ; 캐럴린 브래컨 [공]그림 ; 김현명 옮김",비룡소,2017,[내리새라]어린이자료실
108,108,"(과학탐험대)신기한 스쿨버스. 10, 누구 이가 빠졌을까","조애너 콜,저넷 레인,앤 케이프시 [공]글 ; 브루스 디건 ; 캐럴린 브래컨 [공]그림 ; 이한음 옮김",비룡소,2017,[내리새라]어린이자료실
109,109,"(과학탐험대)신기한 스쿨버스. 11, 야호, 눈 속을 탐험하자!","조애너 콜,저넷 레인 [공]글 ; 브루스 디건 ; 캐럴린 브래컨 ; 로빈 커디 [공]그림 ; 이한음 옮김",비룡소,2021,[내리새라]어린이자료실
110,110,여덟 공주와 마법 거울,나타샤 패런트 글 ; 리디아 코리 그림 ; 김지은 옮김,사계절,2022,[내리새라]어린이자료실
111,111,누가 내 머리에 똥 쌌어,베르너 홀츠바르트 글 ; 볼프 에를브루흐 그림 ; [사계절편집부 옮김],사계절,1993,[내리새라]유아자료실
112,112,(2022 봄)우리나라 좋은동화 : '우리나라 좋은동화' 선정 젊은작가 동화선집,정재은...[등]글 ; 빨간제라늄 그림,파랑새,2022,[내리새라]어린이자료실
113,113,"(Go go)카카오프렌즈. 23, 싱가포르(Singapore)",김미영 글 ; 김정한 그림,아울북:북이십일,2022,[내리새라]어린이자료실
114,114,갈매기 씨의 달리기,일루몽 글·그림,어린이작가정신:작가정신,2021,[내리새라]유아자료실
115,115,감정에 이름을 붙여 봐 : 내 기분을 말하는 45가지 단어,이라일라 글 ; 박현주 그림,파스텔하우스,2022,[내리새라]어린이자료실
116,116,개를 원합니다 : 어떤 개든 상관없음,키티 크라우더 지음 ; 이주희 옮김,논장,2022,[내리새라]유아자료실
117,117,겨울 해 질 녘,유리 슐레비츠 글·그림 ; 이상희 옮김,시공주니어:시공사,2021,[내리새라]유아자료실
118,118,겨울은 어떤 곳이야,구도 노리코 지음 ; 엄혜숙 옮김,천개의바람,2022,[내리새라]유아자료실
119,119,(고민이 있다면)또래 상담소!,임지형 글 ; 차상미 그림,키다리,2022,[내리새라]어린이자료실
120,120,교실 뒤의 소년,온잘리 Q. 라우프 글 ; 피파 커닉 그림 ; 김경연 옮김,다봄,2022,[내리새라]어린이자료실
121,121,(귀신도 반한)숲속 라면 가게,이서영 글 ; 송효정 그림,크레용하우스,2022,[내리새라]어린이자료실
122,122,그래도 꼭 해 볼 거야!,킴 힐야드 글·그림 ; 장미란 옮김,책읽는곰,2022,[내리새라]유아자료실
123,123,그렇게 보지 마세요,괵체 괵체에르 글 ; 펠린 투르구트 그림 ; 베튤 튼클르츠 옮김,국민서관,2021,[내리새라]유아자료실
124,124,"기분이 좋아, 내가 나라서",소냐 하트넷 글 ; 가브리엘 에반스 그림 ; 라미파 옮김,한울림어린이:한울림,2022,[내리새라]유아자료실
125,125,"길까, 짧을까",이자벨라 지엔바 글 ; 우르슐라 팔루신스카 그림 ; 이지원 옮김,길벗스쿨,2022,[내리새라]유아자료실
126,126,깜장이,다나카 기요 지음 ; 김숙 옮김,북뱅크,2022,[내리새라]유아자료실
127,127,꼬마 백만장자 삐삐,아스트리드 린드그렌 글 ; 로렌 차일드 그림 ; 햇살과나무꾼 옮김,시공주니어:시공사,2021,[내리새라]어린이자료실
128,128,꽃무늬 고양이 비누 : 소호랑 그림책,소호랑 지음,킨더랜드,2021,[내리새라]유아자료실
129,129,꿀벌과 지렁이는 대단해 : 지구 환경을 지키고 모든 생명을 이어 주는 숨은 두 영웅 이야기,플로랑스 티나르 지음 ; 뱅자맹 플루 그림 ; 이선민 옮김,더숲,2022,[내리새라]어린이자료실
130,130,"나는, 비둘기",고정순 지음,만만한책방,2022,[내리새라]유아자료실
131,131,나도 공주 할래,최형미 글 ; 지영이 그림,좋은책 키즈:좋은책신사고,2021,[내리새라]어린이자료실
132,132,나무 모자,장준영 글·그림,계수나무,2020,[내리새라]유아자료실
133,133,나의 작은 섬,바바라 쿠니 글·그림 ; 이상희 옮김,비룡소,2021,[내리새라]유아자료실
134,134,내 머리에는 딱따구리가 산다 : 신윤화 동화집,신윤화 글 ; 한아름 그림,마루비,2022,[내리새라]어린이자료실
135,135,내 이름은… 라울,앙젤리크 빌뇌브 글 ; 마르타 오르젤 그림 ; 정순 옮김,나무말미,2022,[내리새라]유아자료실
136,136,"너무 보고 싶어 : 이별, 그리움 그리고 기억",아이세 보쎄 글 ; 안드레아스 클람트 그림 ; 이명아 옮김,북뱅크,2022,[내리새라]유아자료실
137,137,너무 시끄러워!,임어진 글 ; 박기종 그림,계수나무,2022,[내리새라]유아자료실
138,138,노란 줄무늬 고양이,최하진 글·그림,재능교육,2021,[내리새라]유아자료실
139,139,노인들은 늙은 아이들이란다,엘리자베스 브라미 글 ; 오렐리 귈르리 그림 ; 김헤니 옮김,보물창고:푸른책들,2022,[내리새라]유아자료실
140,140,"니콜라 테슬라, 전기에 날개를 달다",함지슬 글 ; 박현주 그림,천개의바람,2022,[내리새라]어린이자료실
141,141,단톡방을 나갔습니다,신은영 글 ; 히쩌미 그림,소원나무,2022,[내리새라]어린이자료실
142,142,동희의 오늘,임은하 글 ; 임나운 그림,문학동네,2021,[내리새라]어린이자료실
143,143,두 갈래 길,라울 니에토 구리디 글·그림 ; 지연리 옮김,살림,2019,[내리새라]유아자료실
144,144,마음 상자 구해요,김성진 글 ; 백두리 그림,위즈덤하우스,2021,[내리새라]어린이자료실
145,145,모자 장수 고양이 씨씨,김송이 글·그림,비룡소,2022,[내리새라]유아자료실
146,146,바다로 간 페넬로페,세마 시르벤트 라구나 글 ; 라울 니에토 구리디 그림 ; 김미선 옮김,책과콩나무,2020,[내리새라]유아자료실
147,147,박달동 어벤져스,이지혜 글 ; 김숭현 그림,북극곰,2021,[내리새라]어린이자료실
148,148,반려인간 산책시키기,리즈 레든 글 ; 가브리엘라 페트루소 그림 ; 서남희 옮김,국민서관,2022,[내리새라]유아자료실
149,149,반짝이 : 양선 그림책,양선 지음,소원나무,2022,[내리새라]유아자료실
150,150,불붙은 링을 뛰어넘는 소년,허교범 글 ; 리페 그림,지학사아르볼:지학사,2021,[내리새라]어린이자료실
151,151,브로콜리지만 사랑받고 싶어,"별다름,달다름 [공]글 ; 서영 그림",키다리,2021,[내리새라]유아자료실
152,152,비밀을 들어주는 토끼=Bunny the secret keeper,장유위 글 ; 마오위 그림 ; 강영희 옮김,소원나무,2021,[내리새라]어린이자료실
153,153,사계절 나무 안내서,노지 크로 글 ; 한나 앨리스 글 ; 최현경 옮김,사파리:이퍼블릭,2021,[내리새라]유아자료실
154,154,산타를 믿습니까,정은주 글 ; 이미성 그림,북극곰,2021,[내리새라]어린이자료실
155,155,살짝 욕심이 생겼어,요시타케 신스케 지음 ; 고향옥 옮김,김영사,2022,[내리새라]종합자료실
156,156,상상은 어떻게 하나요 : 아인슈타인,"김성화,권수진 [공]글 ; 정진호 그림",창비,2022,[내리새라]어린이자료실
157,157,색깔을 찾는 중입니다,키아라 메잘라마 글 ; 레자 달반드 그림 ; 이세진 옮김,모래알:키다리,2022,[내리새라]유아자료실
158,158,"(설민석의)한국사 대모험. 20, 고려의 발전 편: 서희와 거란의 한판 대결!","설민석,스토리박스 [공]글 ; 정현희 그림",아이휴먼:Dankkumi:휴먼큐브,2022,[내리새라]어린이자료실
159,159,(100일 동안 매일매일)소원 적는 아이들,박현숙 글 ; 홍정선 그림,주니어김영사:김영사,2022,[내리새라]어린이자료실
160,160,"숨고 싶을 땐, 카멜레온",정유선 글 ; 신민재 그림,그레이트북스,2021,[내리새라]어린이자료실
161,161,"시인 아저씨, 국수 드세요 : 시인 백석과 국수 이야기",신순재 글 ; 오승민 그림,천개의바람,2022,[내리새라]유아자료실
162,162,신기하고 특이하고 이상한 능력자,최형미 글 ; 김현영 그림,그레이트북스,2022,[내리새라]어린이자료실
163,163,싹 나아 약국의 수상한 비밀 : 신약부터 백신까지,이명희 글 ; 서지현 그림,크레용하우스,2021,[내리새라]어린이자료실
164,164,쓰레기통도 미술이 될 수 있어요!,수지 호지 글 ; 웨슬리 로빈스 그림 ; 정아영 옮김,푸른숲주니어:푸른숲,2022,[내리새라]어린이자료실
165,165,아침으로 곤충을 : 지구를 구하는 놀라운 방법들,매들린 핀레이 글 ; 최지수 그림 ; 신동경 옮김,너머학교,2022,[내리새라]어린이자료실
166,166,"안녕, 돌멩이야",주세페 칼리체티 글 ; 노에미 볼라 그림 ; 김지우 옮김,단추,2022,[내리새라]유아자료실
167,167,안녕 열두 달 : 오늘이 특별해지는 명절·절기·세시 풍속,박보미 글·그림,책읽는곰,2022,[내리새라]어린이자료실
168,168,어린이 돈 스터디 : 이야기로 배우는 경제 습관,서지원 글 ; 조에스더 그림,한솔수북,2022,[내리새라]어린이자료실
169,169,(웃으며 지구를 지키는)어린이 에코 시민 가이드,엘리즈 루소 글 ; 로베르 그림 ; 허보미 옮김,북멘토,2022,[내리새라]어린이자료실
170,170,어린이가 안전할 권리,오진원 지음,현북스,2022,[내리새라]어린이자료실
171,171,(어린이를 위한)세계 미술 이야기 : 집에서 떠나는 미술 여행,최연욱 글 ; 박지연 그림,다락원,2022,[내리새라]어린이자료실
172,172,어마어마한 곤충의 모든 것,이사벨 토머스 글 ; 루 베이커-스미스 그림 ; 한성희 옮김,풀과바람,2022,[내리새라]어린이자료실
173,173,어스름 나라에서,아스트리드 린드그렌 글 ; 마리트 퇴른크비스트 그림 ; 김라합 옮김,창비,2022,[내리새라]유아자료실
174,174,어쩌다 우주여행 : 22세기 흔한 여행길 위의 아이들,"정명섭,남유하,김이환 [공]글 ; 박현주 그림",파란자전거,2022,[내리새라]어린이자료실
175,175,엘리베이터,야엘 프랑켈 지음 ; 김세실 옮김,후즈갓마이테일,2021,[내리새라]유아자료실
176,176,여덟 공주와 마법 거울,나타샤 패런트 글 ; 리디아 코리 그림 ; 김지은 옮김,사계절,2022,[내리새라]어린이자료실
177,177,"열 살, 사랑",박효미 글 ; 유경화 그림,웅진주니어:웅진씽크빅,2022,[내리새라]어린이자료실
178,178,예의 없는 친구들을 대하는 슬기로운 말하기 사전,김원아 글 ; 김소희 그림,사계절,2022,[내리새라]어린이자료실
179,179,오늘 밤에는 어떤 꿈을 꿀까,구도 노리코 글·그림 ; 엄혜숙 옮김,천개의바람,2021,[내리새라]유아자료실
180,180,오늘부터 마음챙김! : 알쏭달쏭한 내 마음을 알아차리고 돌보는 방법,니콜 카르도자 글 ; 마르타 안텔로 그림 ; 윤혜린 옮김,라이카미,2021,[내리새라]어린이자료실
181,181,오랜만이야!,다비드 칼리 글 ; 마리 도를레앙 그림 ; 이숙진 옮김,킨더랜드,2021,[내리새라]유아자료실
182,182,오후 네 시의 놀이터,제성은 글 ; 정은선 그림,노란상상,2022,[내리새라]어린이자료실
183,183,올리의 금빛 조개 : 빵 만드는 법 배우기,트야샤 바리치 글·그림,나무말미,2022,[내리새라]유아자료실
184,184,왕 한번 잘못 뽑았다가 큰일 날 뻔했네,상드린 뒤마 로이 글 ; 브뤼노 로베르 그림 ; 이주영 옮김,책과콩나무,2022,[내리새라]유아자료실
185,185,우리가 세상을 바꿀 거예요 : 어린이가 세계 시민으로 사는 법,공윤희 지음 ; 홍단단 그림,창비:창비교육,2022,[내리새라]어린이자료실
186,186,우리는 벚꽃이야,천미진 글 ; 신진호 그림,다림,2022,[내리새라]유아자료실
187,187,"위풍당당 여우 꼬리. 2, 알쏭달쏭 우정 테스트",손원평 글 ; 만물상 그림,창비,2022,[내리새라]어린이자료실
188,188,(이상한 과자 가게)전천당. 13,히로시마 레이코 글 ; 쟈쟈 그림 ; 김정화 옮김,길벗스쿨,2022,[내리새라]어린이자료실
189,189,이상한 동물원,연수 글·그림,비룡소,2022,[내리새라]유아자료실
190,190,"이시원의 영어 대모험=English adventure. 13, 명령문과 청유문",박시연 글 ; 이태영 그림,아울북:시원스쿨닷컴:북이십일,2022,[내리새라]어린이자료실
191,191,이파라파냐무냐무 : 이지은 그림책,이지은 글·그림,사계절,2020,[내리새라]유아자료실
192,192,인싸가 되고 싶어,신은영 글 ; 박현주 그림,크레용하우스,2021,[내리새라]어린이자료실
193,193,자꾸자꾸 책방,안미란...[등]글 ; 국민지 그림,사계절,2022,[내리새라]어린이자료실
194,194,작은 종이 봉지의 아주 특별한 이야기,헨리 콜 지음,비룡소,2021,[내리새라]유아자료실
195,195,잘난 척쟁이 혼내 주기 : 넌 이런 거 없지,김다노 글 ; 김민정 그림,마주별,2022,[내리새라]어린이자료실
196,196,(지구 어디에나 있는)바글바글 바이러스,권오준 글 ; 정문주 그림,한솔수북,2022,[내리새라]유아자료실
197,197,직선과 곡선,데보라 보그릭 글 ; 피아 발렌티니스 그림 ; 송다인 옮김,브와포레,2021,[내리새라]유아자료실
198,198,집,린롄언 글·그림 ; 이선경 옮김,밝은미래,2021,[내리새라]유아자료실
199,199,찰랑찰랑 비밀 하나,황선미 글 ; 김정은 그림,위즈덤하우스,2022,[내리새라]어린이자료실
200,200,참견백단 야옹이의 슬기로운 걱정 사전,김선희 글 ; 강혜숙 그림,사계절,2020,[내리새라]어린이자료실
201,201,탄소 중립이 뭐예요,장성익 글 ; 방상호 그림,풀빛,2022,[내리새라]어린이자료실
202,202,파리의 작은 인어,루시아노 로사노 글·그림 ; 박재연 옮김,블루밍제이:제이포럼,2022,[내리새라]유아자료실
203,203,팡이의 눈물 사용법 : 배현주 그림책,배현주 글·그림,책읽는곰,2022,[내리새라]유아자료실
204,204,한 코 두 코,이황희 글·그림,계수나무,2022,[내리새라]유아자료실
205,205,행복이 시작되는 곳,에바 엘란트 글·그림 ; 신형건 옮김,보물창고:푸른책들,2022,[내리새라]유아자료실
206,206,호랑이 생일날이렷다 : 강혜숙 그림책,강혜숙 지음,우리학교,2022,[내리새라]유아자료실
207,207,"혼령 장수. 3, 세 끼 밥보다 요괴가 좋아",히로시마 레이코 글 ; 도쿄 모노노케 그림 ; 햇살과나무꾼 옮김,고래가숨쉬는도서관,2021,[내리새라]어린이자료실
208,208,"혼령 장수. 4, 4층에는 요괴가 우글우글",히로시마 레이코 글 ; 도쿄 모노노케 그림 ; 햇살과나무꾼 옮김,고래가숨쉬는도서관,2021,[내리새라]어린이자료실
209,209,화산 체험학습 가는 날,존 헤어 지음,행복한그림책,2022,[내리새라]유아자료실
210,210,"(흔한남매)과학 탐험대. 4, 물질","흔한남매 원작 ; 이현진,닥터 스코 [공]글 ; 김덕영 그림",주니어김영사:김영사,2022,[내리새라]어린이자료실
211,211,(흔한남매의)흔한 호기심. 5,흔한남매 원작 ; 안치현 글 ; 유난희 그림,아이세움:미래엔,2022,[내리새라]어린이자료실
212,212,오늘부터 수성펜 수채화 : 물감 없이 그리는 마법 같은 그림,김여원 지음,예문아카이브,2021,[내리새라]종합자료실
213,213,전념 : 나와 세상을 바꾸는 힘에 관하여,피트 데이비스 지음 ; 신유희 옮김,상상스퀘어,2022,[내리새라]종합자료실
214,214,악의 : 히가시노 게이고 장편소설,지은이: 히가시노 게이고 ; 옮긴이: 양윤옥,현대문학,2017,[내리새라]종합자료실
215,215,백은의 잭,히가시노 게이고 지음 ; 양윤옥 옮김,소미미디어,2022,[내리새라]종합자료실
216,216,마음의 문을 닫고 숨어버린 나에게 : 나의 복잡한 심리를 이해하는 방어기제 수업,조지프 버고 지음 ; 이영아 옮김,더퀘스트:길벗,2019,[내리새라]종합자료실
217,217,초등 매일 독서의 힘 : '읽는 중학생'을 만드는 초등의 책 읽기,이은경 지음,한빛라이프,2022,[내리새라]종합자료실
218,218,단어의여왕,"신소영 글,모예진 그림",비룡소,2022,[내리새라]어린이자료실
219,219,센 강의 이름 모를 여인 : 기욤 뮈소 장편소설,기욤 뮈소 지음 ; 양영란 옮김,밝은세상,2022,[내리새라]종합자료실
220,220,판문점의 협상가 정세현 회고록 : 북한과 마주한 40년 : 박인규 대담,"지은이: 정세현,박인규",창비,2020,[내리새라]종합자료실
221,221,브레이킹 루틴=Breaking routine : 원하는 인생은 늘 안전지대 밖에 있다,천인우 지음,중앙books,2021,[내리새라]종합자료실
222,222,연이와 버들 도령,백희나 [지음],책읽는곰,2022,[내리새라]유아자료실
223,223,달콩이네 떡집,김리리 글 ; 김이랑 그림,비룡소,2021,[내리새라]어린이자료실
224,224,시간 고양이 : 동물이 사라진 세계,박미연 글 ; 박냠 그림,이지북,2022,[내리새라]어린이자료실
225,225,내게 왔던 그 모든 당신 : 안도현 산문집,지은이: 안도현,창비,2021,[내리새라]종합자료실
226,226,밤의 도서관 : 책과 영혼이 만나는 마법 같은 공간,알베르토 망구엘 지음 ; 강주헌 옮김,세종(세종서적),2019,[내리새라]종합자료실
227,227,우리가 간신히 희망할 수 있는 것 : 김영민 논어 에세이,지은이: 김영민,사회평론,2019,[내리새라]종합자료실
228,228,주식시장의 심리학 : 성공하는 투자자의 심리에 대한 고찰,조지 C. 셀든 지음 ; 백승대 옮김,한울:한울엠플러스,2021,[내리새라]종합자료실
229,229,캔들차트 매매법 : 박스권에서 더 강한 주식매매 전략,터틀캠프 지음,북오션,2021,[내리새라]종합자료실
230,230,세력주의 신 100법칙 : 수익을 올리는 묘미 싸운다면 반드시 이긴다!,지은이: 이시이 카츠토시 ; 옮긴이: 전종훈,지상사:청홍,2021,[내리새라]종합자료실
231,231,최소한의 선의,문유석 지음,문학동네,2021,[내리새라]종합자료실
232,232,왜 우리는 불평등한가 : 쉽게 읽는 피케티 경제학 : 불평등 사회에 대한 진단 그리고 내일을 위한 제안,이정우 지음,EBS Books:한국교육방송공사,2021,[내리새라]종합자료실
233,233,(박병창의 돈을 부르는) 매매의 기술=Trading,박병창 지음,포레스트북스,2021,[내리새라]종합자료실
234,234,"개미 5년, 세후 55억 : 가장이기에 투자에 진심인 어느 아빠의 주식투자 이야기",성현우 지음,모루,2021,[내리새라]종합자료실
235,235,종목 선정 나에게 물어봐,김정수 지음,하움출판사,2022,[내리새라]종합자료실
236,236,"슈퍼영웅 지침서. 4, 늑대의 공격","엘리아스 볼룬드,앙네스 볼룬드 글·그림 ; 김상열 옮김",북뱅크,2020,[내리새라]어린이자료실
237,237,"슈퍼영웅 지침서. 5, 사라진 소년들",엘리아스 볼룬드 지음 ; 앙네스 볼룬드 지음 ; 김상열 옮김,북뱅크,2021,[내리새라]어린이자료실
238,238,햇빛은 찬란하고 인생은 귀하니까요 : Ciao amici : 밀라논나 이야기,장명숙 지음,김영사,2021,[내리새라]종합자료실
239,239,거인의 포트폴리오 : 월급을 쪼개서 경제적 자유를 만드는 23가지 전략,강환국 지음,Page2:페이지2북스,2021,[내리새라]종합자료실
240,240,미드나잇 라이브러리,매트 헤이그 지음 ; 노진선 옮김,인플루엔셜,2021,[내리새라]종합자료실
241,241,(어린이를 위한)4차 산업 혁명 안내서,정윤선 글 ; 우연희 그림,다락원,2019,[내리새라]어린이자료실
242,242,하프 브로크 : 부서진 마음들이 서로 만날 때,지은이: 진저 개프니 ; 옮긴이: 허형은,복복서가,2021,[내리새라]종합자료실
243,243,종목 선정 나에게 물어봐 : 누구나 하루 만에 따라 할 수 있는 종목 선정 필살기,김정수 지음,하움출판사,2021,[내리새라]종합자료실
244,244,도망치고 찾고,요시타케 신스케 글·그림 ; 권남희 옮김,주니어김영사,2021,[내리새라]어린이자료실
245,245,트렌드 코리아 2022 : 서울대 소비트렌드 분석센터의 2022 전망,김난도...[등]지음,미래의창,2021,[내리새라]종합자료실
246,246,조인계획 : 히가시노 게이고 장편소설,지은이: 히가시노 게이고 ; 옮긴이: 양윤옥,현대문학,2022,[내리새라]종합자료실
247,247,모든 용서는 아름다운가 : 용서받을 자격과 용서할 권리에 대하여,시몬 비젠탈 지음 ; 박중서 옮김,뜨인돌,2020,[내리새라]종합자료실
248,248,오리엔트 특급 살인 : 애거서 크리스티 장편 소설,애거서 크리스티 지음 ; 신영희 옮김,황금가지,2020,[내리새라]종합자료실
249,249,123 미니쌤의 초등 수학 로드맵 : 당신의 자녀도 수학을 잘할 수 있습니다,김민희 지음,생각지도,2021,[내리새라]종합자료실
250,250,"미국 주식으로 은퇴하기. 2, 실전투자편",최철 지음,황금부엉이,2021,[내리새라]종합자료실
251,251,(부의 대전환) 코인 전쟁 : 인류의 금융 역사를 바꾸는 거대한 패러다임 변화,"박성준,김승주,한대훈,임동민,홍익희 [공]지음",한스미디어,2018,[내리새라]종합자료실
252,252,(Disney) 라야와 마지막 드래곤,각색: 수잔 프랜시스 ; 그림: 디즈니 동화 아트팀 ; 옮김: 이윤정,애플비,2021,[내리새라]유아자료실
253,253,(Disney) 엔칸토 마법의 세계,각색: 수잔 프랜시스 ; 그림: 디즈니 동화 아트 팀 ; 옮김: 이지안,애플비,2021,[내리새라]유아자료실
