﻿,0,1,2,3,4,5
0,순번,서명,저작자,발행자,발행년,자료실명
1,1,10대를 위한 돈 공부 : 꿈·행복·부·인생을 모두 배우는 진짜 경제 수업!,김명지 지음,굿웰스북스,2022,[고촌]종합자료실
2,2,12 1/2 부와 성공을 부르는 12가지 원칙 : 당신의 인생을 바꿔 줄 35가지 조언,게리 바이너척 지음 ; 우태영 옮김,천그루숲,2022,[고촌]종합자료실
3,3,1930's 경성 무지개 : 그들의 심장은 뛰었다,민경혜 지음,단비청소년,2022,[고촌]종합자료실
4,4,"1일 1로그 100일 완성 IT 지식 : 하드웨어,소프트웨어,통신,데이터,4가지 IT 근육으로 디지털 문해력 기르기",브라이언 W. 커니핸 지음 ; 하성창 옮김,인사이트,2021,[고촌]종합자료실
5,5,(2022 신문으로 공부하는 말랑말랑)시사상식 청소년 : 선생님도 훔쳐보는 시사상식의 모든 것,시사상식연구소 지음,시대고시기획,2022,[고촌]종합자료실
6,6,99점은 100점이 아니다 : 마지막 1점을 완성하는 입학사정관의 치열한 24시간,류나리 지음,미다스북스,2022,[고촌]종합자료실
7,7,거꾸로 읽는 그리스 로마사 : 신화가 아닌 보통 사람의 삶으로 본 그리스 로마 시대,개릿 라이언 지음 ; 최현영 옮김,다산초당:다산북스,2022,[고촌]종합자료실
8,8,"검은 피부, 하얀 가면",프란츠 파농 지음 ; 노서경 옮김,문학동네,2022,[고촌]종합자료실
9,9,관계를 망치는 사람들을 위한 심리 처방전,후션즈 지음 ; 정은지 옮김,리드리드,2022,[고촌]종합자료실
10,10,교과서 토론 : 과학,김동명 [외] 지음,이화북스,2022,[고촌]종합자료실
11,11,교실을 나간 선생님,전아리 지음,탐:토토북,2022,[고촌]종합자료실
12,12,"국경 마을, 삼차구에서 보내온 이야기",박영희 편 ; 박혜 그림,숨쉬는책공장,2022,[고촌]종합자료실
13,13,"궁금했어, 양자 역학",송은영 글 ; 주노 그림,나무생각,2022,[고촌]종합자료실
14,14,그 여름의 끝,이진미 글 ; 김유진 그림,글라이더,2022,[고촌]종합자료실
15,15,"그건 내 건데 : 기본소득, 모두가 차별 없이 찾아야 할 권리","이선배 글쓴이,김휘승 그린이",내일을여는책,2022,[고촌]종합자료실
16,16,그들의 말 혹은 침묵 : 아니 에르노 장편소설,아니 에르노 지음 ; 정혜용 옮김,민음사,2022,[고촌]종합자료실
17,17,그들의 이해관계 : 임현 소설,임현 지음,문학동네,2022,[고촌]종합자료실
18,18,낀대 패싱=Kkin-dai passing : 튀고 싶지만 튀지 못하는 소심한 반항아들,"윤석만,천하람 [공]지음",가디언,2022,[고촌]종합자료실
19,19,"나를 알고 싶을 때 뇌과학을 공부합니다 : 뇌가 멈춘 순간, 삶이 시작되었다",질 볼트 테일러 지음 ; 진영인 옮김,윌북,2022,[고촌]종합자료실
20,20,나를 지키는 최소한의 법 이야기,양지열 지음,자음과모음,2022,[고촌]종합자료실
21,21,나의 상상은 현실이 된다 : 꿈꾸는 대로 이루어지는 마음 주문,이도원(클레어) 지음,다산북스,2022,[고촌]종합자료실
22,22,낭만적 은둔의 역사 : 혼자인 시간을 살아가고 사랑하는 법,데이비드 빈센트 지음 ; 공경희 옮김,더퀘스트:길벗,2022,[고촌]종합자료실
23,23,내 마음도 쉴 곳이 필요해요 : 크리스천 정신과의사의 마음챙김,유은정 지음,규장,2022,[고촌]종합자료실
24,24,네가 울어서 꽃은 진다 : 최백규 시집,최백규 지음,창비,2022,[고촌]종합자료실
25,25,네덜란드 단편 동화집,윌리엄 엘리엇 그리피스 지음 ; 임아랑 옮김,미니책방:정씨책방,2022,[고촌]종합자료실
26,26,네트워크 분석 : 소셜 미디어에서 신경망까지,"필립포 멘처,산토 포르투나토,칼리튼 데이비스 [공]지음 ; 손승우 외 옮김",에이콘,2022,[고촌]종합자료실
27,27,누가 뭐래도 나는 나 : 10대를 위한 인생 힌트,사사다 유미코 글 ; 도모노 가나코 그림 ; 안혜은 옮김,이야기공간,2022,[고촌]종합자료실
28,28,당신 엄마가 당신보다 잘하는 게임 : 박서련 소설집,박서련 지음,민음사,2022,[고촌]종합자료실
29,29,동물은 어떻게 슬퍼하는가,바버라 J. 킹 지음 ; 정아영 옮김,서해문집,2022,[고촌]종합자료실
30,30,러브 플랜트 : 윤치규 소설,윤치규 지음,자음과모음,2022,[고촌]종합자료실
31,31,리정혁의 백두산 하이킹,박경희 지음,주니어김영사,2022,[고촌]종합자료실
32,32,망해버린 이번 생을 애도하며 : 정지혜 장편소설,정지혜 지음,몽실북스,2022,[고촌]종합자료실
33,33,메멘토 모리 : 너 두고 나 절대로 안 죽어,이어령 지음 ; 김태완 엮음,열림원,2022,[고촌]종합자료실
34,34,"메타버스 사피엔스 : 또 하나의 현실, 두 개의 삶, 디지털 대항해시대의 인류",김대식 지음,동아시아,2022,[고촌]종합자료실
35,35,메타버스 언박싱 : 10대를 위한 메타버스 완전 정복,이정호 지음,글라이더,2022,[고촌]종합자료실
36,36,"메타버스, 너 때는 말이야",정동훈 지음,넥서스,2022,[고촌]종합자료실
37,37,모두를 위한 기독교 교양 : 기독교를 읽다 기독교와 잇다,손성찬 지음,죠이북스,2022,[고촌]종합자료실
38,38,"문과도 이과도 빠져드는 수학 퀴즈 100 : 직감력, 논리력, 사고력을 높여 주는 수학 퀴즈",요코야마 아스키 지음 ; 박유미 옮김,온스토리,2022,[고촌]종합자료실
39,39,물리학이 이렇게 쉬울 리 없어,최원석 지음,생각학교,2022,[고촌]종합자료실
40,40,미녀와 쓰레기통,조앤 오코넬 지음 ; 최지수 옮김,미래인,2022,[고촌]종합자료실
41,41,"미래 에너지 쫌 아는 10대 : 태양부터 수소까지, 새로운 에너지 히어로는",이필렬 글 ; 방상호 그림,풀빛,2022,[고촌]종합자료실
42,42,미스터 라푼젤,조나단 플랙켓 글 ; 캐리 프란스만 그림 ; 박혜원 옮김,토마토,2022,[고촌]종합자료실
43,43,밤이 오기 전에 : 프루스트 단편선,마르셀 프루스트 지음 ; 유예진 옮김,현암사,2022,[고촌]종합자료실
44,44,백광 : 렌조 미키히코 장편소설,렌조 미키히코 지음 ; 양윤옥 옮김,모모,2022,[고촌]종합자료실
45,45,백은의 잭,히가시노 게이고 지음 ; 양윤옥 옮김,소미미디어,2022,[고촌]종합자료실
46,46,百의 그림자 : 황정은 장편소설,황정은 지음,창비,2022,[고촌]종합자료실
47,47,베이킹 하다 앳 홈=baking hada aht home,박정아 지음,중앙books,2022,[고촌]종합자료실
48,48,"변호사님, 이게 성범죄 피해가 맞나요 : 궁금한 모든 것, 이 책에 물어보세요",박원경 지음,탬,2022,[고촌]종합자료실
49,49,봄은 언제나 찾아온다 : 노르망디에서 데이비드 호크니로부터,"데이비드 호크니,마틴 게이퍼드 [공]지음 ; 주은정 옮김",시공아트,2022,[고촌]종합자료실
50,50,빈민을 위해 헌신한 마더 테레사 : 빈민을 위해 헌신한,김정희 지음,자음과모음,2022,[고촌]종합자료실
51,51,사마아,마리 파블렌코 지음 ; 곽성혜 옮김,동녘,2022,[고촌]종합자료실
52,52,삶이 던지는 질문은 언제나 같다 : 시대의 지성 찰스 핸디가 전하는 삶의 철학,찰스 핸디 지음 ; 강주헌 옮김,인플루엔셜,2022,[고촌]종합자료실
53,53,생각은 어떻게 행동이 되는가 : 목표를 세우고 성취하는 인지조절의 뇌과학,데이비드 바드르 지음 ; 김한영 옮김,해나무,2022,[고촌]종합자료실
54,54,생명과학이 이렇게 쉬울 리 없어,윤자영 지음,생각학교,2022,[고촌]종합자료실
55,55,(소설로 알아보는)바이오 사이언스,전승민 지음,세종서적,2022,[고촌]종합자료실
56,56,소셜온난화 : 더 많은 사람들이 연결될수록 세상이 나아진다는 착각,찰스 아서 지음 ; 이승연 옮김,위즈덤하우스,2022,[고촌]종합자료실
57,57,순백의 비명 : 정이담 장편소설,정이담 지음,아작,2022,[고촌]종합자료실
58,58,"시여, 침을 뱉어라",김수영 지음 ; 이영준 엮음,민음사,2022,[고촌]종합자료실
59,59,"아무튼, 무대 : 곧 흔적도 없이 사라질 그 시간을 축제처럼 만끽하는 수밖에 없다",황정원 지음,코난북스,2022,[고촌]종합자료실
60,60,안녕 나는 호모미디어쿠스야 : 현직 기자가 들려주는 AI시대 미디어 수업,노진호 지음,자음과모음,2022,[고촌]종합자료실
61,61,어느 날 멀쩡하던 행거가 무너졌다,이혜림 지음,라곰,2022,[고촌]종합자료실
62,62,어른의 대화법 : 상처받지 않고 상처 주지 않는 소통의 기술,임정민 지음,서사원,2022,[고촌]종합자료실
63,63,엄마랑은 왜 말이 안 통할까 : 뇌과학자와 함께하는 십대-부모 소통 프로젝트,딘 버넷 지음 ; 김인경 옮김,뜨인돌,2022,[고촌]종합자료실
64,64,연구자의 탄생 : 포스트-포스트 시대의 지식 생산과 글쓰기,김성익 [외] 지음,돌베개,2022,[고촌]종합자료실
65,65,"열세 살, 사랑해도 괜찮아 : 사춘기 아이들이 말하는 사랑",강하늘 [외] 지음,좋은땅,2022,[고촌]종합자료실
66,66,예민한 부모를 위한 심리 수업 : 알고 보면 훌륭한 부모가 될 자질을 가진 당신에게,일레인 N. 아론 지음 ; 김진주 옮김,청림Life,2022,[고촌]종합자료실
67,67,예술의 정원=Gardens in Art : 서양 미술로 읽는 정원의 역사,루시아 임펠루소 지음 ; 조동범 옮김,RHK:알에이치코리아,2022,[고촌]종합자료실
68,68,오늘 넘긴 페이지,메 글·그림,길벗어린이,2022,[고촌]종합자료실
69,69,왜 미디어가 문제일까 : 10대에게 들려주는 미디어 이야기,박창섭 지음,반니,2022,[고촌]종합자료실
70,70,요즘 사는 맛,김겨울 [외] 지음,위즈덤하우스,2022,[고촌]종합자료실
71,71,용서하지 않을 권리 : 피해자를 바라보는 적정한 시선과 태도에 관하여,김태경 지음,Whale books:웨일북,2022,[고촌]종합자료실
72,72,"우리 모두 가끔은 미칠 때가 있지 : 관계, 그 잘 지내기 어려움에 대하여",정지음 지음,빅피시,2022,[고촌]종합자료실
73,73,우리는 여전히 삶을 사랑하는가,에리히 프롬 지음 ; 라이너 풍크 엮음 ; 장혜경 옮김,김영사,2022,[고촌]종합자료실
74,74,우리에게 허락된 미래 : 조해진 짧은 소설,조해진 지음 ; 곽지선 그림,마음산책,2022,[고촌]종합자료실
75,75,우리의 질량 : 설재인 장편소설,설재인 지음,시공사,2022,[고촌]종합자료실
76,76,우산의 비밀 : 독도 앤솔러지,정명섭 [외] 지음,팩토리나인,2022,[고촌]종합자료실
77,77,"유럽 최후의 대국, 우크라이나의 역사 : 장대한 동슬라브 종가의 고난에 찬 대서사시",구로카와 유지 지음 ; 안선주 옮김,글항아리,2022,[고촌]종합자료실
78,78,"이상한 나라의 위험한 가짜뉴스 : 가짜뉴스와 혐오, 사이버 폭력으로부터 나를 지키는 법",마우로 무나포 지음 ; 마르타 판탈레오 그림 ; 김지우 옮김,우리학교,2022,[고촌]종합자료실
79,79,이웃집 살인범,선자은 [지음],여섯번째봄:킨더랜드,2022,[고촌]종합자료실
80,80,인지심리학은 처음이지=Cognitive psychology,"김경일,김태훈,이윤형 [공]지음",북멘토,2022,[고촌]종합자료실
81,81,일상을 담는 아이패드 드로잉 : 작은 그림부터 풍경 일러스트까지 4주간의 다정한 그림 수업,이이오 지음,한빛라이프,2022,[고촌]종합자료실
82,82,일회용 아내,세라 게일리 지음 ; 안은주 옮김,한스미디어:한즈미디어,2022,[고촌]종합자료실
83,83,잘 살아라 그게 최고의 복수다,권민창 지음,마인드셋:Mindset,2022,[고촌]종합자료실
84,84,적절한 고통의 언어를 찾아가는 중입니다,오희승 지음,그래도봄,2022,[고촌]종합자료실
85,85,조인계획 : 히가시노 게이고 장편소설,히가시노 게이고 지음 ; 양윤옥 옮김,현대문학,2022,[고촌]종합자료실
86,86,존리의 왜 주식인가=Why Invest in Stocks : 시간에 투자하는 대가의 생각,존 리 지음,한국경제신문:한경BP,2022,[고촌]종합자료실
87,87,"죽고 싶은 내 두 손에 식물이 : 아, 이 생명체를 어쩌지",심경선 [지음],날,2022,[고촌]종합자료실
88,88,"지구는 괜찮아, 우리가 문제지 : 곽재식의 기후 시민 수업",곽재식 지음,어크로스,2022,[고촌]종합자료실
89,89,"(진료실에 숨은)의학의 역사 : 메스, 백신, 마취제에 담긴 의학사",박지욱 지음,곰곰:휴머니스트출판그룹,2022,[고촌]종합자료실
90,90,"취향육아 : 내가 가장 좋아하고, 기분 좋은 방식으로",이연진 지음,Whale Books:웨일북,2022,[고촌]종합자료실
91,91,카이스트 명상 수업 : 카이스트 학생들의 마음을 재건해준 명강의,이덕주 지음,위즈덤하우스,2022,[고촌]종합자료실
92,92,클로이의 무지개 : 양선형 소설집,양선형 [지음],문학과지성사,2022,[고촌]종합자료실
93,93,텅장이 돼도 오히려 좋아 : 곰탱여우 집사일기,쏭이님 지음,다독임북스,2022,[고촌]종합자료실
94,94,펄프픽션,조예은 [외] 지음,고블,2022,[고촌]종합자료실
95,95,"(편집자가 알려주는)중학생의 글쓰기 : 생각을, 꿈을 문장으로 가다듬는 청소년 글쓰기의 힘",나른히 지음,도서출판 덤보,2022,[고촌]종합자료실
96,96,플라스틱 없이 1년 살기 : 제로웨이스트,소피 프리 글 ; 안나 루빈스키 그림 ; 이나래 옮김,북스힐,2022,[고촌]종합자료실
97,97,플랜데믹 : 코로나19 팬데믹은 기획되었다!,미키 윌리스 공저 ; 이원기 옮김,에디터,2022,[고촌]종합자료실
98,98,픽사 스토리텔링 : 고객의 마음을 사로잡는 9가지 스토리 법칙,매튜 룬 지음 ; 박여진 옮김,현대지성,2022,[고촌]종합자료실
99,99,"헤르만 헤세, 음악 위에 쓰다",헤르만 헤세 지음 ; 김윤미 옮김,북하우스,2022,[고촌]종합자료실
100,100,혐오와 대화를 시작합니다 : 편견과 차별에 저항하는 비폭력 투쟁기,외즐렘 제키지 지음 ; 김수진 옮김,타인의사유,2022,[고촌]종합자료실
101,101,호르몬 찬가 : 진화 심리학으로 풀어 가는 호르몬 지능의 비밀,마티 헤이즐턴 [지음] ; 변용란 옮김,사이언스북스,2022,[고촌]종합자료실
102,102,호호호 : 나를 웃게 했던 것들에 대하여 : 윤가은 산문,윤가은 지음,마음산책,2022,[고촌]종합자료실
103,103,환 : 김시안 미스터리 스릴러,김시안 지음,고즈넉이엔티,2022,[고촌]종합자료실
104,104,훌훌 : 문경민 장편소설,문경민 지음,문학동네,2022,[고촌]종합자료실
105,105,두더지 잡기 : 노년의 정원사가 자연에서 배운 것들,마크 헤이머 지음 ; 황유원 옮김,카라칼,2021,[고촌]종합자료실
106,106,술과 바닐라 : 정한아 소설,정한아 지음,문학동네,2021,[고촌]종합자료실
107,107,영어 공부 잘하는 아이는 이렇게 공부합니다 : 초2 때 시작해 4년 만에 수능 모의고사 만점 받은 문해력 영어 학습법,스카이쌤 김도연 지음,길벗,2021,[고촌]종합자료실
108,108,이어령의 마지막 수업,김지수 지음,열림원,2021,[고촌]종합자료실
109,109,가야인 바다에 살다,"[편]: 국립김해박물관 ; 원고: 이정근 ; 김민철 ; 이제현 ; 칼럼: 이창언 ; 소배경,김헌석,최은비 ; 오상학,이정근,천선행,이창희,고일홍,김종우,박준영,심재용,이춘선 ,논고: 이청규,이정근,김재홍,이노우에 치카라 ; 사진: 함춘원,이성현",국립김해박물관,2021,[고촌]종합자료실
110,110,돈되는 재건축 재개발 : 한 권으로 끝내는,이정열(열정이넘쳐),잇콘,2017,[고촌]종합자료실
111,111,전쟁에서 살아남기,메리 로치,열린책들,2017,[고촌]종합자료실
112,112,인문의 바다에 빠져라 : DVD1장포함인문의 바다 시리즈 1,최진기,스마트북스,2012,[고촌]종합자료실
113,113,동양고전의 바다에 빠져라 : CD1장포함인문의 바다 시리즈,최진기,스마트북스,2013,[고촌]종합자료실
114,114,인문의 바다에 빠져라. 2: 서양미술사 : 인문의 바다 시리즈 3,최진기,스마트북스,2014,[고촌]종합자료실
115,115,존엄한 죽음,최철주,메디치미디어,2017,[고촌]종합자료실
116,116,화폐혁명,"홍익희, 홍기대",앳워크,2018,[고촌]종합자료실
117,117,김민주의 트렌드로 읽는 세계사 : 양장본 HardCover,김민주,김영사,2018,[고촌]종합자료실
118,118,"영포자, 1년 만에 이룬 기적의 영어 공부법",가인숙,지식과감성,2018,[고촌]종합자료실
119,119,핵심 공인중개사 실무교육,조영준,매일경제신문사,2021,[고촌]종합자료실
120,120,지지옥션 경매 상담사례 100선,"강은, 김부철 외",지지옥션,2016,[고촌]종합자료실
121,121,십자군 이야기. 1,시오노 나나미,문학동네,2011,[고촌]종합자료실
122,122,십자군 이야기. 2,시오노 나나미,문학동네,2011,[고촌]종합자료실
123,123,십자군 이야기. 3,시오노 나나미,문학동네,2012,[고촌]종합자료실
124,124,당뇨특강,이기업,마을에숨어,2019,[고촌]종합자료실
125,125,창문 넘어 도망친 100세 노인,요나스 요나손,열린책들,2013,[고촌]종합자료실
126,126,셈을 할 줄 아는 까막눈이 여자,요나스 요나손,열린책들,2014,[고촌]종합자료실
127,127,나는 가상화폐로 3달 만에 3억 벌었다,빈현우,이코노믹북스,2017,[고촌]종합자료실
128,128,"크립토애셋, 암호자산 시대가 온다","크리스 버니스크, 잭 타터",비즈페이퍼,2018,[고촌]종합자료실
129,129,주식 초보자가 가장 알고 싶은 101가지 이야기(고수 따라하기. : 전면개정판,권정태,국일증권경제연구소,2016,[고촌]종합자료실
130,130,쫄딱 망한 경매,"박진희, 김정욱 외 10명",지지옥션,2019,[고촌]종합자료실
131,131,도시 양봉을 하다,김진아,전원문화사,2018,[고촌]종합자료실
132,132,양봉52주,글쓴이: 권상헌,보라,2009,[고촌]종합자료실
133,133,여행영어 미리훈련,박광희,사람in,2016,[고촌]종합자료실
134,134,김수영을 위하여,강신주,천년의상상,2012,[고촌]종합자료실
135,135,자동차 경매 일주일만에 정복하기,"배중렬, 김형무",매경출판,2015,[고촌]종합자료실
136,136,시티픽션,"지은이: 조남주,정용준,이주란,조수경,임현,정지돈,김초엽",Millie Original ,2019,[고촌]종합자료실
137,137,"경제무식자, 불온한 경제학을 만나다","김성구, 워커스 (기획)",나름북스,2016,[고촌]종합자료실
138,138,법과 양심,김우창,에피파니,2017,[고촌]종합자료실
139,139,인생의 버팀목이 되어주는 33이야기 90명언 : 양장본 HardCover,니시자와 야스오,씽크뱅크,2014,[고촌]종합자료실
140,140,스피치의 매력에 빠지다,빈현우,지혜정원,2014,[고촌]종합자료실
141,141,힘 있는 글쓰기,피터 엘보,토트,2014,[고촌]종합자료실
142,142,경매의 정도 이 정도는 알아야지,김부철,지지옥션,2018,[고촌]종합자료실
143,143,화성 남자와 금성 여자를 넘어서,존 그레이,김영사,2018,[고촌]종합자료실
144,144,이야기하는 법,양자오,유유,2019,[고촌]종합자료실
145,145,아미쿠스 모르티스,리 호이나키,삶창,2016,[고촌]종합자료실
146,146,천자문 인문학,한정주,다산초당,2016,[고촌]종합자료실
147,147,맨즈헬스 빅북,아담 캠벨,싸이프레스,2010,[고촌]종합자료실
148,148,맨즈헬스 빅북. 2: 15분 운동법,"셀렌 예거, 맨즈헬스 편집부",싸이프레스,2012,[고촌]종합자료실
149,149,알레프 : 양장본 HardCover,파울로 코엘료,문학동네,2011,[고촌]종합자료실
150,150,순례자 : 2판양장본 HardCover,파울로 코엘료,문학동네,2011,[고촌]종합자료실
151,151,조선왕조1 : 태조와 신덕 왕후 강씨,김영곤,㈜금성출판사,2021,[고촌]종합자료실
152,152,조선왕조2 : 태조와 신덕 왕후 강씨,김영곤,㈜금성출판사,2021,[고촌]종합자료실
153,153,조선왕조3 : 정종과 정안 왕후 김씨 태종과 원경 왕후 민씨,김영곤,㈜금성출판사,2021,[고촌]종합자료실
154,154,조선왕조4 : 태종과 원경 왕후 민씨,김영곤,㈜금성출판사,2021,[고촌]종합자료실
155,155,조선왕조5 : 세종과 소현 왕후 심씨,김영곤,㈜금성출판사,2021,[고촌]종합자료실
156,156,조선왕조6 : 세종과 소현 왕후 심씨,김영곤,㈜금성출판사,2021,[고촌]종합자료실
157,157,조선왕조7 : 세종과 소현 왕후 심씨 문종과 현덕 왕후 권씨,김영곤,㈜금성출판사,2021,[고촌]종합자료실
158,158,조선왕조8 : 단종과 정순 왕후 송씨 세조와 정희 왕후 윤씨,김영곤,㈜금성출판사,2021,[고촌]종합자료실
159,159,조선왕조9 : 세조와 정희 왕후 윤씨,김영곤,㈜금성출판사,2021,[고촌]종합자료실
160,160,조선왕조10 : 세조와 정희 왕후 윤씨 예종과 안순 왕후 한씨,김영곤,㈜금성출판사,2021,[고촌]종합자료실
161,161,조선왕조11 : 성종과 폐비 윤씨,김영곤,㈜금성출판사,2021,[고촌]종합자료실
162,162,조선왕조12 : 성종과 정현 왕후 윤씨,김영곤,㈜금성출판사,2021,[고촌]종합자료실
163,163,조선왕조13 : 연산군과 폐비 신씨,김영곤,㈜금성출판사,2021,[고촌]종합자료실
164,164,조선왕조14 : 연산군과 폐비 신씨,김영곤,㈜금성출판사,2021,[고촌]종합자료실
165,165,조선왕조15 : 중종과 장경 왕후 윤씨,김영곤,㈜금성출판사,2021,[고촌]종합자료실
166,166,조선왕조16 : 중종과 문정 왕후 윤씨 이종과 인성 왕후 박씨,김영곤,㈜금성출판사,2021,[고촌]종합자료실
167,167,조선왕조17 : 명종과 인순 왕후 심씨,김영곤,㈜금성출판사,2021,[고촌]종합자료실
168,168,조선왕조18 : 선조와 의인 왕후 박씨,김영곤,㈜금성출판사,2021,[고촌]종합자료실
169,169,조선왕조19 : 선조와 의인 왕후 박씨,김영곤,㈜금성출판사,2021,[고촌]종합자료실
170,170,조선왕조20 : 선조와 인목 왕후 김씨,김영곤,㈜금성출판사,2021,[고촌]종합자료실
171,171,조선왕조21 : 광해군과 문성 군부인 유씨,김영곤,㈜금성출판사,2021,[고촌]종합자료실
172,172,조선왕조22 : 광혜군과 문성 군부인 유씨,김영곤,㈜금성출판사,2021,[고촌]종합자료실
173,173,조선왕조23 : 인조와 인렬 왕후 한씨,김영곤,㈜금성출판사,2021,[고촌]종합자료실
174,174,조선왕조24 : 인조와 인렬 왕후 한씨,김영곤,㈜금성출판사,2021,[고촌]종합자료실
175,175,조선왕조25 : 효종과 인선 왕후 최씨,김영곤 지음 ; 홍성찬 그림,금성출판사,2021,[고촌]종합자료실
176,176,조선왕조26 : 현종과 명성 왕후 김씨,김영곤,㈜금성출판사,2021,[고촌]종합자료실
177,177,조선왕조27 : 숙종과 인경 왕후 김씨,김영곤,㈜금성출판사,2021,[고촌]종합자료실
178,178,조선왕조28 : 숙종과 인현 왕후 민씨 경종과 선의 왕후 어씨,김영곤,㈜금성출판사,2021,[고촌]종합자료실
179,179,조선왕조29 : 영조와 장성왕후 서씨,김영곤,㈜금성출판사,2021,[고촌]종합자료실
180,180,조선왕조30 : 영조와 정순 왕후,김영곤,㈜금성출판사,2021,[고촌]종합자료실
181,181,조선왕조31 : 정조와 효의 왕후 김씨,김영곤,㈜금성출판사,2021,[고촌]종합자료실
182,182,조선왕조32 : 정조와 효의 왕후 김씨,김영곤,㈜금성출판사,2021,[고촌]종합자료실
183,183,조선왕조33 : 순조와 순원 왕후 김씨,김영곤,㈜금성출판사,2021,[고촌]종합자료실
184,184,조선왕조34 : 순조와 왕후 김씨 현종과 효현 왕후 김씨,김영곤,㈜금성출판사,2021,[고촌]종합자료실
185,185,조선왕조35 : 철종과 철인 왕후 김씨,김영곤,㈜금성출판사,2021,[고촌]종합자료실
186,186,조선왕조36 : 철종과 철인 왕후 김씨,김영곤,㈜금성출판사,2021,[고촌]종합자료실
187,187,조선왕조37 : 고종과 명성 황후 민씨,김영곤,㈜금성출판사,2021,[고촌]종합자료실
188,188,조선왕조38 : 고종과 명성 황후 민씨,김영곤,㈜금성출판사,2021,[고촌]종합자료실
189,189,조선왕조39 : 순종과 순정효 황후 윤씨,김영곤,㈜금성출판사,2021,[고촌]종합자료실
190,190,조선왕조40 : 순종과 순정효 황후 윤씨,김영곤,㈜금성출판사,2021,[고촌]종합자료실
191,191,상속 · 증여 절세백과 : 100가지 QA를 통한,"우영제,이상규 지음",미스틱,2021,[고촌]종합자료실
192,192,당신이 잘되면 좋겠습니다,김민섭,창비교육,2021,[고촌]종합자료실
193,193,없던 오늘,유병욱,북하우스,2021,[고촌]종합자료실
194,194,"이 장면, 나만 불편한가요 : 자음과모음 청소년인문 18",태지원,자음과모음,2021,[고촌]종합자료실
195,195,다 함께 행복한 공공도서관 : 한티재 팸플릿 23,신남희,한티재,2022,[고촌]종합자료실
196,196,상처가 될 줄 몰랐다는 말,김예원,웅진지식하우스,2021,[고촌]종합자료실
197,197,나의 첫 메타버스 수업,이재원,메이트북스,2021,[고촌]종합자료실
198,198,"나는, 휴먼","주디스 휴먼, 크리스틴 조이너",사계절,2022,[고촌]종합자료실
199,199,골프 멘탈의 정석,"피아 닐손, 린 매리엇, 수전 리드",샘터(샘터사),2022,[고촌]종합자료실
200,200,파이 이야기 : 양장본 HardCover,얀 마텔,작가정신,2022,[고촌]종합자료실
201,201,LG가 사장을 만드는 법,이웅범,세이코리아,2022,[고촌]종합자료실
202,202,이름이 법이 될 때,정혜진,동녘,2021,[고촌]종합자료실
203,203,일하고 일하고 사랑을 하고 : 창비시선 472,최지인,창비,2022,[고촌]종합자료실
204,204,바다의 선물,앤 모로 린드버그,북포레스트,2022,[고촌]종합자료실
205,205,30일 완독 책방,조미정,블랙피쉬,2021,[고촌]종합자료실
206,206,최고 버전의 나를 찾아라,크리스천 재럿,책봇에디스코,2022,[고촌]종합자료실
207,207,"오늘 밤, 세계에서 이 사랑이 사라진다 해도 : 20만 부 기념 리커버 에디션",이치조 미사키,모모,2021,[고촌]종합자료실
208,208,틴틴팅클!,난,중앙북스,2021,[고촌]종합자료실
209,209,틴틴팅클!. 2,난,중앙북스,2022,[고촌]종합자료실
210,210,100세 눈 건강법 [큰글자도서] : 세계 최고의 안과의사가 알려주는,후카사쿠 히데하루 지음 ; 오나영 옮김,서사원,2022,[고촌]종합자료실
211,211,"1948, 두 친구 [큰글자도서] : 한국전쟁 71주년 기획 소설",정명섭 지음,우리학교,2021,[고촌]종합자료실
212,212,2035 SF 미스터리 [큰글씨책],천선란 [외] 지음,나비클럽,2022,[고촌]종합자료실
213,213,PD가 된 땅끝 소년 [큰글씨책] : 김병진 수필집,김병진 [지음],가쎄:gasse,2022,[고촌]종합자료실
214,214,가난의 문법 [큰글자도서],소준철 [지음],푸른숲,2021,[고촌]종합자료실
215,215,가만히 생각해 보니 별일 아니었어 [큰글씨책],한희준 [지음],부크럼,2022,[고촌]종합자료실
216,216,"가사, 조선의 마음을 담은 노래 [큰글자도서]",김용찬 지음,휴머니스트,2020,[고촌]종합자료실
217,217,"가족도 리콜이 되나요 [큰글자도서] : 연애에서 상속까지, 모던 패밀리를 위한 가족법",양지열 지음,휴머니스트,2021,[고촌]종합자료실
218,218,(결코 아니라고 생각하지만 나 또한 믿기 쉬운)가짜뉴스의 심리학 [큰글자도서],박준석 지음,휴머니스트,2021,[고촌]종합자료실
219,219,감염병 인류 [큰글자도서] : 균은 어떻게 인류를 변화시켜왔나,"박한선,구형찬 [공]지음",창비,2021,[고촌]종합자료실
220,220,"갑상선, 면역력을 키워야 고친다 [큰글씨책] : 수술 없이 갑상선 치료하기",차용석 지음,피톤치드,2022,[고촌]종합자료실
221,221,강양구의 강한 과학 [큰글자도서] : 과학 고전 읽기,강양구 지음,문학과지성사,2021,[고촌]종합자료실
222,222,"개미, 내 가여운 개미 [큰글자도서] : 류소영 소설집",류소영 지음,작가정신,2022,[고촌]종합자료실
223,223,"거기, 내가 가면 안 돼요 [큰글자도서] : 이금이 장편소설",이금이 지음,사계절,2021,[고촌]종합자료실
224,224,건축가의 도시 [큰글씨책] : 공간의 쓸모와 그 아름다움에 관하여,이규빈 지음,샘터:샘터사,2022,[고촌]종합자료실
225,225,결국 성취하는 사람들의 뇌는 어떻게 만들어지는가 [큰글자도서] : 25년 경력의 브레인트레이너가 쓴 뇌가소성의 모든 것,김대영 지음,슬로디미디어,2022,[고촌]종합자료실
226,226,곁에 있다는 것 [큰글자도서] : 김중미 장편소설,김중미 지음,창비,2021,[고촌]종합자료실
227,227,고려 열전 [큰글자도서] : 영웅에서 경계인까지 인물로 읽는 고려사,박종기 지음,Humanist:휴머니스트,2021,[고촌]종합자료실
228,228,"고전잡담 [큰글자도서] : 카페에서, 거리에서, 바닷가에서",장희창 지음,양철북,2021,[고촌]종합자료실
229,229,공부 공부 [큰글자도서] : 자기를 돌보는 방법을 어떻게 배울 것인가,엄기호 지음,따비,2021,[고촌]종합자료실
230,230,(곽재식의)미래를 파는 상점 [큰글자도서] : SF 소설가가 그리는 미래과학 세상,곽재식 지음,다른,2021,[고촌]종합자료실
231,231,광기와 성 [큰글씨책] : 사이코패스의 심리와 고백,리하르트 폰크라프트에빙 지음 ; 홍문우 옮김,파람북,2022,[고촌]종합자료실
232,232,광야에서 온 편지 [큰글자도서] : 광야를 걷는 이에게 보내는 영혼의 메시지,네게브 야하드 지음,올리브북스:Olive Books,2022,[고촌]종합자료실
233,233,귀농 매뉴얼 북 [큰글씨책] : 귀농 멘토가 들려주는 생생 조언,남해길 지음,올리브북스:Olive Books,2022,[고촌]종합자료실
234,234,그림이 기도가 될 때 [큰글씨책] : 수도원에서 띄우는 빛과 영성의 그림 이야기,장요세파 지음,파람북,2022,[고촌]종합자료실
235,235,(그림책으로 배우는)삶과 죽음 [큰글자도서] : 죽음을 이해하며 삶을 통찰하는 그림책 읽기,임경희 지음,학교도서관저널,2022,[고촌]종합자료실
236,236,금파: 조선의 마지막 소리 [큰글자도서] : 조선의 마지막 소리 : 김해숙 장편소설,김해숙 [지음],다산책방,2022,[고촌]종합자료실
237,237,꿈의해석 [큰글자책] : 무의식의 세계를 열어젖힌 정신분석의 보고,프로이트 지음 ; 이환 옮김,돋을새김,2022,[고촌]종합자료실
238,238,끝낼 수 없는 대화 [큰글씨책] : 오늘에 건네는 예술의 말들,장동훈 [지음],파람북,2022,[고촌]종합자료실
239,239,나의 까칠한 백수 할머니 [큰글자도서] : 마흔 백수 손자의 97살 할머니 관찰 보고서 : 이인 에세이,이인 [지음],한겨레출판:한겨레엔,2022,[고촌]종합자료실
240,240,나는 나를 돌봅니다 [큰글자도서] : 십 대를 위한 자기 자비 연습,박진영 지음,우리학교,2021,[고촌]종합자료실
241,241,나는 나무처럼 살고 싶다 [큰글자도서],우종영 지음,메이븐,2022,[고촌]종합자료실
242,242,나는 액티브 시니어다 [큰글자도서] : 나이 들어도 할 수 있는 슬기로운 직업 생활,윤석윤 지음,북바이북,2022,[고촌]종합자료실
243,243,나는 질 때마다 이기는 법을 배웠다 [큰글자도서] : 퇴진 요정 김민식 피디의 웃음 터지는 싸움 노하우,김민식 지음,푸른숲,2020,[고촌]종합자료실
244,244,나를 채우는 그림 인문학 [큰글자도서] : 삶이 막막할 때 그림을 보다 : 인문학적으로 사고하고 예술적으로 상상하라,유혜선 지음,피톤치드,2022,[고촌]종합자료실
245,245,나를 힘들게 한 건 언제나 나였다 [큰글씨책] : '인간 관계론' 데일 카네기의 마음 성장 수업,데일 카네기 지음 ; 김지영 옮김,예문,2022,[고촌]종합자료실
246,246,나보다 소중한 사람이 생겨버렸다 [큰글자도서] : 프레드릭 배크만 에세이,프레드릭 배크만 [지음] ; 이은선 옮김,다산책방:다산북스,2021,[고촌]종합자료실
247,247,나의 잠과는 무관하게 [큰글자도서] : 강성은 소설,강성은 [지음],창비,2021,[고촌]종합자료실
248,248,남자의 후반전 [큰글자도서] : 울고 싶어도 울 수 없는 마흔을 위하여,김용태 지음,Denstory,2021,[고촌]종합자료실
249,249,(내가 만난)소년에 대하여,천종호 지음,우리학교,2021,[고촌]종합자료실
250,250,내가 유전자를 고를 수 있다면 [큰글자도서],예병일 지음,다른,2019,[고촌]종합자료실
251,251,(한국인 이야기)너 누구니 [큰글씨책] : 젓가락의 문화유전자,이어령 지음,파람북,2022,[고촌]종합자료실
252,252,네이버 vs 카카오 [큰글자도서] : 글로벌 플랫폼 naver vs 4600만 충성고객 kakao,홍성용 지음,매일경제신문사,2021,[고촌]종합자료실
253,253,늑대가 온다 [큰글자도서] : 늑대를 사랑한 남자의 야생일기. 1,최현명 지음,양철북,2021,[고촌]종합자료실
254,254,늑대가 온다 [큰글자도서] : 늑대를 사랑한 남자의 야생일기. 2,최현명 지음,양철북,2021,[고촌]종합자료실
255,255,"다시, 여행을 가겠습니다 [큰글자도서]=Again, travel",백상현 글·사진,앤의서재,2022,[고촌]종합자료실
256,256,다정한 철학자의 미술관 이용법 [큰글자도서],이진민 지음,한겨레,2022,[고촌]종합자료실
257,257,"대한민국 치킨전 [큰글자도서] : 백숙에서 치킨으로, 한국을 지배한 닭 이야기",정은정 지음,따비,2021,[고촌]종합자료실
258,258,(돈과 운을 부르는)색채 명리학 [큰글씨책],김동완 지음,행성B:행성비,2021,[고촌]종합자료실
259,259,돼지를 키운 채식주의자 [큰글자도서],이동호 지음,창비,2021,[고촌]종합자료실
260,260,뒤뜰에 골칫거리가 산다 [큰글자도서],황선미 지음,사계절,2021,[고촌]종합자료실
261,261,때로는 혼자라는 즐거움 [큰글씨책] : 나의 자발적 비대면 집콕 생활,정재혁 지음,파람북,2022,[고촌]종합자료실
262,262,떠도는 땅 [큰글자도서] : 김숨 장편소설,김숨 [지음],은행나무,2021,[고촌]종합자료실
263,263,라면의 재발견 [큰글자도서] : 후루룩 맛보는 라면 연대기,"김정현,한종수 [공]지음",따비,2021,[고촌]종합자료실
264,264,마부 [큰글자도서],막심 고리키 지음 ; 이수경 옮김,작가정신,2022,[고촌]종합자료실
265,265,마흔 이후 멋지게 나이 들고 싶습니다 [큰글자도서] : 마흔이 되기 전에 꼭 버려야 할 것들,조은강 지음,메이트북스:원앤원콘텐츠그룹,2021,[고촌]종합자료실
266,266,말습관을 바꾸니 인정받기 시작했다 [큰글자도서] : 회사에서 인정받는 일잘러들의 말하기 기술,최미영 지음,천그루숲,2020,[고촌]종합자료실
267,267,말은 운명의 조각칼이다 [큰글씨책] : 스피치 코치 이민호의 말하기 특강,이민호 지음,천그루숲,2022,[고촌]종합자료실
268,268,말투에도 연습이 필요합니다 [큰글자도서] : 기분 좋은 대화가 일상이 되면 달라지는 마음 대화법,김현정 지음,슬로디미디어,2022,[고촌]종합자료실
269,269,멈출 수 없는 사람들 [큰글자도서]=Never stop never die : 아프리카를 향한 발걸음,이용주 글,양철북,2020,[고촌]종합자료실
270,270,명상하는 글쓰기 [큰글자도서],탁정언 지음,메이트북스:원앤원콘텐츠그룹,2021,[고촌]종합자료실
271,271,"모네, 일상을 기적으로 [큰글자도서] : 순간을 그린 화가, 모네의 치열했던 삶과 예술 이야기",라영환 지음,피톤치드,2022,[고촌]종합자료실
272,272,문장의 품격 [큰글씨책] : 조선의 문장가에게 배우는 치밀하고 섬세하게 일상을 쓰는 법,안대회 지음,휴머니스트,2021,[고촌]종합자료실
273,273,미라클 루틴 [큰글자도서] : 나에게는 건강한 루틴이 필요해,염혜진 지음,더블엔,2022,[고촌]종합자료실
274,274,미워하는 미워하는 미워하는 마음 없이 [큰글자책],유지혜 지음,김영사,2022,[고촌]종합자료실
275,275,"반 고흐, 꿈을 그리다 [큰글씨책] : 반 고흐의 예술과 영성",라영환 지음,피톤치드,2022,[고촌]종합자료실
276,276,방금 떠나온 세계 [큰글자도서] : 김초엽 소설집,김초엽 [지음],한겨레,2022,[고촌]종합자료실
277,277,봄을 기다리는 날들 [큰글자도서] : 감옥의 아버지와 주고받은 10년 동안의 편지 : 수학자 안재구 가족 서간집,안소영 엮음,창비,2021,[고촌]종합자료실
278,278,보통사람들 [큰글씨책],안지영 [외]지음,북산,2021,[고촌]종합자료실
279,279,부자의 역사 [큰글자도서]=History of billionaires : 부자의 탄생과 몰락에서 배우는 투자 전략,최종훈 지음,피톤치드,2022,[고촌]종합자료실
280,280,부의 계단 [큰글자도서] : 금융전문가 아빠가 전하는 투자 레벨 올리는 법,"신현준,김학균 [공]지음",매일경제신문사,2021,[고촌]종합자료실
281,281,"북극 이야기, 얼음 빼고 [큰글자도서] : 33번의 방문 비로소 북극을 만나다","김종덕,최준호 [공]지음",위즈덤하우스,2021,[고촌]종합자료실
282,282,불안한 당신에게 [큰글씨책] : 내 안의 공황과 이별하는 20가지 방법,대한불안의학회 지음,생각속의집,2022,[고촌]종합자료실
283,283,(오은영 박사의 불안감 없는 육아 동지 솔루션)불안한 엄마 무관심한 아빠 [큰글자도서]. 1,장명숙 지음,김영사,2022,[고촌]종합자료실
284,284,(오은영 박사의 불안감 없는 육아 동지 솔루션)불안한 엄마 무관심한 아빠 [큰글자도서]. 2,장명숙 지음,김영사,2022,[고촌]종합자료실
285,285,비이성의 세계사 [큰글자도서] : 우리가 기억해야 할 마녀사냥들,정찬일 지음,양철북,2021,[고촌]종합자료실
286,286,비행운 [큰글자도서] : 김애란 소설집,김애란 [지음],문학과지성사,2021,[고촌]종합자료실
287,287,빛의 과거 [큰글자도서] : 은희경 장편소설,은희경 [지음],문학과지성사,2021,[고촌]종합자료실
288,288,블론 세이브 [큰글씨책]=Blown save : 이진서 소설집,이진서 [지음],피톤치드,2022,[고촌]종합자료실
289,289,"사양합니다, 동네 바보 형이라는 말 [큰글자도서] : 한국에서 10년째 장애 아이 엄마로 살고 있는 류승연이 겪고 나눈 이야기",류승연 지음,푸른숲,2021,[고촌]종합자료실
290,290,살아낸 시간이 살아갈 희망이다 [큰글씨책] : 힘들고 아픈 나를 위한 상처회복 에세이,박민근 지음,생각속의집,2022,[고촌]종합자료실
291,291,상처받은 나를 위한 애도 수업 [큰글자도서] : 프로이트가 조언하는 후회와 자책에서 벗어나는 법,강은호 지음,생각정원,2021,[고촌]종합자료실
292,292,서른 살 청춘표류 [큰글씨책] : 지금 우리에게 필요한 것은,"김달국,김동현 [공]지음",더블엔,2022,[고촌]종합자료실
293,293,"서른에 얻은 말과 버린 말 [큰글자도서] : 내 마음을 듣는 연습을, 시작했습니다",사월날씨 지음,행성B:행성비,2021,[고촌]종합자료실
294,294,서울이 사랑한 천재들 [큰글씨책] : 백석·윤동주·박수근·이병철·정주영,조성관 지음,열대림,2022,[고촌]종합자료실
295,295,"서정진, 미래를 건 승부사 [큰글자도서] : 셀트리온 신화와 새로운 도전",곽정수 지음,위즈덤하우스,2021,[고촌]종합자료실
296,296,"선생님, 요즘은 어떠하십니까 [큰글자도서] : 이오덕과 권정생의 아름다운 편지","이오덕,권정생 [공]씀",양철북,2021,[고촌]종합자료실
297,297,"선생님이 계셔서 참 좋아요 [큰글자도서] : 학교, 사람을 만나다 삶을 배우다 세상을 잇다",김호정 지음,우리학교,2021,[고촌]종합자료실
298,298,섬에서의 하룻밤 [큰글씨책] : 캠핑 장인 김민수의 대한민국 섬 여행 바이블,김민수 지음,파람북,2022,[고촌]종합자료실
299,299,세 가지 소원 [큰글자도서] : 작가가 아끼는 이야기 모음,박완서 [지음] ; 전효진 그림,마음산책,2021,[고촌]종합자료실
300,300,소년을 읽다 [큰글자도서] : 다음에는 '이런 곳이 아닌 곳'에서 만나요,서현숙 지음,사계절,2021,[고촌]종합자료실
301,301,소년 퇴를레스의 혼란 [큰글자도서],로베르트 무질 지음 ; 정현규 옮김,창비,2021,[고촌]종합자료실
302,302,소설가의 귓속말 [큰글자도서],이승우 지음,은행나무,2021,[고촌]종합자료실
303,303,손주는 아무나 보나 [큰글자도서] : 어쩌다 할머니가 된 박 여사의 시끌벅적 노년 적응기,박경희 지음,플로베르,2022,[고촌]종합자료실
304,304,(송민령의)뇌과학 이야기 [큰글자도서] : 앎과 삶을 연결하는 우리 시대의 뇌과학,송민령 지음,동아시아,2020,[고촌]종합자료실
305,305,"송창식에서 일주일을 [큰글씨책]=A week in Song Chang Sik : 송창식을, 잘 알지도 못하면서",박재현 글·사진,가쎄:gasse,2022,[고촌]종합자료실
306,306,숲 경영 산림 경영 [큰글자도서],"마상규,이강오 [공]지음",푸른숲,2021,[고촌]종합자료실
307,307,슬기로운 건강생활 [큰글자도서] : 10일 동안 익히는 생활 한의학. 상,황만기 [지음],Dotori:도토리,2022,[고촌]종합자료실
308,308,슬기로운 건강생활 [큰글자도서] : 10일 동안 익히는 생활 한의학. 하,황만기 [지음],Dotori:도토리,2022,[고촌]종합자료실
309,309,시절의 독서 [큰글자도서] : 김영란의 명작 읽기,김영란 [지음],창비,2021,[고촌]종합자료실
310,310,"식물의 이름이 알려주는 것 [큰글자도서] : 학명, 보통명, 별명으로 내 방 식물들이 하는 말",정수진 지음,Edit:다른,2021,[고촌]종합자료실
311,311,실격당한 자들을 위한 변론 [큰글자도서],김원영 [지음],사계절,2021,[고촌]종합자료실
312,312,"아니야, 우리가 미안하다 [큰글자도서]",천종호 지음,우리학교,2021,[고촌]종합자료실
313,313,아들 마음 아버지 마음 [큰글자도서],김용택 지음,마음산책,2021,[고촌]종합자료실
314,314,아무도 사랑하고 싶지 않던 밤 [큰글자책]=Eight sentences of st.Augustine that chan-ge my life : 내 인생을 바꾼 아우구스티누스의 여덟 문장,김남준 지음,김영사,2022,[고촌]종합자료실
315,315,아버지에게 갔었어 [큰글자도서] : 신경숙 장편소설,신경숙 지음,창비,2021,[고촌]종합자료실
316,316,아임 파인 [큰글자도서] : 자폐인 아들의 일기장을 읽다,"이진희,김상현 [공]지음",양철북,2021,[고촌]종합자료실
317,317,아침 과일 습관 [큰글씨책] : 평생 살찌지 않는 몸으로 만들기,류은경 지음,샘터:샘터사,2022,[고촌]종합자료실
318,318,아흔일곱 번의 봄여름가을겨울 [큰글자도서],이옥남 씀,양철북,2021,[고촌]종합자료실
319,319,약삭빠르게 온천 [큰글자도서],구스미 마사유키 지음 ; 최윤영 옮김,북포레스트,2022,[고촌]종합자료실
320,320,어떻게 휘둘리지 않는 개인이 되는가 [큰글자도서] : 6인의 철학자가 삶으로 입증한 견고한 나 되는 법,홍대선 지음,푸른숲,2021,[고촌]종합자료실
321,321,"어서 와, 이런 정신과 의사는 처음이지 [큰글자도서] : 웨이보 인싸 @하오선생의 마음치유 트윗 32",안정병원 하오선생 지음 ; 김소희 옮김,작가정신,2022,[고촌]종합자료실
322,322,언어력 [큰글자도서] : 자주 말문이 막히는 당신에게,이도영 지음,창비교육,2021,[고촌]종합자료실
323,323,언제나 그랬듯 다 지나갈 거예요 : 큰글씨책,동그라미 [지음],부크럼,2022,[고촌]종합자료실
324,324,언택트 비즈니스 [큰글자도서]=Untact business : 100년의 비즈니스가 무너지다,박경수 지음,포르체,2021,[고촌]종합자료실
325,325,"여보, 나 제주에서 한 달만 살다 올게 : 큰글씨책","편성준,윤혜자 [공]지음",행성B:행성비,2021,[고촌]종합자료실
326,326,여수의 사랑 : 한강 소설집 : 큰글자도서,한강 [지음],문학과지성사,2021,[고촌]종합자료실
327,327,역사 콘서트 [큰글자도서] : 황광우와 함께 읽는 조선의 결정적 순간. 1,황광우 지음,생각정원,2021,[고촌]종합자료실
328,328,역사 콘서트 [큰글자도서] : 황광우와 함께 읽는 조선의 결정적 순간. 2,황광우 지음,생각정원,2021,[고촌]종합자료실
329,329,열심히 일하지 않아도 괜찮아! [큰글씨책] : 21세기 분배의 상상력,김만권 지음,여문책,2022,[고촌]종합자료실
330,330,오늘부터 나를 돌보기로 했습니다 [큰글자도서] : 무사히 나이 들기 위하여 : 박현희 에세이,박현희 [지음],뜨인돌,2022,[고촌]종합자료실
331,331,오늘부터 클래식 : 큰글자도서 : 클래식을 모른다는 분들에게,김호정 지음,메이트북스:원앤원콘텐츠그룹,2021,[고촌]종합자료실
332,332,오늘의 지구를 말씀 드리겠습니다 [큰글자도서] : 과학으로 읽는 지구 설명서,김추령 지음,양철북,2021,[고촌]종합자료실
333,333,"오늘 참 괜찮은 나를 만났다 [큰글자도서] : 좋은 삶, 편안한 관계를 위한 자기 이해의 심리학",양창순 [지음],김영사,2022,[고촌]종합자료실
334,334,완전한 행복 [큰글자도서] : 정유정 장편소설. 1,정유정 [지음],은행나무,2021,[고촌]종합자료실
335,335,완전한 행복 [큰글자도서] : 정유정 장편소설. 2,정유정 [지음],은행나무,2021,[고촌]종합자료실
336,336,왕의 공부 [큰글자도서] : 조선 왕은 왜 평생 배움을 놓지 않았을까,김준태 지음,위즈덤하우스,2021,[고촌]종합자료실
337,337,왠지 끌리는 명화 한 점 [큰글씨책],이윤서 지음,더블엔,2022,[고촌]종합자료실
338,338,"우리, 행복합시다 [큰글자도서] : 102세, 긴 삶의 여정 뒤에 기록한 단상들",김형석 지음,김영사,2022,[고촌]종합자료실
339,339,울림 [큰글씨책] : 산 자를 위로하는 죽은 자의 마지막 한마디,신동기 지음,M31,2022,[고촌]종합자료실
340,340,위대하고 위험한 약 이야기 [큰글자도서] : 질병과 맞서 싸워온 인류의 열망과 과학,정진호 지음,푸른숲,2021,[고촌]종합자료실
341,341,음식이 있어 서울살이가 견딜 만했다 [큰글자도서],정은숙 [저],따비,2021,[고촌]종합자료실
342,342,이만큼 가까이 [큰글자도서] : 정세랑 장편소설,정세랑 지음,창비,2021,[고촌]종합자료실
343,343,이완의 자세 [큰글자도서] : 김유담 소설,김유담 [지음],미디어창비,2021,[고촌]종합자료실
344,344,이욱연의 중국 수업 [큰글자도서] : 현대 중국의 진심을 알고 싶은 당신을 위한 맞춤형 특강,이욱연,휴머니스트,2021,[고촌]종합자료실
345,345,"이지유의 이지 사이언스 [큰글자도서]. 01, 지구 - 빗방울은 뾰족 머리가 아니다",이지유 글·그림,창비,2020,[고촌]종합자료실
346,346,"이지유의 이지 사이언스 [큰글자도서]. 02, 우주 - 블랙홀은 선을 넘지 않아",이지유 글·그림,창비,2020,[고촌]종합자료실
347,347,"이지유의 이지 사이언스 [큰글자도서]. 03, 동물 - 뉴욕 쥐의 다이어트 유전자",이지유 글·그림,창비,2020,[고촌]종합자료실
348,348,"이지유의 이지 사이언스 [큰글자도서]. 04, 옛이야기 - 성냥팔이 소녀의 홀로그램",이지유 글·그림,창비,2020,[고촌]종합자료실
349,349,"이해인의 말 [큰글자도서] : 수도생활 50년, 좋은 삶과 관계를 위한 통찰",이해인 [지음] ; 안희경 인터뷰,마음산책,2020,[고촌]종합자료실
350,350,"(인문학자 공원국의)유목문명 기행 [큰글자도서] : 신화부터 역사까지, 처음 읽는 유목문명 이야기",공원국 지음,위즈덤하우스,2021,[고촌]종합자료실
351,351,인생에 한번은 차라투스트라 [큰글자도서],이진우 지음,휴머니스트,2021,[고촌]종합자료실
352,352,"인지과학 실험실 [큰글자도서]=Cognitive science lab : 심리학, 철학, 신경과학으로 보는 마음의 과학",김효은 지음,휴머니스트,2021,[고촌]종합자료실
353,353,일기 [큰글자도서] : 황정은 에세이,황정은 [지음],창비,2022,[고촌]종합자료실
354,354,일본이 선진국이라는 착각 [큰글자도서] : 어제에 갇힌 일본에서 무엇을 배울 것인가,유영수 지음,Humanist:휴머니스트출판그룹,2021,[고촌]종합자료실
355,355,자두 [큰글자도서] : 이주혜 소설,이주혜 [지음],창비,2020,[고촌]종합자료실
356,356,자본주의의 적 : 정지아 소설집,정지아 [지음],창비,2021,[고촌]종합자료실
357,357,장면들 [큰글자도서]=The scenes : 손석희의 저널리즘 에세이,손석희 [지음],창비,2022,[고촌]종합자료실
358,358,"전봉준, 혁명의 기록 [큰글자도서] : 동학농민전쟁 120년, 녹두꽃 피다",이이화 지음,생각정원,2021,[고촌]종합자료실
359,359,조광조 평전 [큰글자도서] : 조선을 흔든 개혁의 바람,이종수 지음,생각정원,2021,[고촌]종합자료실
360,360,조선의 탐식가들 [큰글자도서],김정호 지음,따비,2021,[고촌]종합자료실
361,361,종의 기원 [큰글자도서]=The origin of species : 정유정 장편소설,정유정 [지음],은행나무,2021,[고촌]종합자료실
362,362,주마등 임종 연구소 [큰글자도서] : 박문영 소설,박문영 [지음],미디어창비,2021,[고촌]종합자료실
363,363,죽이고 싶은 아이 [큰글자도서] : 이꽃님 장편소설,이꽃님 [지음],우리학교,2021,[고촌]종합자료실
364,364,중국현대사를 만든 세가지 사건 [큰글자도서] : 1919·1949·1989,백영서 지음,창비,2021,[고촌]종합자료실
365,365,지금 이 계절의 클래식 [큰글씨책],이지혜 지음,파람북,2022,[고촌]종합자료실
366,366,지금부터의 세계 [큰글씨책] : AI 소설가 비람풍 × 소설감독 김태연,"비람풍,김태연 [공]지음",파람북,2022,[고촌]종합자료실
367,367,지옥에 이르지 않기 위하여 [큰글자책] : 염무웅 산문집,염무웅 [지음],창비,2021,[고촌]종합자료실
368,368,"진이, 지니 [큰글자도서] : 정유정 장편소설",정유정 [지음],은행나무,2021,[고촌]종합자료실
369,369,"질문 빈곤 사회 [큰글씨책]=Questionless society:I ask, therefore I am : 나는 질문한다, 고로 존재한다",강남순 지음,행성B:행성비,2021,[고촌]종합자료실
370,370,"채소의 인문학 [큰글자도서] : 나물민족이 이어온 삶 속의 채소, 역사 속의 채소",정혜경 지음,따비,2021,[고촌]종합자료실
371,371,"책 쓰는 토요일 [큰글씨책] : 토요일 3시간, 나를 위한 책 쓰기",이임복 지음,천그루숲,2022,[고촌]종합자료실
372,372,처음 만나는 동양고전 [큰글자책] : 이기적 나와 이타적 나의 갈림길에서,김경윤 지음,아포리아:아름다운사람들,2022,[고촌]종합자료실
373,373,처음 만나는 우리 인문학 [큰글자책] : 페르소나와 아니마의 갈림길에서,김경윤 지음,아포리아:아름다운사람들,2022,[고촌]종합자료실
374,374,천진 시절 [큰글자도서] : 금희 소설,금희 [지음] ; 송재소 역주,창비,2020,[고촌]종합자료실
375,375,"철학 콘서트 [큰글자도서]. 1, 노자의 인생론에서 마르크스의 자본론까지",황광우 지음,생각정원,2021,[고촌]종합자료실
376,376,"철학 콘서트 [큰글자도서]. 2, 맹자의 혁명론에서 뉴턴의 만유인력까지",황광우 지음 ; 김동연 그림,생각정원,2017,[고촌]종합자료실
377,377,"철학 콘서트 [큰글자도서]. 3, 묵자의 사랑론부터 니체의 영겁회귀까지",황광우 지음 ; 김동연 그림,생각정원,2017,[고촌]종합자료실
378,378,철학으로 휴식하라 [큰글자도서] : 회복과 치유를 위한 33일간의 철학 세러피,안광복 지음,사계절,2021,[고촌]종합자료실
379,379,총과 도넛 [큰글자도서]=Gun and doughnuts : 존경과 혐오의 공권력 미국경찰을 말하다,최성규 지음,동아시아,2021,[고촌]종합자료실
380,380,충청도의 힘 [큰글자도서] : 능청 백단들의 감칠맛 나는 인생 이야기,남덕현 지음,양철북,2021,[고촌]종합자료실
381,381,춥고 더운 우리 집 [큰글자도서] : 공선옥 산문,공선옥 [지음],한겨레출판:한겨레엔,2022,[고촌]종합자료실
382,382,침이 고인다 [큰글자도서] : 김애란 소설집,김애란 [지음],문학과지성사,2021,[고촌]종합자료실
383,383,칼리의 프랑스 학교 이야기 [큰글자도서],목수정 지음,생각정원,2021,[고촌]종합자료실
384,384,타인의 집 [큰글자도서] : 손원평 소설집,손원평 [지음],창비,2021,[고촌]종합자료실
385,385,트로트가 무어냐고 물으신다면 [큰글자도서] : 웃음과 눈물로 우리를 위로한 노래의 역사,장유정 지음,따비,2021,[고촌]종합자료실
386,386,포기할까 망설이는 너에게 [큰글씨책],김나진 지음 ; 하몽 그림,부크럼,2022,[고촌]종합자료실
387,387,프로이트의 의자 [큰글자도서] : 숨겨진 나와 마주하는 정신분석 이야기,정도언 지음,지와인,2021,[고촌]종합자료실
388,388,프리즘 [큰글자도서] : 손원평 장편소설,손원평 [지음],은행나무,2021,[고촌]종합자료실
389,389,필 때도 질 때도 동백꽃처럼 [큰글자도서],이해인 [지음] ; 전효진 그림,마음산책,2021,[고촌]종합자료실
390,390,"한국, 남자 : 귀남이부터 군무새까지 그 곤란함의 사회사",최태섭 지음,은행나무,2021,[고촌]종합자료실
391,391,한국의 레지스탕스 [큰글자도서] : 야만의 시대와 맞선 근대 지식인의 비밀결사와 결전,조한성 지음,생각정원,2013,[고촌]종합자료실
392,392,(한국추리문학상)황금펜상 수상작품집 [큰글씨책] : 2021 제15회,한이 [외] 지음,나비클럽,2022,[고촌]종합자료실
393,393,한자는 즐겁다 [큰글자도서] : 세상과 통하는 유쾌한 한문 읽기,박은철 짓고 그림,뜨인돌,2022,[고촌]종합자료실
394,394,햇빛은 찬란하고 인생은 귀하니까요 [큰글자책] : 밀라논나 이야기,장명숙 지음,김영사,2022,[고촌]종합자료실
395,395,호통판사 천종호의 변명 [큰글자도서]=Apologia,천종호 지음,우리학교,2021,[고촌]종합자료실
396,396,희망 대신 욕망 [큰글자도서] : 욕망은 왜 평등해야 하는가,김원영 지음,푸른숲,2019,[고촌]종합자료실
397,397,걷다 느끼다 쓰다 : 작가가 되기로 했다 : 전문성과 대중성을 겸비한 글쓰기 수업,이해사 지음,모아북스,2020,[고촌]종합자료실
398,398,경제 위기는 반드시 온다 : 금융 위기 200년사를 통한 경제 위기 예측과 대처법,리처드 베이그 지음 ; 유승경 옮김,미래를소유한사람들,2020,[고촌]종합자료실
399,399,기본소득과 주권화폐 : 경제 위기와 긴축 정책의 대안,제프 크로커 지음 ; 유승경 옮김,미래를소유한사람들,2021,[고촌]종합자료실
400,400,꽃잎 한 장처럼 : 오늘을 살아가는 당신을 위한 이해인 수녀의 시 편지,이해인 [지음] ; [오리여인 그림],샘터:샘터사,2022,[고촌]종합자료실
401,401,마르크스주의로 본 한국 현대사,한규한 외 지음,책갈피,2018,[고촌]종합자료실
402,402,물음에 답하다 : 흔들리는 청년들의 7가지 질문,조재욱 지음,두란노서원,2022,[고촌]종합자료실
403,403,"반도체, 넥스트 시나리오 : 미래는 어떤 모습으로 다가오는가",권순용 지음,위즈덤하우스,2021,[고촌]종합자료실
404,404,"페이지 처치=Page church. 2, 쓰러진 김에 엎드려 하나님을 만났다",신재웅 지음,규장,2021,[고촌]종합자료실
405,405,조선을 지켜낸 어머니 : 이순신을 성웅으로 키운 초계 변씨의 삼천지교,윤동한 지음,가디언,2022,[고촌]종합자료실
406,406,(Who special)김연경,김현수 글 ; 김래현 그림,다산어린이:다산북스,2022,[고촌]어린이자료실
407,407,감정에 이름을 붙여 봐 : 내 기분을 말하는 45가지 단어,이라일라 글 ; 박현주 그림,파스텔하우스,2022,[고촌]어린이자료실
408,408,경이로운 지구 우리가 함께 지켜요,라이사 스튜어트 샤프 글 ; 리디아 힐 그림 ; 김정한 옮김,놀이터,2022,[고촌]어린이자료실
409,409,고민이 있다면 또래 상담소!,임지형 글 ; 차상미 그림,키다리,2022,[고촌]어린이자료실
410,410,구름보다 태양,마시 캠벨 글 ; 코리나 루켄 그림 ; 김세실 옮김,위즈덤하우스,2022,[고촌]어린이자료실
411,411,(귀신도 반한)숲속 라면 가게,이서영 글 ; 송효정 그림,크레용하우스,2022,[고촌]어린이자료실
412,412,"기분이 좋아, 내가 나라서",소냐 하트넷 글 ; 가브리엘 에반스 그림 ; 라미파 옮김,한울림어린이,2022,[고촌]어린이자료실
413,413,나태평과 진지해,진수경 글·그림,천개의바람,2022,[고촌]어린이자료실
414,414,날씨를 읽는 시간 : 원리와 실험으로 배우는 기상 과학,제시카 스톨러-콘라드 글 ; 이장미 그림 ; 이현경 옮김,픽:잇츠북,2022,[고촌]어린이자료실
415,415,내 머리에는 딱따구리가 산다 : 신윤화 동화집,신윤화 [지음] ; 한아름 그림,마루비,2022,[고촌]어린이자료실
416,416,"너와 나를 지키는 힘, 동의",오승현 글 ; 이해정 그림,개암나무,2022,[고촌]어린이자료실
417,417,눈물 목걸이,프란카 페리니 글 ; 안나 페드론 그림 ; 황연재 옮김,책빛,2022,[고촌]어린이자료실
418,418,"늘보 씨, 집을 나서다",김준철 지음,한울림스페셜,2022,[고촌]어린이자료실
419,419,다르면서 같은 우리 : 차별을 넘어서는 열다섯 가지 단어,에바누엘라 나바 글 ; 시모나 물라차니 그림 ; 김경연 옮김,풀빛,2022,[고촌]어린이자료실
420,420,단어의 여왕,신소영 글 ; 모예진 그림,비룡소,2022,[고촌]어린이자료실
421,421,마법의 파란 모자 : 전광섭 장편동화,전광섭 [지음] ; 박현주 그림,별숲,2022,[고촌]어린이자료실
422,422,뭐지 뭐지! : 하오 슈오 그림책,하오 슈오 [지음],북멘토,2022,[고촌]어린이자료실
423,423,빨간 상자 : 마음을 선물하는 일,"린다 볼프스그루버,지노 알베르티 [공]지음 ; 유혜자 옮김",시금치,2022,[고촌]어린이자료실
424,424,새벽길,다니엘 페르 글 ; 엘레나 로톤도 그림 ; 서희준 옮김,계수나무,2022,[고촌]어린이자료실
425,425,숲 속의 모우,나피 [지음] ; 송지현 옮김,미운오리새끼,2022,[고촌]어린이자료실
426,426,신기한 현상 사전 : 아이들도 잘 모르고 어른들은 더 모르는,신기한 현상학회 기획 ; 요시타케 신스케 그림 ; 이소담 옮김,주니어김영사:김영사,2022,[고촌]어린이자료실
427,427,싫다고 말하자! : 처음 배우는 동의,제니 시몬스 글 ; 크리스틴 쏘라 그림 ; 노지양 옮김,토토북,2022,[고촌]어린이자료실
428,428,아주 옛날에는 사람이 안살았다는데,안느-엘렌 뒤브레이 지음 ; 라미파 옮김,한울림어린이,2022,[고촌]어린이자료실
429,429,안녕 열두 달 : 오늘이 특별해지는 명절 절기 세시 풍속,박보미 글·그림,책읽는곰,2022,[고촌]어린이자료실
430,430,(웃으며 지구를 지키는)어린이 에코 시민 가이드,엘리즈 루소 지음 ; 허보미 옮김 ; 로베르 그림,북멘토,2022,[고촌]어린이자료실
431,431,어스름 나라에서,아스트리드 린드그렌 [지음] ; 마리트 퇴른크비스트 그림 ; 김라합 옮김,창비,2022,[고촌]어린이자료실
432,432,여덟 공주와 마법 거울,나타샤 패런트 글 ; 리디아 코리 그림 ; 김지은 옮김,사계절,2022,[고촌]어린이자료실
433,433,오후 네 시의 놀이터,제성은 글 ; 정은선 그림,노란상상,2022,[고촌]어린이자료실
434,434,용선생의 시끌벅적 과학교실. 온도와 열-피자가 식지 않는 배달 가방의 비밀은,"사회평론 과학교육연구소 글 ; 김인하,뭉선생,윤효식 [공]그림",사회평론,2022,[고촌]어린이자료실
435,435,용선생의 시끌벅적 과학교실. 암석-돌하르방에 숭숭 구멍이 뚫린 까닭은,"사회평론 과학교육연구소 글 ; 조현상,김지희,전성연 [공]그림",사회평론,2022,[고촌]어린이자료실
436,436,"위풍당당 여우 꼬리. 2, 알쏭달쏭 우정 테스트",손원평 글 ; 만물상 그림,창비,2022,[고촌]어린이자료실
437,437,유리병 속의 생태계 : 지구별의 놀라운 작품,레이철 이그노토프스키 지음 ; 조은영 옮김,책읽는곰,2022,[고촌]어린이자료실
438,438,"이것저것들의 하루. 3, 갯벌, 한라산 그리고 고추장의 하루","이혜진,송미영 [공]글 ; 이경석 그림",위즈덤하우스,2022,[고촌]어린이자료실
439,439,(읽다 보면 저절로 알게 되는) 신비한 습관 사전,이수인 글·그림,파란정원,2022,[고촌]어린이자료실
440,440,자코미누스 : 달과 철학을 사랑한 토끼,레베카 도트르메르 지음 ; 이경혜 옮김,다섯수레,2022,[고촌]어린이자료실
441,441,찰랑찰랑 비밀 하나,황선미 글 ; 김정은 그림,위즈덤하우스,2022,[고촌]어린이자료실
442,442,천일야화,이정주 엮음 ; 이준선 그림,스푼북,2022,[고촌]어린이자료실
443,443,첫눈 오는 날 찾아온 손님,김리리 지음 ; 김소라 그림,문학동네,2022,[고촌]어린이자료실
444,444,탄소 중립이 뭐예요,장성익 글 ; 방상호 그림,풀빛,2022,[고촌]어린이자료실
445,445,토마토 기준 : 김준현 시,김준현 지음 ; 송선옥 그림,문학동네,2022,[고촌]어린이자료실
446,446,퓌제트와 프라질,"로르 푸드빈,에스텔 올리비에 [공]글 ; 사뮈엘 뤼베롱 그림 ; 양진희 옮김",작은코도마뱀,2022,[고촌]어린이자료실
447,447,핵 구름 속의 아이,구드룬 파우제방 지음 ; 유영미 옮김 ; 하호하호 그림,꿈꾸는섬,2022,[고촌]어린이자료실
448,448,흔한남매의 흔한 호기심 : 일상에서 만나는 과학 상식. 5,흔한남매 원작 ; 안치현 글 ; 유난희 그림,아이세움:미래엔,2022,[고촌]어린이자료실
449,449,수상한 책방과 놀자 할아버지,전경남 글 ; 홍기한 그림,창비,2022,[고촌]어린이자료실
450,450,가끔 나는.,세라 메이콕 글·그림 ; 서남희 옮김,해와나무,2022,[고촌]어린이자료실
451,451,핑! : 자유롭게 용감하게 현명하게,아니 카스티요 글·그림 ; 박소연 옮김,달리,2021,[고촌]어린이자료실
452,452,"나는, 비둘기",고정순 지음,만만한책방,2022,[고촌]어린이자료실
453,453,나의 아기 오리에게 : 삶을 더욱 반짝이게 하려면,코비 야마다 글 ; 찰스 산토소 그림 ; 김여진 옮김,상상의힘,2022,[고촌]어린이자료실
454,454,내 이름은… 라울,앙젤리크 빌뇌브 글 ; 마르타 오르젤 그림 ; 정순 옮김,나무말미,2022,[고촌]어린이자료실
455,455,너는 나의 모든 계절이야,유혜율 글 ; 이수연 그림,후즈갓마이테일:Who'sGotMyTail,2022,[고촌]어린이자료실
456,456,"너무 보고 싶어 : 이별, 그리움 그리고 기억",아이세 보쎄 글 ; 안드레아스 클람트 그림 ; 이명아 옮김,북뱅크,2022,[고촌]어린이자료실
457,457,달 가루 : 이명하 그림책,이명하 지음,웅진주니어,2022,[고촌]어린이자료실
458,458,반려(견)인간 산책시키기,리즈 레든 글 ; 가브리엘라 페트루소 그림 ; 서남희 옮김,국민서관,2022,[고촌]어린이자료실
459,459,반짝이 : 양선 그림책,양선 지음,소원나무,2022,[고촌]어린이자료실
460,460,봄의 초대,나현정 글·그림,글로연,2022,[고촌]어린이자료실
461,461,사랑해 온 마음으로 사랑해,캐롤라인 제인 처치 글·그림 ; 신형건 옮김,보물창고,2022,[고촌]어린이자료실
462,462,색깔을 찾는 중입니다,키아라 메잘라마 글 ; 레자 달반드 그림 ; 이세진 옮김,모래알:키다리,2022,[고촌]어린이자료실
463,463,"시인 아저씨, 국수 드세요 : 시인 백석과 국수 이야기",신순재 글 ; 오승민 그림,천개의바람,2022,[고촌]어린이자료실
464,464,시큰둥이 고양이,소피 블랙올 지음 ; 김서정 옮김,주니어RHK,2022,[고촌]어린이자료실
465,465,아주 작은 멋진 집,사카이 사치에 글·그림 ; 김현정 옮김,꿈터,2022,[고촌]어린이자료실
466,466,"알로, 잠들지 못하는 사자","캐서린 레이너 그림책,정화진 옮김",미디어창비,2022,[고촌]어린이자료실
467,467,어려도 지구는 우리가 구할 거야! : 기후 위기에 맞서는 어린이들의 생생 경험담,롤 커비 글 ; 아델리나 리리어스 그림 ; 심연희 옮김,책읽는곰,2022,[고촌]어린이자료실
468,468,우리의 둥지,서유진 글·그림,브와포레,2022,[고촌]어린이자료실
469,469,이상한 동물원,연수 글·그림,비룡소,2022,[고촌]어린이자료실
470,470,작은 종이 봉지의 아주 특별한 이야기,헨리 콜 글·그림,비룡소,2021,[고촌]어린이자료실
471,471,주기 싫은 생일 선물,엠마 아드보즈 지음 ; 황덕령 옮김,우리학교,2022,[고촌]어린이자료실
472,472,파리의 작은 인어,루시아노 로사노 지음 ; 박재연 번역,블루밍제이,2022,[고촌]어린이자료실
473,473,행복은 어디에나 있어 : 공을 물고 달리는 개의 행복,브루스 핸디 글 ; 염혜원 그림 ; 공경희 옮김,주니어RHK:알에이치코리아,2022,[고촌]어린이자료실
474,474,호랑이 생일날이렷다 : 강혜숙 그림책,강혜숙 지음,우리학교,2022,[고촌]어린이자료실
475,475,"(손오공의 한자 대탐험)마법천자문. 52, 불러 모아라! 모을 모(募)",유대영 글 ; 홍거북 그림,아울북:북이십일,2021,[고촌]어린이자료실
476,476,해녀 삼춘 태순이,이준선 글·그림 ; 문화재청·한국문화재재단 기획·감수,한림,2021,[고촌]어린이자료실
477,477,콩 할머니의 장 담그기,송선옥 글·그림 ; 문화재청·한국문화재재단 기획·감수,한림,2021,[고촌]어린이자료실
478,478,우주로 가는 계단 : 창비아동문고 303. 303,전수경,창비,2020,[고촌]어린이자료실
479,479,정재승의 인류 탐험 보고서. 2: 루시를 만나다 : 양장본 HardCover,"차유진, 정재승",아울북,2021,[고촌]어린이자료실
480,480,정재승의 인류 탐험 보고서. 1: 위대한 모험의 시작 : 양장본 HardCover,"차유진, 정재승",아울북,2021,[고촌]어린이자료실
481,481,에이아이 내니 영원한 내 친구 : 상상고래 16,박미정,고래가숨쉬는도서관,2021,[고촌]어린이자료실
482,482,떴다! 배달룡 선생님 : 신나는 책읽기 61,박미경,창비,2022,[고촌]어린이자료실
483,483,바위 굴 속에서 쿨쿨 : 동시야 놀자 15양장본 HardCover,유희윤,비룡소,2022,[고촌]어린이자료실
484,484,"수달 씨, 작가 되다 : 바람어린이책 16양장본 HardCover",윤여림,천개의바람,2021,[고촌]어린이자료실
485,485,말의 지옥,이은재,온서재,2021,[고촌]어린이자료실
486,486,"먹으면 안 돼, 안 돼! 아이스크림 : 내 친구 악어 2",스미쿠라 토모코,상상의집,2021,[고촌]어린이자료실
487,487,땡이와 할머니,황지영,크레용하우스,2022,[고촌]어린이자료실
488,488,엄마가 수놓은 길 : 베스트 세계 걸작 그림책 13,재클린 우드슨,주니어RHK,2022,[고촌]어린이자료실
489,489,연이와 버들 도령,백희나,책읽는곰,2021,[고촌]어린이자료실
490,490,빨간 꽃을 찾은 너에게 : 나무자람새 그림책 7양장본 HardCover,크렌 빙,나무말미,2022,[고촌]어린이자료실
