﻿,0,1,2,3,4,5
0,지사코드,지사약어,지사명,표시순서,확대지사여부,사용여부
1,0,본부,본부,0,N,N
2,1,서울,서울지역본부,1,N,Y
3,2,서부,서울서부지사,2,N,Y
4,3,부산,부산지역본부,6,N,Y
5,4,대구,대구지역본부,10,N,Y
6,5,인천,인천지역본부,13,N,Y
7,6,광주,광주지역본부,17,N,Y
8,7,남부,서울남부지사,3,N,Y
9,8,충남,충남지사,24,N,Y
10,9,울산,울산지사,9,N,Y
11,10,경기,경기지사,14,N,Y
12,11,강원,강원지사,4,N,Y
13,12,충북,충북지사,23,N,Y
14,13,대전,대전지역본부,22,N,Y
15,14,전북,전북지사,18,N,Y
16,15,전남,전남지사,19,N,Y
17,16,경북,경북지사,11,N,Y
18,17,경남,경남지사,8,N,Y
19,18,제주,제주지사,21,N,Y
20,19,강원동부,강원동부지사,5,N,Y
21,20,전남서부,전남서부지사,20,N,Y
22,21,부산남부,부산남부지사,7,N,Y
23,22,경북동부,경북동부지사,12,N,Y
24,23,경기북부,경기북부(확대),15,Y,Y
25,24,경기동부,경기동부(확대),16,Y,Y
26,25,경북서부,경북서부지사,25,Y,Y
27,26,경기남부,경기남부지사,26,Y,Y
28,27,세종,세종지사,27,Y,Y
29,28,경남서부,경남서부지사,28,Y,Y
30,29,경기서부,경기서부지사,29,Y,Y
