﻿,0,1,2,3,4,5
0,연번,도서명,도서설명,저자,출판사,출판연도
1,1,헌책방 기담수집가,헌책방을 운영하는 저자가 10년 넘게 수집한 책과 삶이 얽힌 이야기,윤성근,프시케의 숲,2021
2,2,지속가능한 여행을 하고 있습니다,"무분별한 여행 사업을 통해 지구 환경이 빠르게 파괴되며 기후위기를 앞당기게 되었다는 경고와 함께, 환경을 파괴하지 않으면서 지속가능한 방법으로 의미 있는 여행을 실행할 수 있도록 안내해주는 교양서",홀리 터펜,한즈미디어,2021
3,3,나만 공감 안 되는 거였어?,"'그린북' '7번방의 선물' '내 안의 그놈' '수상한 그녀', '탐정: 더 비기닝' '너의 이름은.' '건축학개론' '청년경찰' '조커' '위대한 쇼맨' '인크레더블' 등 우리가 좋아했던 작품 속에 숨어 있던 차별과 혐오를 새롭게 발견하고, 우리가 놓쳐왔던 우리 사회의 의식과 모순을 고발하는 책",이은호,파랑새,2021
4,4,러닝 하이,자신의 자리를 찾지 못해 고민하는 두 소녀가 달리기를 통해 ‘나’를 찾아가는 이야기,탁경은,자음과모음,2021
5,5,친구를 만지지 않아요,"코로나19 팬데믹이라는 상황을 은유적으로 담아낸 글 없는 그림책으로, 마스크를 쓰고 서로 거리를 지켜야 하는 주인공 선인장들의 모습이 지금의 아이들과 꼭 닮았다",육월식,비룡소,2021
6,6,눈아이,눈덩이를 들판에 홀로 외롭게 두지 않으려는 마음에서 비롯된 상상은 아이와 눈아이가 함께하는 순간들을 비추며 우정이 아이의 마음을 키우는 모습을 눈부시게 그린다,안녕달 ,창비,2021
7,7,오리 부리 이야기,소문과 진실이란 무거운 주제를 어린이 독자 시선에 맞춘 제11회 비룡소 문학상 수상작,황선애,비룡소,2022
8,8,"좋아, 하는",다른 사람들의 시선과는 상관없이 자신들이 진짜 좋아하는 자신을 찾아가는 정지수와 안희도의 성장 이야기,김화요,대교북스주니어,2021
