﻿,0,1,2,3,4,5
0,순번,서명,저작자,발행자,발행년,자료실명
1,1,서원쌤의 공감 상담실 : 청소년을 이해하고 싶은 교사들과 부모들의 상담 가이드북,문서원 지음,미문사,2022,[디지털]기장디지털도서관
2,2,오늘도 한껏 무용하게 : 뜨개질하는 남자의 오롯이 나답게 살기 : 이성진 에세이,이성진 [지음],샘터:샘터사,2021,[디지털]기장디지털도서관
3,3,신부 이태석 : 톤즈에서 빛으로,이충렬 지음,김영사,2021,[디지털]기장디지털도서관
4,4,별것 아닌 선의 : 타인의 고통에 응답하는 가장 작은 방법,이소영 지음,어크로스,2021,[디지털]기장디지털도서관
5,5,햇빛은 찬란하고 인생은 귀하니까요 : 밀라논나 이야기,장명숙 지음,김영사,2021,[디지털]기장디지털도서관
6,6,검은 꽃 : 김영하 장편소설,김영하 [지음],복복서가,2020,[디지털]기장디지털도서관
7,7,(超譯)니체의 말,Friedrich Wilhelm Nietzsche 지음 ; 시라토리 하루히코 엮음 ; 박재현 옮김,samho media:삼호미디어,2020,[디지털]기장디지털도서관
8,8,톡 투 마이 베이비=Talk to my baby : 0~4세 아이의 언어 감각을 길러 주는 엄마의 영어 말 걸기,박현영 지음,길벗스쿨,2021,[디지털]기장디지털도서관
9,9,어떻게 말해줘야 할까 : 오은영의 현실 밀착 육아회화,오은영 글 ; 차상미 그림,김영사,2020,[디지털]기장디지털도서관
10,10,(대법관 출신 유튜버 1호 박일환 변호사의) 슬기로운 생활법률,박일환 지음,EBS Books:한국교육방송공사,2021,[디지털]기장디지털도서관
11,11,(당하기 전에 꼭 알아야 할)생활법률 상식사전 : 10주년 기념 개정판,김용국 지음,위즈덤하우스,2020,[디지털]기장디지털도서관
12,12,이상한 과자 가게 전천당. 1,히로시마 레이코 글 ; 쟈쟈 그림 ; 김정화 옮김,길벗스쿨,2019,[디지털]기장디지털도서관
13,13,이상한 과자 가게 전천당. 2,히로시마 레이코 글 ; 쟈쟈 그림 ; 김정화 옮김,길벗스쿨,2019,[디지털]기장디지털도서관
14,14,이상한 과자 가게 전천당. 3,히로시마 레이코 글 ; 쟈쟈 그림 ; 김정화 옮김,길벗스쿨,2019,[디지털]기장디지털도서관
15,15,이상한 과자 가게 전천당. 4,히로시마 레이코 글 ; 쟈쟈 그림 ; 김정화 옮김,길벗스쿨,2019,[디지털]기장디지털도서관
16,16,이상한 과자 가게 전천당. 5,히로시마 레이코 글 ; 쟈쟈 그림 ; 김정화 옮김,길벗스쿨,2020,[디지털]기장디지털도서관
17,17,여름이 온다,이수지 [지음],비룡소,2021,[디지털]기장디지털도서관
18,18,저주토끼=Cursed Bunny : 정보라 소설집,정보라 [지음],아작,2022,[디지털]기장디지털도서관
19,19,지방이 시작이다,오영환 지음,영남대학교출판부,2021,[디지털]기장디지털도서관
20,20,지방이 시작이다,오영환 지음,영남대학교출판부,2021,[디지털]기장디지털도서관
21,21,지방이 시작이다,오영환 지음,영남대학교출판부,2021,[디지털]기장디지털도서관
22,22,주미에르의 10시간 프랑스어 첫걸음 : 내 눈높이에 딱! 가장 쉽고 빠르게 기초 프랑스어를 끝낸다!,노민주(주미에르) 지음,길벗이지톡,2022,[디지털]기장디지털도서관
23,23,(한글로 바로 읽는) 영어 발음 : 음절 블록으로 단어를 읽는 신개념 파닉스 학습법!,박형근 지음,Darakwon:다락원,2022,[디지털]기장디지털도서관
24,24,혼자 하는 영어 공부 : 인지과학 지식을 기반으로 한 합리적 영어 독학,이마이 무쓰미 지음 ; 김수희 옮김,에이케이커뮤니케이션즈,2022,[디지털]기장디지털도서관
25,25,지브리 스튜디오에선 무슨 일이 : 지브리 애니메이션으로의 여행,"마이클 리더,제이크 커닝햄 [공]지음 ; 송보라 옮김",애플트리태일즈,2022,[디지털]기장디지털도서관
26,26,화가의 장례식 : 장례식에서 시작된 어느 화가의 삶과 그림 이야기,박현진 글 ; 박유승 그림,델피노,2022,[디지털]기장디지털도서관
27,27,깃발의 세계사 : 왜 우리는 작은 천 조각에 목숨을 바치는가,팀 마셜 지음 ; 김승욱 옮김,푸른숲,2022,[디지털]기장디지털도서관
28,28,시시콜콜 조선복지실록 : 단 한 명의 백성도 굶어 죽지 않게 하라,박영서 지음,들녘,2022,[디지털]기장디지털도서관
29,29,벌거벗은 세계사. 인물편,tvN  제작팀 지음,교보문고,2022,[디지털]기장디지털도서관
30,30,"오늘 하루, 감성 캠핑 : 작은 텐트 하나로 시작된 감성 라이프",안흥준(피크니캠프) 지음,루리책방,2022,[디지털]기장디지털도서관
31,31,걷다 보니 내가 좋아지기 시작했다 : 어느 정신과 의사의 상처와 관계를 치유하는 여행기,이승민 지음,멀리깊이,2021,[디지털]기장디지털도서관
32,32,한 달의 오키나와,김민주 지음,세나북스,2022,[디지털]기장디지털도서관
33,33,금주 다이어리 : 어느 애주가의 맨정신 체험기,클레어 풀리 지음 ; 허진 옮김,복복서가,2021,[디지털]기장디지털도서관
34,34,비혼이고 아이를 키웁니다 : 결혼도 출산도 아닌 새로운 가족의 탄생,백지선 지음,또다른우주,2022,[디지털]기장디지털도서관
35,35,호호호 : 나를 웃게 했던 것들에 대하여 : 윤가은 산문,윤가은 [지음],마음산책,2022,[디지털]기장디지털도서관
36,36,예고도 없이 나이를 먹고 말았습니다,무레 요코 지음 ; 이현욱 옮김,경향BP:경향비피,2022,[디지털]기장디지털도서관
37,37,"우리 모두 가끔은 미칠 때가 있지 : 관계, 그 잘 지내기 어려움에 대하여",정지음 지음,빅피시,2022,[디지털]기장디지털도서관
38,38,싸가지 없는 점주로 남으리 : 쿨하고 소심한 편의점 사장님,박규옥 지음,몽스북,2022,[디지털]기장디지털도서관
39,39,빈 일기 : 침묵을 넘어 진화하는 여자들,테리 템페스트 윌리엄스 지음 ; 성원 옮김,낮은산,2022,[디지털]기장디지털도서관
40,40,헤이팅 게임,샐리 쏜 지음 ; 비비안 한 옮김,파피펍,2021,[디지털]기장디지털도서관
41,41,메리 크리스하우스=Merry chrishouse : 김효인 장편소설,김효인 [지음],안전가옥,2021,[디지털]기장디지털도서관
42,42,"어서오세요, 휴남동 서점입니다 : 황보름 장편소설",황보름 [지음],클레이하우스,2022,[디지털]기장디지털도서관
43,43,센 강의 이름 모를 여인 : 기욤 뮈소 장편소설,기욤 뮈소 [지음] ; 양영란 옮김,밝은세상,2022,[디지털]기장디지털도서관
44,44,나는 완벽한 멕시코 딸이 아니야,에리카 산체스 지음 ; 허진 옮김,오렌지디,2022,[디지털]기장디지털도서관
45,45,일회용 아내,세라 게일리 지음 ; 안은주 옮김,한스미디어:한즈미디어,2022,[디지털]기장디지털도서관
46,46,허구의 전시관 : 설혜원 소설,설혜원 [지음],델피노,2022,[디지털]기장디지털도서관
47,47,백 오피스 : 최유안 장편소설,최유안 [지음],민음사,2022,[디지털]기장디지털도서관
48,48,그들의 이해관계 : 임현 소설,임현 [지음],문학동네,2022,[디지털]기장디지털도서관
49,49,우리가 다시 만날 세계 : 황모과 장편소설,황모과 [지음],문학과지성사,2022,[디지털]기장디지털도서관
50,50,눈부신 디테일의 유령론 : 안미린 시집,안미린 [지음],문학과지성사,2022,[디지털]기장디지털도서관
51,51,하버드 스퀘어 : 안드레 애치먼 장편소설,안드레 애치먼 [지음] ; 한정아 옮김,비채:김영사,2022,[디지털]기장디지털도서관
52,52,음시 : 함기석 시집,함기석 [지음],문학동네,2022,[디지털]기장디지털도서관
53,53,하자키 목련 빌라의 살인,와카타케 나나미 지음 ; 서혜영 옮김,작가정신,2022,[디지털]기장디지털도서관
54,54,고양이섬 민박집의 대소동,와카타케 나나미 지음 ; 서혜영 옮김,작가정신,2022,[디지털]기장디지털도서관
55,55,기억술사 : 므네모스의 책장 : 임다미 장편소설,임다미 [지음],팩토리나인,2022,[디지털]기장디지털도서관
56,56,혼자 점심 먹는 사람을 위한 시집,강혜빈 [외] 지음,한겨레:한겨레엔,2022,[디지털]기장디지털도서관
57,57,어둠이 걷힌 자리엔,홍우림(젤리빈) 지음,흐름,2022,[디지털]기장디지털도서관
58,58,태어나지 않은 아이를 위한 기도,임레 케르테스 [지음] ; 이상동 옮김,민음사,2022,[디지털]기장디지털도서관
59,59,"변호사님, 이게 성범죄 피해가 맞나요 : 궁금한 모든 것, 이 책에 물어보세요",박원경 지음,탬,2022,[디지털]기장디지털도서관
60,60,춤추는 교장선생님 : 아이들이 행복한 뉴질랜드 교실에선 어떻게 가르치는가,베레나 프리데리카 하젤 지음 ; 이기숙 옮김,솔빛길,2021,[디지털]기장디지털도서관
61,61,"나를 지키는 노동법 : 취준부터 퇴사까지, 직장인을 위한 노동법119",청년유니온 지음,한겨레,2021,[디지털]기장디지털도서관
62,62,저쪽이 싫어서 투표하는 민주주의 : 반대를 앞세워 손익을 셈하는 한국 정치,김민하 지음,이데아,2022,[디지털]기장디지털도서관
63,63,덜어내고 덜 버리고 : 제로웨이스트가 건네는 변화,오한빛 지음,채륜,2022,[디지털]기장디지털도서관
64,64,"사람입니다, 고객님 : 콜센터의 인류학",김관욱 지음,창비,2022,[디지털]기장디지털도서관
65,65,"나는 피해호소인이 아닙니다 : 박원순 성폭력 사건 피해자가 살아낸, 끝날 수 없는 생존의 기록",김잔디 지음,천년의상상,2022,[디지털]기장디지털도서관
66,66,모든 것은 도서관에서 시작되었다 : 북유럽 도서관과 복지국가의 비밀,윤송현 지음,학교도서관저널,2022,[디지털]기장디지털도서관
67,67,"남자들의 방 : 남자-되기, 유흥업소, 아가씨노동",황유나 지음,오월의봄,2022,[디지털]기장디지털도서관
68,68,변신하는 여자들 : 한국 근대 여성 지식인의 자기서사,장영은 지음,오월의봄,2022,[디지털]기장디지털도서관
69,69,이기진 교수의 만만한 물리학,이기진 글·그림,이유,2021,[디지털]기장디지털도서관
70,70,"물고기는 존재하지 않는다 : 상실, 사랑 그리고 숨어 있는 삶의 질서에 관한 이야기",룰루 밀러 지음 ; 정지인 옮김,곰,2021,[디지털]기장디지털도서관
71,71,수학을 읽어드립니다,남호성 지음,한국경제신문:한경BP,2021,[디지털]기장디지털도서관
72,72,"뇌를 읽다, 마음을 읽다 : 뇌과학과 정신의학으로 치유하는 고장 난 마음의 문제들",권준수 지음,21세기북스:북이십일,2021,[디지털]기장디지털도서관
73,73,아주 긴밀한 연결 : 유전자에서 행동까지 이어지는 뇌의 비밀,곽민준 지음,생각의힘,2022,[디지털]기장디지털도서관
74,74,지구를 살리는 기후위기 수업,이영경 지음,한언,2022,[디지털]기장디지털도서관
75,75,아무도 죽지 않은 밤 : 삶과 죽음의 경계에서 살아가는 한 응급실 의사의 투명한 시선,프랭크 하일러 지음 ; 권혜림 옮김,지식서가,2022,[디지털]기장디지털도서관
76,76,"뇌과학자의 엄마, 치매에 걸리다 : 기억을 잃으면 그 사람은 '그 사람'이 아닌 걸까",온조 아야코 지음 ; 박정임 옮김,지호,2022,[디지털]기장디지털도서관
77,77,"나쁜 과학 대처법 : 유사과학, 가짜뉴스에 현혹되지 않는 똑똑한 회의주의자를 위한 안내서",스티븐 노벨라 [외] 지음 ; 이한음 옮김,문학수첩,2022,[디지털]기장디지털도서관
78,78,김물결의 인생을 바꾸는 비트코인,김물결 지음,바른북스,2021,[디지털]기장디지털도서관
79,79,나는 짧게 일하고 길게 번다 : 3년 만에 경제적 자유를 이룬 젊은 자산가의 27가지 돈 버는 시스템,레이철 리처즈 지음 ; 최지희 옮김,토네이도,2022,[디지털]기장디지털도서관
80,80,"카카오 네이버, 지금 사도 될까요",박재원 지음,메이트북스:원앤원콘텐츠그룹,2022,[디지털]기장디지털도서관
81,81,오리지널의 탄생 : 세계사를 바꾼 28가지 브랜드,세상의모든지식 지음,21세기북스:북이십일,2022,[디지털]기장디지털도서관
82,82,나는 당신도 재개발 투자로 돈을 벌면 좋겠습니다 : 월급쟁이가 재개발 투자로 무조건 부자 되는 법,남무98 지음,원앤원북스,2022,[디지털]기장디지털도서관
83,83,"나는 학벌보다 돈이 좋습니다만 : 부알못도 하루 만에 눈뜨는 초심플 부동산 투자법 : 마흔 살, 순자산 0원이던 전문직 부부의 3년 17채 부동산 투자 비법",풍선빵 지음,길벗,2022,[디지털]기장디지털도서관
84,84,살아남은 카페들 : 생존 중인 카페 열두 곳에 던지는 질문,조재호 지음,연필과머그,2022,[디지털]기장디지털도서관
85,85,쿡 케이의 사랑스러운 동물친구들 : 코바늘로 만드는 손뜨개 인형 15,쿡 케이 지음 ; 김수영 옮김,지금이책,2021,[디지털]기장디지털도서관
86,86,1일 1분 시력운동,야마구치 고조 지음 ; 최말숙 옮김,포레스트북스,2021,[디지털]기장디지털도서관
87,87,반려식물 난초 재테크,이대건 지음,티나,2022,[디지털]기장디지털도서관
88,88,"마음이 단단해지는 살림 : 사색하고, 비우고, 기록하는 미니멀 라이프 이야기",강효진 지음,비타북스,2021,[디지털]기장디지털도서관
89,89,50 이제는 하고 싶은 일을 하며 오늘을 산다,가네코 유키코 지음 ; 박승희 옮김,즐거운상상,2021,[디지털]기장디지털도서관
90,90,요즘x두부 : 20가지 두부 종류로 만드는 100가지 활용요리,노애리 요리,수작걸다,2022,[디지털]기장디지털도서관
91,91,우리가 매일 차를 마신다면 : 차 한 잔의 루틴 시작하는 법,맥파이앤타이거 지음,휴머니스트,2021,[디지털]기장디지털도서관
92,92,"오늘 하루 행복한 혼밥 : 혼자서도 폼나게, 쉽고 간편하게",하영아 지음,리스컴,2022,[디지털]기장디지털도서관
93,93,베이킹 하다 앳 홈=baking hada aht home,박정아 지음,중앙books,2022,[디지털]기장디지털도서관
94,94,밤이 오기 전에 : 프루스트 단편선,마르셀 프루스트 지음 ; 유예진 옮김,현암사,2022,[디지털]기장디지털도서관
95,95,지루함의 심리학 : 지루함이 주는 놀라운 삶의 변화,"제임스 댄커트,존 D. 이스트우드 [공]지음 ; 최이현 옮김",Being:로크미디어,2022,[디지털]기장디지털도서관
96,96,(10대를 위한) 반야심경 : 내 마음의 좋은 습관 기르기,사이토 다카시 지음 ; 이토 햄스터 그림 ; 이미령 옮김,불광,2022,[디지털]기장디지털도서관
97,97,수학 진짜 잘하는 아이는 읽고 씁니다 : 내 아이 수학인생을 바꾸는 기적의 학습법,"박정희,이혜준,홍성영 [공]지음",일상과이상:일상이상,2022,[디지털]기장디지털도서관
98,98,글쓰기 잘하는 아이는 이렇게 시작합니다 : 아이 스스로 글의 씨앗을 발견하는 1일 1글감 수업,남낙현 지음,청림Life:청림출판,2022,[디지털]기장디지털도서관
99,99,(느리고 서툰 아이) 몸놀이가 정답이다,김승언 지음,서사원,2022,[디지털]기장디지털도서관
100,100,훌훌 : 문경민 장편소설,문경민 [지음],문학동네,2022,[디지털]기장디지털도서관
101,101,소리를 보는 소년 : 김은영 장편소설,김은영 [지음],서해문집,2022,[디지털]기장디지털도서관
102,102,아무렇지 않다,최다혜 글·그림,씨네21북스,2022,[디지털]기장디지털도서관
103,103,"곰돌이 푸, 진심은 네 곁에 있어 : 마음을 소중히 여길 줄 아는 당신에게",곰돌이 푸 원작 ; 정은희 옮김,RHK:알에이치코리아,2022,[디지털]기장디지털도서관
104,104,나를 마릴린 먼로라고 하자 : 한정현 장편소설,한정현 [지음],문학과지성사,2022,[디지털]기장디지털도서관
105,105,편애하는 문장들 : 지극히 사소한 밑줄로부터,이유미 지음,Qrious:큐리어스,2021,[디지털]기장디지털도서관
106,106,전지적 코딩 시점,"이희진,소정숙 [공]지음",자유의길,2022,[디지털]기장디지털도서관
107,107,내 어깨 위 죄책감,도리스 볼프 지음 ; 장혜경 옮김,생각의집,2022,[디지털]기장디지털도서관
108,108,에피쿠로스의 네 가지 처방 : 불안과 고통에 대처하는 철학의 지혜,존 셀라스 지음 ; 신소희 옮김,복복서가,2022,[디지털]기장디지털도서관
109,109,우리는 여전히 삶을 사랑하는가,에리히 프롬 [지음] ; 라이너 풍크 엮음 ; 장혜경 옮김,김영사,2022,[디지털]기장디지털도서관
110,110,(아이도 자라고 식물도 자라는) 우리 집 식물 수업,정재경 지음,교보문고,2022,[디지털]기장디지털도서관
111,111,과식하지 않는 삶,이시구로 세이지 지음 ; 전선영 옮김,머스트리드북,2022,[디지털]기장디지털도서관
112,112,"아파트 담장 넘어 도망친 도시 생활자 : 도심 속 다른 집, 다른 삶 짓기",한은화 지음,동아시아,2022,[디지털]기장디지털도서관
113,113,공간 디자인의 기술 : 우리 집을 넓고 예쁘게 꾸미는 아이디어,가와카미 유키 지음 ; 이예린 옮김,리스컴,2022,[디지털]기장디지털도서관
114,114,백종원의 肉. 돼지고기 편,백종원 지음,알에이치코리아,2022,[디지털]기장디지털도서관
115,115,"이 계절, 우리의 식탁 : 제철 재료로 그려내는 건강한 맛과 행복한 기억",김미진 지음,아퍼블리싱,2022,[디지털]기장디지털도서관
116,116,헬프 미 시스터 : 이서수 장편소설,이서수 [지음],은행나무,2022,[디지털]기장디지털도서관
117,117,그랜드 캉티뉴쓰 호텔 : 리보칭 장편소설,리보칭 [지음] ; 허유영 옮김,비채,2022,[디지털]기장디지털도서관
118,118,어떻게 살아야 하는가 : 더 나은 내일을 꿈꾸는 당신이 반드시 물어야 할 삶의 의미,이나모리 가즈오 지음 ; 김윤경 옮김,다산북스,2022,[디지털]기장디지털도서관
119,119,"옛날 영화, 이 좋은 걸 이제 알았다니",듀나 지음,구픽,2022,[디지털]기장디지털도서관
120,120,해피 엔딩 이후에도 우리는 산다 : 오늘도 정주행을 시작하는 당신에게,윤이나 지음,한겨레,2022,[디지털]기장디지털도서관
121,121,"계류자들 : 요괴에서 좀비, 영혼 체인지, 포스트휴먼까지 아시아 귀신담의 계보",최기숙 지음,현실문화,2022,[디지털]기장디지털도서관
122,122,언어가 삶이 될 때 : 낯선 세계를 용기 있게 여행하는 법 : 김미소 에세이,김미소 [지음],한겨레,2022,[디지털]기장디지털도서관
123,123,"(싫어하는 음식) 아니요, 그건 빼주세요=No, please leave it out : 앤솔러지",김겨울 [외]지음,세미콜론,2022,[디지털]기장디지털도서관
124,124,백치. 1,표도르 도스토옙스키 지음 ; 김희숙 옮김,문학동네,2021,[디지털]기장디지털도서관
125,125,백치. 2,표도르 도스토옙스키 지음 ; 김희숙 옮김,문학동네,2021,[디지털]기장디지털도서관
126,126,"(박시백의) 고려사. 1, 천하 통일과 고려의 개막",박시백 지음,휴머니스트,2022,[디지털]기장디지털도서관
127,127,꼬리에 꼬리를 무는 그날 이야기 : 장 트리오가 들려주는 가장 내밀한 근현대사 실황. 2,SBS＜꼬리에 꼬리를 무는 그날 이야기＞제작팀 지음,동아시아,2022,[디지털]기장디지털도서관
128,128,여성의 다시쓰기 : 고전소설을 읽는 욕망에 관하여,노지승 지음,오월의봄,2022,[디지털]기장디지털도서관
129,129,나는 지방의원이다 : 가장 가까운 정치의 가장 몰랐던 이야기,김희원 [외] 지음,섀도우캐비닛,2022,[디지털]기장디지털도서관
130,130,책에 미친 바보 : 조선의 독서광 이덕무 산문선 : 지극히 소소하고 반짝이는 것들에 관한 이야기,이덕무 지음 ; 권정원 옮김,태학사,2022,[디지털]기장디지털도서관
131,131,그러나 러브스토리 : 장수진 시집,장수진 [지음],현대문학,2022,[디지털]기장디지털도서관
132,132,빵 좋아하는 악당들의 행성 : 곽재식 소설집,곽재식 [지음],비채,2022,[디지털]기장디지털도서관
133,133,전망 좋은 밀실,고바야시 야스미 지음 ; 민경욱 옮김,소미미디어,2022,[디지털]기장디지털도서관
134,134,위험한 장난감 : 박상민 장편소설,박상민 [지음],몽실북스,2022,[디지털]기장디지털도서관
135,135,우리 역사 속 전염병 : 왕실의 운명과 백성의 인생을 뒤흐든 치명적인 흔적,신병주 지음,매일경제신문사,2022,[디지털]기장디지털도서관
136,136,미스터 라푼젤,조나단 플랙켓 글 ; 캐리 프란스만 그림 ; 박혜원 옮김,토마토,2022,[디지털]기장디지털도서관
137,137,페스트의 밤,오르한 파묵 [지음] ; 이난아 옮김,민음사,2022,[디지털]기장디지털도서관
138,138,예민한 게 아니라 당연한 겁니다 : 선을 넘는 세상과 싸워 이기는 법,이은의 지음,디플롯,2022,[디지털]기장디지털도서관
139,139,먹는 것과 싸는 것,가시라기 히로키 지음 ; 김영현 옮김,다다서재,2022,[디지털]기장디지털도서관
140,140,(내가 만난)소년에 대하여,천종호 지음,우리학교,2021,[디지털]기장디지털도서관
141,141,타인의 신발을 신어보다 : 공감을 넘어선 상상력 '엠퍼시'의 발견,브래디 미카코 지음 ; 정수윤 옮김,은행나무,2022,[디지털]기장디지털도서관
142,142,인지심리학은 처음이지=Cognitive psychology,"김경일,김태훈,이윤형 [공]지음",북멘토,2022,[디지털]기장디지털도서관
143,143,"일상이 고고학, 나 혼자 전주 여행 : 황윤 역사 여행 에세이",황윤 [지음],책읽는고양이,2022,[디지털]기장디지털도서관
144,144,"(채사장의) 지대넓얕 : 지적 대화를 위한 넓고 얕은 지식. 02, 자본이라는 신","채사장,마케마케 [공]글 ; 정용환 그림",돌핀북,2022,[디지털]기장디지털도서관
145,145,지구그래픽스,레기나 히메네스 지음 ; 주하선 옮김,단추,2021,[디지털]기장디지털도서관
146,146,호랑이 생일날이렷다 : 강혜숙 그림책,강혜숙 [지음],우리학교,2022,[디지털]기장디지털도서관
147,147,시큰둥이 고양이,소피 블랙올 글·그림 ; 김서정 옮김,주니어RHK,2022,[디지털]기장디지털도서관
148,148,연이와 버들 도령,백희나 [지음],책읽는곰,2022,[디지털]기장디지털도서관
149,149,사라진 물건의 비밀,이분희 글 ; 이덕화 그림,비룡소,2021,[디지털]기장디지털도서관
150,150,달콩이네 떡집,김리리 글 ; 김이랑 그림,비룡소,2021,[디지털]기장디지털도서관
151,151,(만나고 싶은) 북한 동물 사전,임권일 글 ; 이곤 그림,창비,2022,[디지털]기장디지털도서관
152,152,따끈따끈 찐만두 씨 : 심보영 그림책,심보영 [지음],사계절,2021,[디지털]기장디지털도서관
153,153,"앗, 내 코에 미생물이 산다고",크리스티안 보르스틀랍 지음 ; 최현경 옮김,사파리:이퍼블릭,2021,[디지털]기장디지털도서관
154,154,한 코 두 코,이황희 글·그림,계수나무,2022,[디지털]기장디지털도서관
155,155,너는 나의 모든 계절이야,유혜율 글 ; 이수연 그림,후즈갓마이테일:Who'sGotMyTail,2022,[디지털]기장디지털도서관
156,156,당신의 소원을 들어드립니다 : 이지음 장편동화,이지음 [지음] ; 국민지 그림,비룡소,2021,[디지털]기장디지털도서관
157,157,(읽다 보면 저절로 알게 되는) 신비한 습관 사전,이수인 글·그림,파란정원,2022,[디지털]기장디지털도서관
158,158,안녕 열두 달 : 오늘이 특별해지는 명절 절기 세시 풍속,박보미 글·그림,책읽는곰,2022,[디지털]기장디지털도서관
159,159,단어의 여왕,신소영 글 ; 모예진 그림,비룡소,2022,[디지털]기장디지털도서관
160,160,다르면서 같은 우리 : 차별을 넘어서는 열다섯 가지 단어,에바누엘라 나바 글 ; 시모나 물라차니 그림 ; 김경연 옮김,풀빛,2022,[디지털]기장디지털도서관
161,161,퓌제트와 프라질,"로르 푸드빈,에스텔 올리비에 [공]글 ; 사뮈엘 뤼베롱 그림 ; 양진희 옮김",작은코도마뱀,2022,[디지털]기장디지털도서관
162,162,어쩌다 우주여행 : 22세기 흔한 여행길 위의 아이들,"정명섭,남유하,김이환 [공]글 ; 박현주 그림",파란자전거,2022,[디지털]기장디지털도서관
163,163,이상한 동물원,연수 글·그림,비룡소,2022,[디지털]기장디지털도서관
164,164,파리의 작은 인어,루시아노 로사노 글·그림 ; 박재연 옮김,블루밍제이,2022,[디지털]기장디지털도서관
165,165,지구 어디에나 있는 바글바글 바이러스,권오준 글 ; 정문주 그림,한솔수북,2022,[디지털]기장디지털도서관
166,166,우리 같이 놀자!,레오 리오니 지음 ; 유보리 옮김,시공주니어,2022,[디지털]기장디지털도서관
167,167,(Why)지구의 재앙,최재훈 글 ; 송회석 그림,예림당,2022,[디지털]기장디지털도서관
168,168,"(흔한남매) 과학 탐험대. 1, 우주","흔한남매 원작 ; 이재국,이현진 [공]글 ; 김덕영 그림",주니어김영사:김영사,2021,[디지털]기장디지털도서관
169,169,"(흔한남매) 과학 탐험대. 2, 지구와 달","흔한남매 원작 ; 이재국,이현진 [공]글 ; 김덕영 그림",주니어김영사,2021,[디지털]기장디지털도서관
170,170,"(흔한남매) 과학 탐험대. 4, 물질","흔한남매 원작 ; 이현진,닥터 스코 [공]글 ; 김덕영 그림",주니어김영사,2021,[디지털]기장디지털도서관
171,171,"(흔한남매) 과학 탐험대. 3, 인체","흔한남매 원작 ; 이재국,이현진 [공]글 ; 김덕영 그림",주니어김영사,2021,[디지털]기장디지털도서관
172,172,"위풍당당 여우 꼬리. 2, 알쏭달쏭 우정 테스트",손원평 글 ; 만물상 그림,창비,2022,[디지털]기장디지털도서관
173,173,예의 없는 친구들을 대하는 슬기로운 말하기 사전,김원아 글 ; 김소희 그림,사계절,2022,[디지털]기장디지털도서관
174,174,수상한 놀이터,박현숙 글 ; 장서영 그림,북멘토,2022,[디지털]기장디지털도서관
175,175,나비 : 공룡보다 오래 살아남은 작은 곤충의 비밀,로저 빌라 글 ; 레나 오르테가 그림 ; 조은영 옮김,그레이트Books,2022,[디지털]기장디지털도서관
176,176,바이러스 : 미리 대비하면 무섭지 않아!,"발레리아 바라티니,마티아 크리벨리니 [공]글 ; 빅토르 메디나 그림 ; 김아림 옮김",보림,2022,[디지털]기장디지털도서관
177,177,구이꼬칫집 : 흥흥 그림책,흥흥 [지음],씨드북,2022,[디지털]기장디지털도서관
178,178,마담 바두비다 : 바다 너머에서 온 비밀스러운 여인,소피 달 글 ; 로렌 오하라 그림 ; 문주선 옮김,바둑이하우스,2022,[디지털]기장디지털도서관
179,179,오리 부리 이야기,황선애 글 ; 간장 그림,비룡소,2022,[디지털]기장디지털도서관
180,180,너는 어떤 사람이 되고 싶어,카를로 프라베티 지음 ; 조안 카사라모나 구알 그림 ; 김지애 옮김,라임,2022,[디지털]기장디지털도서관
181,181,교실에서 세계 시민 되기. 초등 편,강혜미 [외]지음 ; 유네스코 아시아태평양 국제이해교육원 기획,창비,2022,[디지털]기장디지털도서관
182,182,불의 날개와 예언의 밤 : 제5부. 상,투이 T. 서덜랜드 지음 ; 강동혁 옮김,김영사,2022,[디지털]기장디지털도서관
183,183,불의 날개와 예언의 밤 : 제5부. 하,투이 T. 서덜랜드 지음 ; 강동혁 옮김,김영사,2022,[디지털]기장디지털도서관
184,184,놀러 가도 돼,시오타니 마미코 글·그림 ; 윤수정 옮김,책읽는곰,2022,[디지털]기장디지털도서관
185,185,달괴물,유경미 글·그림,책소유,2022,[디지털]기장디지털도서관
186,186,마음버스,김유 글 ; 소복이 그림,천개의바람,2022,[디지털]기장디지털도서관
187,187,괜찮아! 넌 하늘다람쥐야,다비드 칼리 글 ; 아달지사 마셀라 그림 ; 최보민 옮김,파랑서재,2022,[디지털]기장디지털도서관
188,188,뭐 신나는 일 없을까,피터 스피어 글·그림 ; 연우 옮김,비룡소,2022,[디지털]기장디지털도서관
189,189,다음 달에는 : 전미화 그림책,전미화 [지음],사계절,2022,[디지털]기장디지털도서관
190,190,작고 푸른 점,지노 스워더 [지음] ; 최정선 옮김,밝은미래,2022,[디지털]기장디지털도서관
191,191,우리는 먹어요,고정순 [지음],웃는돌고래,2022,[디지털]기장디지털도서관
192,192,농부 달력 : 김선진 그림책,김선진 [지음],웅진주니어,2022,[디지털]기장디지털도서관
193,193,지금이 딱 좋아 : 하수정 그림책,하수정 [지음],웅진주니어,2022,[디지털]기장디지털도서관
194,194,사서가 된 고양이,권오준 글 ; 정혜원 그림,알에이치코리아,2022,[디지털]기장디지털도서관
195,195,"내가 없는, 내가 있는",조은지 [지음],비룡소,2022,[디지털]기장디지털도서관
196,196,올림포스 신들의 너튜브,이향안 글 ; 김소희 그림,웅진주니어:웅진씽크빅,2022,[디지털]기장디지털도서관
197,197,"의사 어벤저스 : 어린이 의학 동화. 1, 전염병, 응급 센터를 폐쇄하라!",고희정 글 ; 조승연 그림,가나:가나문화콘텐츠,2021,[디지털]기장디지털도서관
198,198,"의사 어벤저스 : 어린이 의학 동화. 2, 유전병, 위험한 고비를 넘겨라!",고희정 글 ; 조승연 그림,가나:가나문화콘텐츠,2021,[디지털]기장디지털도서관
199,199,"의사 어벤저스 : 어린이 의학 동화. 3, 뇌 질환, 아픈 기억을 극복하라!",고희정 글 ; 조승연 그림,가나:가나문화콘텐츠,2021,[디지털]기장디지털도서관
200,200,오디세우스의 모험 일지,김영주 글 ; 허현경 그림,웅진주니어:웅진씽크빅,2022,[디지털]기장디지털도서관
201,201,어린이가 안전할 권리,오진원 지음,현북스,2022,[디지털]기장디지털도서관
202,202,"길까, 짧을까",이자벨라 지엔바 글 ; 우르슐라 팔루신스카 그림 ; 이지원 옮김,길벗스쿨,2022,[디지털]기장디지털도서관
203,203,착한 달걀,조리 존 글 ; 피트 오즈월드 그림 ; 김경희 옮김,길벗어린이,2022,[디지털]기장디지털도서관
204,204,달 가루 : 이명하 그림책,이명하 [지음],웅진주니어,2022,[디지털]기장디지털도서관
205,205,주먹밥,안단테 글 ; 김이랑 그림,우주나무,2022,[디지털]기장디지털도서관
206,206,나와 다른 너에게,티모테 르 벨 글·그림 ; 이세진 옮김,책읽는곰,2022,[디지털]기장디지털도서관
207,207,펭귄 이불,헤르만 판 더 베이데번 글 ; 프랑수아즈 베크 그림 ; 이정희 옮김,곰곰,2022,[디지털]기장디지털도서관
208,208,신비한 식물 사전,아드리엔 바르망 지음 ; 이한음 옮김,보림,2022,[디지털]기장디지털도서관
209,209,(개념연결) 초등 한국사 사전,"배성호,문순창 [공]글 ; 김영화 그림",비아북,2022,[디지털]기장디지털도서관
210,210,읽으면 수학천재가 되는 만화책 : 초등A,Team. StoryG 저,Oldstairs:올드스테어즈,2022,[디지털]기장디지털도서관
211,211,(강성태의) 저절로 어휘력 : 문해력을 키워 주는 어휘력 학습 만화. 1,이정은 글 ; 강신영 그림,아이세움:미래엔,2021,[디지털]기장디지털도서관
212,212,(강성태의) 저절로 어휘력 : 문해력을 키워 주는 어휘력 학습 만화. 2,이정은 글 ; 강신영 그림,아이세움:미래엔,2021,[디지털]기장디지털도서관
213,213,이상한 과자 가게 전천당. 6,히로시마 레이코 글 ; 쟈쟈 그림 ; 김정화 옮김,길벗스쿨,2020,[디지털]기장디지털도서관
214,214,이상한 과자 가게 전천당. 7,히로시마 레이코 글 ; 쟈쟈 그림 ; 김정화 옮김,길벗스쿨,2020,[디지털]기장디지털도서관
215,215,"쿠키런 어드벤처 : 쿠키들의 신나는 세계여행. 32, 교토-일본",송도수 글 ; 서정은 그림,서울문화사,2019,[디지털]기장디지털도서관
216,216,"쿠키런 어드벤처 : 쿠키들의 신나는 세계여행. 33, 터키 - 이스탄불",송도수 글 ; 서정은 그림,서울문화사,2019,[디지털]기장디지털도서관
217,217,"(설민석의) 한국사 대모험. 17, 6·25 전쟁 편 - 황금순 할머니의 소원","설민석,스토리박스 [공]글 ; 정현희 그림",아이휴먼,2021,[디지털]기장디지털도서관
218,218,"(설민석의)한국사 대모험. 18, 후삼국 편 - 온달의 기묘한 시간 여행","설민석,스토리박스 [공]글 ; 정현희 그림",아이휴먼,2021,[디지털]기장디지털도서관
219,219,놓지 마 어휘 : 한자어. 4,신태훈 글 ; 나승훈 그림,주니어김영사,2022,[디지털]기장디지털도서관
220,220,(코믹 메이플스토리) 수학도둑 : 종합편. 71,송도수 글 ; 서정 엔터네인먼트 그림,서울문화사,2019,[디지털]기장디지털도서관
221,221,(코믹 메이플스토리) 수학도둑 : 종합편. 72,송도수 글 ; 서정 엔터네인먼트 그림,서울문화사,2019,[디지털]기장디지털도서관
222,222,(코믹 메이플스토리) 수학도둑 : 종합편. 73,송도수 글 ; 서정 엔터네인먼트 그림,서울문화사,2019,[디지털]기장디지털도서관
223,223,(코믹 메이플스토리) 수학도둑 : 종합편. 74,송도수 글 ; 서정 엔터네인먼트 그림,서울문화사,2019,[디지털]기장디지털도서관
224,224,"내일은 실험왕 : 본격 대결 과학실험 만화. 47, 감염병과 전염병",스토리 a. 글 ; 홍종현 그림,아이세움:미래엔,2019,[디지털]기장디지털도서관
225,225,"놓지 마 과학!. 11, 정신이 코딩에 정신 놓다 1","신태훈,나승훈 [공]글·그림",위즈덤하우스,2019,[디지털]기장디지털도서관
226,226,"놓지 마 과학!. 12, 정신이 코딩에 정신 놓다 2","신태훈,나승훈 [공]글·그림",위즈덤하우스,2019,[디지털]기장디지털도서관
227,227,"놓지 마 과학!. 13, 정신이 미세 먼지에 정신 놓다","신태훈,나승훈 [공]글·그림",위즈덤하우스,2020,[디지털]기장디지털도서관
228,228,"(손오공의 한자 대탐험) 마법천자문. 45, 마구마구 탐해라! 욕심 (욕)慾",김현수 글 ; 홍거북 그림,아울북:북이십일,2019,[디지털]기장디지털도서관
229,229,"(손오공의 한자 대탐험) 마법천자문. 46, 헷갈려라! 미혹할 미(迷)",김현수 글 ; 홍거북 그림,아울북:북이십일,2019,[디지털]기장디지털도서관
230,230,에그박사=Egg&bugs : 자연 생물 관찰 만화. 1,에그박사 원작 ; 박송이 글 ; 홍종현 그림,아이세움:미래엔,2020,[디지털]기장디지털도서관
231,231,에그박사=Egg&bugs : 자연 생물 관찰 만화. 4,에그박사 원작 ; 박송이 글 ; 홍종현 그림,Mirae N 아이세움:미래엔,2021,[디지털]기장디지털도서관
232,232,"(정재승의)인간탐구보고서 : 어린이를 위한 뇌과학 프로젝트. 8, 불안이 온갖 미신을 만든다","정재은,이고은 [공]글 ; 김현민 그림",아울북:북이십일,2021,[디지털]기장디지털도서관
