﻿,0,1,2,3,4,5,6,7,8,9,10,11,12,13,14,15,16,17,18,19
0,도서관명,시도명,시군구명,도서관유형,휴관일,운영시작시각,운영종료시각,열람좌석수,자료수(도서),자료수(연속간행물),자료수(비도서),대출가능권수,대출가능일수,소재지도로명주소,운영기관명,도서관전화번호,부지면적,건물면적,홈페이지주소,데이터기준일자
1,금곡작은도서관,경기도,파주시,공립작은도서관,"일, 월",10:00,16:00,50,8392,7,30,7,14,경기도 파주시 법원읍 술이홀로 1315,금곡작은도서관,031-959-9506,247,247,https://lib.paju.go.kr/ghlib/menu/10704/contents/40006/contents.do,2022-03-23
2,탄현작은도서관,경기도,파주시,공립작은도서관,"토, 일",11:00,17:00,12,8521,3,0,7,14,경기도 파주시 탄현면 소금쟁이길 71,탄현작은도서관,031-946-0350,84,84,https://lib.paju.go.kr/ghlib/menu/10704/contents/40006/contents.do,2022-03-23
3,금촌무지개작은도서관,경기도,파주시,공립작은도서관,월,10:00,19:00,12,7566,27,0,7,14,경가도 파주시 새꽃로 193,금촌무지개작은도서관,031-949-9164,103,103,https://lib.paju.go.kr/ghlib/menu/10704/contents/40006/contents.do,2022-03-23
4,거북작은도서관,경기도,파주시,사립작은도서관,일,13:00,18:00,54,12651,5,0,5,14,경기도 파주시 파주읍 거북뫼길 115,거북작은도서관,031-954-1245,178,178,http://blog.naver.com/gbdsk,2022-03-23
5,겨자씨작은도서관,경기도,파주시,사립작은도서관,월,14:00,18:00,10,3000,0,0,5,14,"경기도 파주시 숲속노을로 271, 고산프라자 303호",겨자씨작은도서관,,33,33,,2022-03-23
6,글향기작은도서관,경기도,파주시,사립작은도서관,일,15:30,18:30,50,8932,3,33,5,14,"경기도 파주시 한울로 100, 한울마을6단지",글향기작은도서관,031-945-0917,163,163,https://hkhk.egentouch.com/main.do?action=main,2022-03-23
7,꿈꾸는작은도서관,경기도,파주시,사립작은도서관,"일, 월",13:00,17:00,8,7000,2,0,5,14,"경기도 파주시 운정1길 101, 주안에행복한교회",꿈꾸는작은도서관,031-949-3379,66,66,http://cafe.daum.net/juanedream,2022-03-23
8,꿈더하기작은도서관,경기도,파주시,사립작은도서관,"토, 일",10:00,18:00,16,6000,0,0,5,14,경기도 파주시 교하로 50,꿈더하기작은도서관,031-949-6094,90.07,90.07,,2022-03-23
9,꿈뜰작은도서관,경기도,파주시,사립작은도서관,"월, 토, 일",10:00,18:00,18,3000,0,0,5,14,경기도 파주시 온정길 41 이안빌딩 3층,꿈뜰작은도서관,031-941-4259,170.63,170.63,,2022-03-23
10,꿈자람터작은도서관,경기도,파주시,사립작은도서관,,10:00,18:00,18,1900,0,0,5,14,경기도 파주시 광탄면 장지산로 70 진지동교회,꿈자람터작은도서관,,138,138,,2022-03-23
11,꿈터작은도서관,경기도,파주시,사립작은도서관,일,13:00,17:00,40,3100,0,0,5,14,경기도 파주시 새꽃로 203-2,꿈터작은도서관,,72,72,https://pjdream.egentouch.com/main.do?action=main,2022-03-23
12,노을빛작은도서관,경기도,파주시,사립작은도서관,"토, 일",13:00,17:00,16,5821,0,0,5,14,경기도 파주시 숲속노을로 297 관리동 2층,노을빛작은도서관,031-947-2082,90,90,,2022-03-23
13,당나귀작은도서관,경기도,파주시,사립작은도서관,,,,12,1769,,,,,경기도 파주시 문산읍 방촌로 1720,당나귀작은도서관,,36.67,36.67,,2022-03-23
14,대방열린작은도서관,경기도,파주시,사립작은도서관,"화, 목, 토, 일",13:00,17:00,26,8070,2,0,5,14,"경기도 파주시 평화로 280, 대방아파트",대방열린작은도서관,031-947-2820,42,42,,2022-03-23
15,더드림작은도서관,경기도,파주시,사립작은도서관,"월, 토, 일",11:00,18:00,20,3000,0,0,5,14,경기도 파주시 책향기로 573 월드타워3 803호,더드림작은도서관,031-944-1253,108.9,108.9,,2022-03-23
16,도담작은도서관,경기도,파주시,사립작은도서관,"토,일",9:00,17:00,16,2954,0,0,5,14,"경기도 파주시 파주읍 파발로 12, 2층 술이홀즐겨찾기",도담작은도서관,070-8956-3224,89,89,https://pjdodam.egentouch.com/main.do?action=main,2022-03-23
17,도란도란작은도서관,경기도,파주시,사립작은도서관,"토, 일",13:00,18:00,18,1213,0,0,0,0,"경기도 파주시 소리천로 203, 가람마을14단지",도란도란작은도서관,031-948-0580,36.6,36.6,https://doran.egentouch.com/main.do?action=main,2022-03-23
18,동문그린작은도서관,경기도,파주시,사립작은도서관,일,14:00,18:00,50,8882,0,0,5,14,"경기도 파주시 조리읍 대원로 45, 그린시티 동문",동문그린작은도서관,070-8806-7942,120,120,https://dongmun.egentouch.com/main.do?action=main,2022-03-23
19,동양월드꿈나무작은도서관,경기도,파주시,사립작은도서관,일,14:30,17:30,28,10649,11,0,5,14,"경기도 파주시 가온로 245, 가람마을10단지",동양월드꿈나무작은도서관,031-944-6802,129,129,,2022-03-23
20,등불작은도서관,경기도,파주시,사립작은도서관,"화, 목, 토, 일",14:00,17:00,33,4000,0,0,5,14,경기도 파주시 와석순환로 380,등불작은도서관,031-944-3753,88,88,,2022-03-23
21,리버팰리스작은도서관,경기도,파주시,사립작은도서관,"토, 일",14:00,18:00,46,11606,0,0,5,14,"경기도 파주시 문산읍 당동1로 52, 한양수자인 리버팰리스 커뮤니티센터 1층(106동)",리버팰리스작은도서관,070-4454-9834,124,124,https://river.egentouch.com/main.do?action=main,2022-03-23
22,마루작은도서간,경기도,파주시,사립작은도서관,,10:00,18:00,10,1500,0,0,5,14,경기도 파주시 파평면 장파리 370-169,마루작은도서간,,33,33,,2022-03-23
23,무지개작은도서관,경기도,파주시,사립작은도서관,"토, 일",9:00,18:00,23,6304,18,0,5,14,"경기도 파주시 한울로 101, 한울마을 4단지",무지개작은도서관,070-8951-8130,74,74,,2022-03-23
24,미네르바작은도서관,경기도,파주시,사립작은도서관,일,10:00,19:00,84,8000,0,0,5,14,경기도 파주시 가온로67길 해솔마을 5단지 505-401,미네르바작은도서관,031-957-3421,401,401,https://minerva.egentouch.com/main.do?action=main,2022-03-23
25,바다의별작은도서관,경기도,파주시,사립작은도서관,"토,일,월",14:00,17:00,10,7545,0,0,5,14,경기도 파주시 야동동 금월로 77,바다의별작은도서관,031-941-9986,67,67,,2022-03-23
26,방주스토리작은도서관,경기도,파주시,사립작은도서관,일,10:00,17:00,27,1800,0,0,5,14,"경기도 파주시 산내로 70, 운정방주교회",방주스토리작은도서관,031-945-9145,40,40,,2022-03-23
27,백마작은도서관,경기도,파주시,사립작은도서관,"일, 월",12:00,21:00,10,6000,0,0,5,14,경기도 파주시 창곡동길 20 금촌 에버나인 아파트,백마작은도서관,,92.4,92.4,,2022-03-23
28,별방작은도서관,경기도,파주시,사립작은도서관,"토, 일",14:00,18:00,39,12063,0,0,0,0,"경기도 파주시 미래로 422, 한빛마을1단지",별방작은도서관,031-942-8105,85,85,https://byeolbang.egentouch.com/main.do?action=main,2022-03-23
29,별하람작은도서관,경기도,파주시,사립작은도서관,,,,60,4024,,,,,"경기도 파주시 가람로 109, 별하람마을3단지",별하람작은도서관,031-949-6056,143,143,https://byeolharam.egentouch.com/main.do?action=main,2022-03-23
30,봄싹작은도서관,경기도,파주시,사립작은도서관,일,11:00,18:00,16,11124,0,0,5,14,"경기도 파주시 송화로 13, 팜스프링아파트",봄싹작은도서관,031-948-8678,79,79,,2022-03-23
31,비전진작은도서관,경기도,파주시,사립작은도서관,일,13:00,19:00,25,4550,0,70,5,14,"경기도 파주시 교하로 910, 해오름스퀘어 502호",비전진작은도서관,031-947-9576,74,74,,2022-03-23
32,비젼평화작은도서관,경기도,파주시,사립작은도서관,일,9:00,18:00,20,17842,0,0,5,14,경기도 파주시 주락길 46,비젼평화작은도서관,031-952-4553,267,267,,2022-03-23
33,빛나요작은도서관,경기도,파주시,사립작은도서관,일,10:00,18:00,45,7450,1,5,5,14,"경기도 파주시 문산읍 독서울1길 39, 문산선유3단지",빛나요작은도서관,031-954-0063,120,120,https://shine.egentouch.com/main.do?action=main,2022-03-23
34,사랑마을작은도서관,경기도,파주시,사립작은도서관,,10:00,18:00,10,2000,0,0,5,14,"경기도 파주시 하우고개길 207, 예수사랑마을교회",사랑마을작은도서관,031-949-2002,40,40,,2022-03-23
35,산내숲작은도서관,경기도,파주시,사립작은도서관,"토, 일",13:00,18:00,6,6500,0,0,5,14,경기도 파주시 교하로 70,산내숲작은도서관,031-943-8267,202,202,,2022-03-23
36,샘터작은도서관,경기도,파주시,사립작은도서관,,13:00,22:00,42,11632,2,20,5,14,"경기도 파주시 한빛로 67, 한빛마을2단지",휴먼빌샘터작은도서관,070-4249-7302,138,138,,2022-03-23
37,선유전진작은도서관,경기도,파주시,사립작은도서관,"토,일",10:30,17:30,20,2614,0,0,5,14,경기도 파주시 문산읍 사임당로 133-1,선유전진작은도서관,,99,99,https://seonyu.egentouch.com/main.do?action=main,2022-03-23
38,세움작은도서관,경기도,파주시,사립작은도서관,,,,20,2000,,,,,경기도 파주시 번영로 58-20,세움작은도서관,031-949-7985,128.23,128.23,,2022-03-23
39,쇠재작은도서관,경기도,파주시,사립작은도서관,"토, 일",13:00,18:00,20,7865,0,16,5,14,"경기도 파주시 쇠재로 133, 쇠재마을5단지",쇠재작은도서관,031-943-4629,82,82,https://soejae.egentouch.com/main.do?action=main,2022-03-23
40,수자인작은도서관,경기도,파주시,사립작은도서관,"토, 일",15:00,17:00,40,3204,0,0,0,0,"경기도 파주시 가람로 70, 가람마을4단지",수자인작은도서관,031-945-8417,169,169,,2022-03-23
41,숲속작은도서관,경기도,파주시,사립작은도서관,,,,80,2055,,,,,"경기도 파주시 청암로 50, 산내마을7단지",숲속작은도서관,031-949-8071,286.24,286.24,,2022-03-23
42,쉴만한책숲작은도서관,경기도,파주시,사립작은도서관,일,13:00,18:00,18,1697,0,0,0,0,경기도 파주시 중앙로 276,쉴만한책숲작은도서관,031-948-3257,70,70,,2022-03-23
43,신촌작은도서관,경기도,파주시,사립작은도서관,"토, 일",10:00,18:00,30,1200,0,0,5,14,"경기도 파주시 신촌2로 38, 102호",신촌작은도서관,031-941-0096,66,66,,2022-03-23
44,안중근기념영혼작은도서관,경기도,파주시,사립작은도서관,,,,30,30000,,,,,경기도 파주시 탄현면 헤이리마을길 63-27,안중근기념영혼작은도서관,,216.25,216.25,,2022-03-23
45,양문작은도서관,경기도,파주시,사립작은도서관,"토, 일",13:00,19:00,50,10759,0,0,5,14,경기도 파주시 탄현면 사슴벌레로 43,양문작은도서관,031-949-1077,92,92,https://yangmun.egentouch.com/main.do?action=main,2022-03-23
46,어울림작은도서관,경기도,파주시,사립작은도서관,"토,일",10:30,17:30,31,3148,0,0,5,14,경기도 파주시 문산읍 통일로 1750,어울림작은도서관,031-940-6132,112.8,112.8,https://munsan.egentouch.com/main.do?action=main,2022-03-23
47,영혼의성작은도서관,경기도,파주시,사립작은도서관,"일,월,화,수,목,금",10:00,17:00,25,1000,0,0,5,14,경기도 파주시 월롱면 검바위길 186-12,영혼의성작은도서관,,89,89,,2022-03-23
48,예꿈작은도서관,경기도,파주시,사립작은도서관,일,10:00,17:00,20,1500,0,0,5,14,"경기도 파주시 평화로 324, 예온교회",예꿈작은도서관,070-4079-1503,80,80,,2022-03-23
49,예뜨락북카페작은도서관,경기도,파주시,사립작은도서관,"토, 일",10:30,17:30,40,4300,0,0,0,0,"경기도 파주시 문산읍 독산로 25, 예뜨락교회",예뜨락북카페작은도서관,031-954-8291,82,82,,2022-03-23
50,옹기종기작은도서관,경기도,파주시,사립작은도서관,일,14:00,18:00,60,4575,3,0,5,14,"경기도 파주시 금바위로 100, 가람마을3단지",옹기종기작은도서관,031-947-6160,47,47,,2022-03-23
51,우리동네작은도서관,경기도,파주시,사립작은도서관,"토, 일",10:00,18:00,25,1250,5,0,0,0,경기도 파주시 문산읍 봉미로 30,우리동네작은도서관,070-4405-0577,96,96,,2022-03-23
52,우리들작은도서관,경기도,파주시,사립작은도서관,"토, 일",14:00,18:00,15,8800,0,0,5,14,"경기도 파주시 동패로 100, 한울마을3단지",우리들의작은도서관,070-4142-2520,58,58,,2022-03-23
53,운정호수작은도서관,경기도,파주시,사립작은도서관,,10:00,18:00,50,1000,0,0,5,14,"경기도 파주시 가온로 205, 해솔마을 7단지",운정호수작은도서관,031-942-1342,221,221,,2022-03-23
54,월롱애향작은도서관,경기도,파주시,사립작은도서관,,10:00,18:00,14,27600,0,0,5,14,경기도 파주시 월롱면 도감로 89-47 월롱애향장학회,월롱애향작은도서관,,99,99,,2022-03-23
55,유승한내들작은도서관,경기도,파주시,사립작은도서관,"토, 일",14:30,18:30,40,5000,0,0,5,14,"경기도 파주시 평화로 348, 유승아파트",유승한내들작은도서관,031-947-8414,92,92,,2022-03-23
56,이음작은도서관,경기도,파주시,사립작은도서관,"토, 일",11:00,20:00,20,7500,0,0,5,14,경기도 파주시 와석순환로 16,이음작은도서관,070-4248-6730,69,69,,2022-03-23
57,작은도서관한빛꿈,경기도,파주시,사립작은도서관,"토, 일",10:00,18:00,55,10736,5,0,5,14,"경기도 파주시 와석순환로 15, 한빛마을8단지",작은도서관한빛꿈,070-8954-6013,126,126,http://cafe.daum.net/hanvitggum,2022-03-23
58,평화를품은집 평화도서관,경기도,파주시,사립작은도서관,월,10:00,18:00,80,5534,4,30,5,14,경기도 파주시 파평산로 389번길 42-19,평화를품은집 평화도서관,031-955-1625,185,185,https://nestofpeace.egentouch.com/main.do?action=main,2022-03-23
59,좋은이웃작은도서관,경기도,파주시,사립작은도서관,월,10:00,18:00,12,3500,0,0,5,14,경기도 파주시 송학길 7(신명교회),좋은이웃작은도서관,031-947-7712,33,33,,2022-03-23
60,채움작은도서관,경기도,파주시,사립작은도서관,"토, 일",10:00,17:00,53,9938,2,50,5,14,"경기도 파주시 해솔로 85, 해솔마을1단지",채움작은도서관,031-975-3981,120,120,https://chaeum.egentouch.com/main.do?action=main,2022-03-23
61,책놀이터작은도서관,경기도,파주시,사립작은도서관,,14:00,17:00,30,13000,0,0,0,0,"경기도 파주시 한빛로 20, 한빛마을4단지",책놀이터작은도서관,031-949-6703,85,85,,2022-03-23
62,책보고놀자작은도서관,경기도,파주시,사립작은도서관,"월, 화, 수, 목, 금",14:00,18:00,30,5397,0,0,0,0,"경기도 파주시 탄현면 새오리로 308-7, 온생명교회",책보고놀자작은도서관,031-942-9241,130,130,,2022-03-23
63,책사랑영어작은도서관,경기도,파주시,사립작은도서관,"토, 일, 월",14:00,18:00,30,6947,0,0,5,14,경기도 파주시 와동동 미래로 602번길 태운프라자 7층,책사랑영어작은도서관,031-945-9106,98,98,,2022-03-23
64,체인지업작은도서관,경기도,파주시,사립작은도서관,월,9:00,18:00,103,2717,0,0,5,14,"경기도 파주시 탄현면 얼음실로 40, 영어마을 시청동 2층 시설관리팀",체인지업작은도서관,031-956-2492,356,356,,2022-03-23
65,큰빛어린이문고,경기도,파주시,사립작은도서관,일,12:00,20:00,30,5000,2,0,5,14,경기도 파주시 돌단풍길 43,큰빛어린이문고,031-943-9619,96,96,,2022-03-23
66,푸른숲작은도서관,경기도,파주시,사립작은도서관,"토,일",13:30,17:30,74,5000,0,0,5,14,경기도 파주시 심학산로 385,푸른숲작은도서관,070-7814-1489,189,189,https://purunsoop.egentouch.com/main.do?action=main,2022-03-23
67,푸른작은도서관,경기도,파주시,사립작은도서관,"토, 일",9:00,17:00,30,4812,0,30,5,14,"경기도 파주시 탄현면 여치길 77, 효자그린빌",푸른작은도서관,031-944-5524,51,51,,2022-03-23
68,하나로작은도서관,경기도,파주시,사립작은도서관,"월, 화, 수, 목, 금",10:00,18:00,14,2500,0,0,5,14,"경기도 파주시 조리읍 대원로 9, 하나로중앙교회",하나로작은도서관,031-946-0308,67,67,,2022-03-23
69,하늘꿈작은도서관,경기도,파주시,사립작은도서관,"월, 화",15:00,18:00,10,5000,2,0,5,14,"경기도 파주시 하우고개길 302, 하늘노래교회",하늘꿈작은도서관,031-945-9099,33,33,,2022-03-23
70,하늘선작은도서관,경기도,파주시,사립작은도서관,"일, 월",10:00,18:00,20,13182,8,0,5,14,경기도 파주시 쇠재개울길 92-2,하늘선작은도서관,031-943-4058,93,93,,2022-03-23
71,한라비발디작은도서관,경기도,파주시,사립작은도서관,"토, 일",13:00,18:00,60,13268,1,393,5,14,"경기도 파주시 조리읍 능안로 37, 한라비발디아파트",한라비발디작은도서관,031-946-3707,330,330,,2022-03-23
72,한빛글마루작은도서관,경기도,파주시,사립작은도서관,"토, 일",14:00,17:00,30,2200,0,0,5,14,"경기도 파주시 와석순환로 61, 한빛마을7단지",한빛글마루작은도서관,070-8146-3721,170,170,,2022-03-23
73,한빛글향기작은도서관,경기도,파주시,사립작은도서관,,10:00,18:00,24,8000,0,0,5,14,"경기도 파주시 한빛로 74, 한빛마을 5단지",한빛글향기작은도서관,031-944-5208,160,160,,2022-03-23
74,한빛뜰작은도서관,경기도,파주시,사립작은도서관,"토,일",14:00,18:00,40,8900,0,0,5,14,"경기도 파주시 와석순환로 87, 한빛마을 6단지 관리사무소 2층",한빛뜰작은도서관,031-946-9382,95,95,https://hanbit.egentouch.com/main.do?action=main,2022-03-23
75,한울마을1단지작은도서관,경기도,파주시,사립작은도서관,,,,78,7000,,,,,경기도 파주시 심학산로 384,한울마을1단지작은도서관,031-947-7716,538.57,538.57,,2022-03-23
76,한울작은도서관,경기도,파주시,사립작은도서관,"토, 일",14:00,18:00,80,13613,0,0,5,14,"경기도 파주시 미래로 345, 한울마을 7단지",한울작은도서관,070-8873-7851,49,49,,2022-03-23
77,한톨작은도서관,경기도,파주시,사립작은도서관,일,13:00,18:00,40,13800,3,35,5,14,"경기도 파주시 가람로 22, 가람마을1단지",한톨작은도서관,070-8628-3982,203,203,https://hantol.egentouch.com/main.do?action=main,2022-03-23
78,행복한작은도서관,경기도,파주시,사립작은도서관,"토, 일",13:00,17:00,30,4229,0,10,5,14,"경기도 파주시 한울로 84, 한울마을5단지",행복한작은도서관,031-949-9112,115,115,,2022-03-23
79,혜윰작은도서관,경기도,파주시,사립작은도서관,,10:00,23:00,20,7000,2,0,0,0,"경기도 파주시 중앙로 207, 파주병원 3층",혜윰작은도서관,031-943-3936,117,117,,2022-03-23
80,휴튼작은도서관,경기도,파주시,사립작은도서관,"토, 일",14:00,17:00,34,2500,0,0,5,14,"경기도 파주시 미래로 562, 가람마을9단지",휴튼작은도서관,031-949-8749,75,75,,2022-03-23
81,힐스테이트운정작은도서관,경기도,파주시,사립작은도서관,일,14:00,18:00,32,7685,0,0,0,0,"경기도 파주시 교하로 100, 산내마을9단지",힐스테이트운정작은도서관,070-4290-5973,119.6,119.6,,2022-03-23
82,힐스테이트작은도서관,경기도,파주시,사립작은도서관,"토, 일",14:00,18:00,50,7833,0,0,5,14,"경기도 파주시 방촌로 1744, 힐스테이트아파트",힐스테이트작은도서관,031-953-3892,113,113,,2022-03-23
83,LH가람6작은도서관,경기도,파주시,사립작은도서관,,,,16,3518,,,,,"경기도 파주시 가람로 90, 가람마을6단지",LH가람6작은도서관,031-945-7223,154.9,154.9,,2022-03-23
84,LH꿈과희망작은도서관,경기도,파주시,사립작은도서관,,,,20,1745,,,,,"경기도 파주시 파주읍 파주리 816, 파주휴먼시아",LH꿈과희망작은도서관,031-954-1501,55.86,55.86,,2022-03-23
85,LH청년카페작은도서관,경기도,파주시,사립작은도서관,,,,30,1300,,,,,경기도 파주시 교하로 20,LH청년카페작은도서관,031-949-9611,185.81,185.81,,2022-03-23
86,LH행복길동무작은도서관,경기도,파주시,사립작은도서관,,,,35,2000,,,,,"경기도 파주시 문발로 430, LH1단지",LH행복길동무작은도서관,031-957-1145,128,128,,2022-03-23
