﻿,0,1,2,3,4,5,6
0,연번,유형,기관명,도로명주소,전화번호,위도,경도
1,1,공공기관,미추홀구평생학습관 ,"인천광역시 미추홀구 소성로 189, 3-4층",032-880-4124,37.44114028,126.6692225
2,2,주민자치센터,숭의1·3동 주민자치센터 ,인천광역시 미추홀구 석정로92번길 21-17 ,032-880-4600,37.46724062,126.6472275
3,3,주민자치센터,숭의2동 주민자치센터 ,인천광역시 미추홀구 경인로42번길 31 ,032-880-4605,37.46288692,126.6487577
4,4,주민자치센터,숭의4동 주민자치센터 ,인천광역시 미추홀구 경인로156번길 32 ,032-880-4615,37.46483916,126.6591374
5,5,주민자치센터,용현1·4동 주민자치센터 ,인천광역시 미추홀구 인주대로 198,032-880-4620,37.45480112,126.6585755
6,6,주민자치센터,용현2동 주민자치센터 ,인천광역시 미추홀구 용마루로 56 ,032-880-4625,37.451501,126.647225
7,7,주민자치센터,용현3동 주민자치센터 ,인천광역시 미추홀구 인주대로 133,032-880-4630,37.45674657,126.6519011
8,8,주민자치센터,용현5동 주민자치센터 ,인천광역시 미추홀구 토금북로 60,032-880-4640,37.45255004,126.6402604
9,9,주민자치센터,학익1동 주민자치센터 ,인천광역시 미추홀구 매소홀로 380,032-880-4646,37.43983771,126.6641176
10,10,주민자치센터,학익2동 주민자치센터 ,인천광역시 미추홀구 한나루로 444,032-880-4650,37.44658154,126.6674738
11,11,주민자치센터,도화1동 주민자치센터 ,인천광역시 미추홀구 경인로 295,032-880-4655,37.46090745,126.673829
12,12,주민자치센터,도화2·3동 주민자치센터 ,인천광역시 미추홀구 장고개로 29-1,032-880-4660,37.47092258,126.6661438
13,13,주민자치센터,주안1동 주민자치센터 ,인천광역시 미추홀구 주안서로53번길 22,032-880-4670,37.46379112,126.67658
14,14,주민자치센터,주안2동 주민자치센터 ,인천광역시 미추홀구 남주길43번길 14-29,032-880-4675,37.45469924,126.6727245
15,15,주민자치센터,주안3동 주민자치센터 ,인천광역시 미추홀구 주승로31번길 28-10,032-880-4680,37.44488455,126.6740315
16,16,주민자치센터,주안4동 주민자치센터 ,인천광역시 미추홀구 구월남로 5,032-880-4685,37.45512738,126.6903025
17,17,주민자치센터,주안5동 주민자치센터 ,인천광역시 미추홀구 석정로 462,032-880-4690,37.46592083,126.6870503
18,18,주민자치센터,주안6동 주민자치센터 ,인천광역시 미추홀구 경원대로864번길 59,032-880-4695,37.46127832,126.692311
19,19,주민자치센터,주안7동 주민자치센터 ,인천광역시 미추홀구 인하로 265 ,032-728-6441,37.44844518,126.6776513
20,20,주민자치센터,주안8동 주민자치센터 ,인천광역시 미추홀구 인주대로470번길 24,032-880-4705,37.44956626,126.6893094
21,21,주민자치센터,관교동 주민자치센터 ,인천광역시 미추홀구 인하로 452,032-880-4710,37.44417922,126.6968093
22,22,주민자치센터,문학동 주민자치센터 ,인천광역시 미추홀구 소성로339,032-880-4715,37.43768495,126.6850043
23,23,공공기관,미추홀구청-정보화교육 ,인천광역시 미추홀구 독정이로 95,032-880-4085,37.46347788,126.6500013
24,24,도서관 및 문화시설,관교도서관 ,인천광역시 미추홀구 인하로 452(관교동 13-1) 행정복지센터 3층,032-421-8630,37.44417922,126.6968093
25,25,도서관 및 문화시설,한우리도서관,인천광역시 미추홀구 주안서로 53번길 22 행정복지센터 3층,032-872-0814,37.463749,126.676624
26,26,도서관 및 문화시설,독정골도서관,인천광역시 미추홀구 인주대로 171번길 1,032-872-0043,37.45607181,126.6563052
27,27,도서관 및 문화시설,복사꽃도서관,인천광역시 미추홀구 경인로 295 행정복지센터 2층,032-865-8632,37.4608851,126.673822
28,28,도서관 및 문화시설,숭의도서관,인천광역시 미추홀구 참외전로 304,032-882-0182,37.46560063,126.6478077
29,29,도서관 및 문화시설,소금꽃도서관,인천광역시 미추홀구 석정로 462번길 7,032-872-0731,37.46566817,126.6872837
30,30,도서관 및 문화시설,이랑도서관,인천광역시 미추홀구 미추홀대로 578번길 7,032-427-2283,37.4492365,126.6803235
31,31,도서관 및 문화시설,석바위도서관,인천광역시 미추홀구 경원대로 864번지 59 행정복지센터 3층,032-422-0651,37.4612503,126.692335
32,32,도서관 및 문화시설,쑥골도서관,인천광역시 미추홀구 염전로 202번길 49,032-872-8630,37.47559651,126.6612863
33,33,도서관 및 문화시설,장사래도서관,인천광역시 미추홀구 경인로 34번길 20,032-886-5055,37.46303566,126.6472695
34,34,도서관 및 문화시설,제물포도서관,인천광역시 미추홀구 수봉로 22-1,032-887-8836,37.46412897,126.6560218
35,35,도서관 및 문화시설,용비도서관,인천광역시 미추홀구 토금남로 82,032-881-2416,37.44932119,126.6404994
36,36,도서관 및 문화시설,학나래도서관,인천광역시 미추홀구 한나루로 444 행정복지센터 2~3층,032-728-6820 ,37.4465324,126.667477
37,37,도서관 및 문화시설,큰나무도서관,인천광역시 미추홀구 문학길 9-9,032-429-7278,37.43826067,126.6813996
38,38,도서관 및 문화시설,반딧불이작은도서관,인천광역시 미추홀구 매소홀로171 신창APT 관리동1층,032-883-2386,37.4450987,126.642509
39,39,도서관 및 문화시설,밝은웃음 어린이도서관,인천광역시 미추홀구 매소홀로 446번길 50,032-876-2430,37.43777929,126.6715673
40,40,도서관 및 문화시설,하늘꿈도서관,인천광역시 미추홀구 송림로 235,032-762-6655,37.47528703,126.6592845
41,41,도서관 및 문화시설,청운꿈나무문고,인천광역시 미추홀구 석정로433번길8,032-876-7532,37.4668135126.683653,
42,42,도서관 및 문화시설,하늘작은도서관,인천광역시 미추홀구 토금중로 14,032-883-8409,37.4538081,126.6349946
43,43,도서관 및 문화시설,꿈드림 작은도서관,인천광역시 미추홀구 독정안길72번길15,070-4205-5922,37.46068511,126.6548061
44,44,도서관 및 문화시설,솔로몬문고작은도서관,인천광역시 미추홀구 주안동로 26번길 41 (주안동),032-434-1898,37.46047727,126.6881311
45,45,도서관 및 문화시설,상떼빌도서관,인천광역시 미추홀구 낙섬중로 104,032-887-9007,37.45652292,126.6414673
46,46,도서관 및 문화시설,대훈작은도서관,인천광역시 미추홀구 한나루로357번길 87-29,032-719-7034,37.43833583,126.6576857
47,47,도서관 및 문화시설,여행인문학도서관길위의꿈,"인천광역시 미추홀구 구월로 17, 1층",070-7863-3784,37.45798834,126.6923315
48,48,도서관 및 문화시설,꿈과희망이열리는작은도서관,인천광역시 미추홀구 경원대로 884 관리동 2층,032-424-3111,37.4611198,126.690663
49,49,도서관 및 문화시설,행복한책방작은도서관,인천광역시 미추홀구 토금중로 7,032-882-8087,37.45430968,126.6345827
50,50,도서관 및 문화시설,꿈땅작은도서관,인천광역시 미추홀구 장천로24번길8,032-891-9191,37.45905914,126.6474473
51,51,도서관 및 문화시설,글숲도서관,인천광역시 미추홀구 경원대로864번길62(은석교회),032-426-0078,37.46097088,126.6925473
52,52,도서관 및 문화시설,하늘나래작은도서관,인천광역시 미추홀구 용정공원로 33,070-8990-5918,37.45201495,126.6450629
53,53,도서관 및 문화시설,우림작은도서관,"인천광역시 미추홀구 독배로 443, 삼화복합빌딩 2층",032-888-3393,37.4588359,126.6481512
54,54,도서관 및 문화시설,좋은나무작은도서관,인천광역시 미추홀구 수봉안길 32,032-863-0692,37.46194706,126.6599649
55,55,도서관 및 문화시설,터작은도서관,인천광역시 미추홀구 경인로 268번길 54-22,032-000-0000,37.46138515,126.668479
56,56,도서관 및 문화시설,숲속작은도서관,"인천광역시 미추홀구 숙골로 93, 로데오프라자5층",032-872-5373,37.47033279,126.6627185
57,57,도서관 및 문화시설,주안작은도서관,인천광역시 미추홀구 한나루로 515,032-000-0000,37.45283195,126.6674814
58,58,기타시설,숭의목공예센터,인천광역시 미추홀구 참외전로 309-8 ,032-880-4589,37.46656708,126.6486051
59,59,문화시설,미추홀구학산문화원,인천광역시 미추홀구 인하로 126,032-866-3993,37.44950566,126.6618784
60,60,청소년시설,미추홀구청소년미디어센터,인천광역시 미추홀구 주안로 82,032-880-4899,37.46387063,126.6787096
61,61,청소년시설,미추홀구진로교육지원센터,인천광역시 미추홀구 주안로 82 4층,032-887-1011,37.4638448,126.678704
62,62,청소년시설,미추홀구청소년수련관,인천광역시 미추홀구 경인로 42번길 23,032-887-8270,37.46341972,126.6489503
63,63,청소년시설,미추홀구청소년상담복지센터,인천광역시 미추홀구 주안로 82 5층,032-862-8751,37.4638448,126.678704
64,64,기타시설,창작공방,인천광역시 미추홀구 참외전로 309-8,032-880-4589,37.46656708,126.6486051
65,65,대학부설 평생교육원 및 기타시설,미추홀구종합자원봉사센터,인천광역시 미추홀구 소성로 189 2층,032-880-4284,37.4410506,126.6694
66,66,기타시설,인천미추홀구다문화가족지원센터,인천광역시 미추홀구 소성로 189 5층,032-875-1577,37.4410506,126.6694
67,67,복지시설,인천광역시시각장애인복지관,인천광역시 미추홀구 한나루로 357번길,032-876-3500,,
68,68,복지시설,미추홀종합사회복지관,인천광역시 미추홀구 염창로 97,032-876-8181,37.46559847,126.6849558
69,69,복지시설,인천종합사회복지관,인천광역시 미추홀구 매소홀로 418번지 14-57,032-873-0541,,
70,70,복지시설,숭의종합사회복지관,인천광역시 미추홀구 독배로 485,032-888-6222,37.46064895,126.645004
71,71,복지시설,인천미추홀구장애인종합복지관,인천광역시 미추홀구 경원대로 714,032-426-1382,37.44625854,126.6903305
72,72,복지시설,인천미추홀구노인복지관,인천광역시 미추홀구 학익소로 37번길 17,032-861-3001,37.44507738,126.6711736
73,73,문화시설,인천미추홀구노인문화센터,인천광역시 미추홀구 인하로 77번길 38,032-862-3910,37.45273812,126.6579021
74,74,문화시설,주안노인문화센터,인천광역시 미추홀구 석정로 464,032-867-3312,37.46588606,126.6873266
75,75,도서관 및 문화시설,주안도서관,인천광역시 미추홀구 구월남로 27,032-450-9100,37.45550009,126.6928788
76,76,도서관 및 문화시설,수봉도서관,인천광역시 미추홀구 경인로 218,032-870-9100,37.46269548,126.6668446
77,77,복지시설,인천광역시여성복지관,인천광역시 미추홀구 경원대로 864번길 24,032-425-1372,37.45986255,126.6910609
78,78,문화시설,인천미추홀구여성인력개발센터,인천광역시 미추홀구 아암대로 109 청솔프라자,032-881-6060,37.4519777,126.632237
79,79,복지시설,푸른마을아동복지종합센터,인천광역시 미추홀구 매소홀로 446번길 50,032-876-2430,37.43777929,126.6715673
80,80,문화시설,인천예총국악회관,인천광역시 미추홀구 수봉안길 78,032-876-8364,37.46153324,126.6622628
81,81,문화시설,영화공간주안,인천광역시 미추홀구 미추홀대로 716 주안메인프라자 7층,032-427-6777,37.4612641,126.680602
82,82,문화시설,주안영상미디어센터,인천광역시 미추홀구 석바위로 68,032-872-2622,37.46085744,126.6806235
83,83,대학부설 평생교육원 및 기타시설,인하대학교 평생교육원,인천광역시 미추홀구 인하로 100 인하대학교 평생교육관 1층,032-860-8292,37.4499157,126.653448
84,84,대학부설 평생교육원 및 기타시설,인천대학교 평생교육원 제물포캠퍼스,인천광역시 미추홀구 석정로 165 대학교 성지관 1층,032-835-9561,37.4710212,126.654809
85,85,대학부설 평생교육원 및 기타시설,인하공업전문대학 평생교육원,인천광역시 미추홀구 인하로 100 8호관 203호,032-870-2022,37.4499157,126.653448
86,86,대학부설 평생교육원 및 기타시설,청운대학교 평생교육원,인천광역시 미추홀구 숙골로 113,032-770-8161,37.47176947,126.6607124
