﻿,0,1,2,3,4,5,6,7
0,도서관,동아리명,회원수,회원계층,모임주기,"동아리 목적, 주요활동",창립년도,기준일자
1,가람,하랑,17,일반,주1회,외국어동아리 활동을 통한 마을 공동체 활성화,2020,2022-03-24
2,가람,가람애서,9,일반,주1회,인문고전을 함께 읽는 낭독동아리,2019,2022-03-24
3,가람,파란,7,일반,주1회,전 영역에 걸친 책읽기와 독서토론,2011,2022-03-24
4,가람,오월에,10,일반,주1회,클래식기타 독주/합주 연습,2019,2022-03-24
5,가람,다독따독,25,일반,월2회,문학/인문학 도서 함께읽고 독서토론,2015,2022-03-24
6,솔빛,솔빛별빛,12,청소년,월1회,주제별 추천도서 및 정보 자료집 제작하기,2015,2022-03-24
7,물푸레,꿀책,7,일반,월2회,"성인을 위한 그림책 읽기 모임, 작가별 그림책 읽고 토론하기",2013,2022-03-24
8,교하,공감의 온도,10,일반,월2회(금),독서토론,2017,2022-03-24
9,교하,그림이 좋다(어반스케치),30,일반,주1회(금),크로키 연습 및 미술공부,2018,2022-03-24
10,교하,글멋(유영하는붓),6,일반,주1회(화),캘리그라피 동아리(캘리공부방),2019,2022-03-24
11,교하,빛나는별,6,일반,주1회(토),통기타동아리,2019,2022-03-24
12,교하,서클애,6,일반,주1회(화),"회복적 서클대화 문화확산, 이야기 나눔 동아리",2018,2022-03-24
13,교하,세르모,16,일반,월2회(화),고전문학 독서토론,2015,2022-03-24
14,교하,수상한 책마실,12,일반,주1회(수),인문학 교양서 토론동아리,2015,2022-03-24
15,교하,시월애,10,일반,주1회(목),"현대시 함께 읽기,시 창작 동아리",2014,2022-03-24
16,교하,애니노리,4,일반,주1회(수),애니메이션 교육프로그램 연구 및 제작,2011,2022-03-24
17,교하,연암읽기,6,일반,주1회(수),고전문학 독서토론 및 글쓰기,2018,2022-03-24
18,교하,일본을 읽다(고급),6,일반,주1회(화),일본문화읽기 및 일본어 학습,2014,2022-03-24
19,교하,일본을 읽다(중급),7,일반,주1회(수),일본문화읽기 및 일본어 학습,2014,2022-03-24
20,교하,책끌림,8,일반,월3회(목),그림책 함께 읽기,2014,2022-03-24
21,교하,책마중,6,일반,주1회(목),"토론 및 학습, 문집발간, 자원봉사활동, 시 창작",2010,2022-03-24
22,교하,책벗,12,일반,주1회(수),사회과학분야 독서 토론,2009,2022-03-24
23,교하,내책만세,8,일반,월2회(화),"독서, 일상글쓰기, 독립출판물 발행",2020,2022-03-24
24,해솔,책수다,9,일반,주1회,"시니어 독서낭독, 토론모임",2017,2022-03-24
25,해솔,하브루타,6,일반,월2회,책을 통해 이야기하는 하브루타 토론,2018,2022-03-24
26,해솔,해솔맘독서,10,일반,주1회,독서토론 및 독서놀이 진행,2014,2022-03-24
27,한빛,구르는바퀴,10,일반,월2회,인문학 독서토론,2013,2022-03-24
28,한빛,그림책 함께읽기,15,일반,주1회,독서토론 및 독서놀이 진행,2019,2022-03-24
29,한빛,독서모임 책타래,7,일반,월2회,어린이책 읽기 모임,2015,2022-03-24
30,한빛,목요일의 책,10,일반,월1회,인문학 독서토론,2019,2022-03-24
31,한빛,영그림 맘,10,일반,주1회,영어그림책 읽어주기 모임,2015,2022-03-24
32,한빛,팝업북 놀이터,6,일반,월2회,버려진 책을 활용한 리사이클링 북아트(팝업북),2017,2022-03-24
33,한울,글쓰는삶,5,일반,월2회,독서토론 및 글쓰기 모임,2019,2022-03-24
34,탄현,IB-Fika Time,6,일반,월2회,마을활동가들의 독서동아리,2020,2022-03-24
35,탄현,개구리공주님,6,일반,주1회,다양한 분야의 책읽기 및 토론,2017,2022-03-24
36,중앙,북그리미,11,일반,월2회,책 읽고 그림그리기,2017,2022-03-24
37,중앙,시민채록단,10,일반,월2회,파주에서 오랫동안 삶을 살아온 어르신과 변화하는 마을을 구술채록이라는 활동을 통해 파주를 기록,2017,2022-03-24
38,중앙,리베르,11,일반,주1회,문학작품을 선정하여 함께 읽기,2021,2022-03-24
39,중앙,책마중봉사단,9,일반,월1회,도움이 필요한 어린이의 집에 방문하여 독서교육하고 정서적 지원을 돕는 봉사 동아리,2017,2022-03-24
40,중앙,책에 빠진 사람들(북스타트),10,주부,월2회,독서토론 및 북스타트 연계활동(책놀이) 계획 및 진행,2017,2022-03-24
41,중앙,화사,8,일반,월2회,함께 책읽고 사진찍어 품평,2018,2022-03-24
42,중앙,파주를 물들이다,10,일반,월2회,수채화를 통해 마을을 기록하는 어반스케치 모임,2022,2022-03-24
43,행복어린이,읽고 그림,15,초등 저학년,월1회,"컬렉션 도서 읽기, 생각나누기, 토론, 그림과 글로 기록하는 그림책기록활동",2019,2022-03-24
44,행복어린이,해피리딩,13,유아~어린이,월1회,"영유아,어린이를 위해 효과적 책읽어주기 연구, 독후활동 제작(생각하는 리딩, 영단어퀴즈, 영어책 연계 활동품 만들기)",2018,2022-03-24
45,문산,드림하이맘,7,주부,주2회,칼라그림자 공연 및 독서토론,2014,2022-03-24
46,문산,사진과 시 그리고 삶,8,일반,주1회,마을잡지 만들기,2018,2022-03-24
47,문산,책읽는라온,12,주부,주1회,독서토론 및 독후활동,2014,2022-03-24
48,문산,하브루타,10,일반,월2회,하브루타 독서 토론,2018,2022-03-24
49,문산,이야기회,7,일반,주1회,"이야기 들려주기, 별밤이야기잔치 등",1998,2022-03-24
50,문산,노란풍선,3,일반,,"풍선아트, 방학강좌, 복지시설 순회 행사지원 등",2007,2022-03-24
51,문산,책가방,9,일반,,독서토론 및 독후활동,2012,2022-03-24
52,문산,과학양토,5,일반,,독서토론 및 독서지도,2014,2022-03-24
53,문산,경의선문학회,5,일반,,문학작품 중심의 독서토론,2021,2022-03-24
54,가람,가람애서,9,일반,주1회,인문고전을 함께 읽는 낭독동아리,2019,2022-03-24
55,가람,파란,7,일반,주1회,전 영역에 걸친 책읽기와 독서토론,2011,2022-03-24
56,가람,오월에,10,일반,주1회,클래식기타 독주/합주 연습,2019,2022-03-24
57,가람,다독따독,25,일반,월2회,문학/인문학 도서 함께읽고 독서토론,2015,2022-03-24
58,가람,가음공방,6,일반,주1회,개인연주기량 발전 & 친목,2022,2022-03-24
59,솔빛,솔빛별빛,3,청소년,월1회,주제별 추천도서 및 정보 자료집 제작하기,2015,2022-03-24
60,솔빛,모.작.실,7,일반,월1회,친환경 실천 및 관련 주제 책읽기,2021,2022-03-24
61,물푸레,꿀책,7,일반,월2회,"성인을 위한 그림책 읽기 모임, 작가별 그림책 읽고 토론하기",2013,2022-03-24
62,물푸레,푸레디엠,8,일반,월1회,고전을 함께 읽고 감상 나누기,2021,2022-03-24
