﻿,0,1,2,3,4,5,6,7,8
0,구분,과정명,교육대상,기수,교육기간(4주),총시간,계획인원,실적인원,비고
1,기본교육,신규자,신규임용(예정)자 7~9급,1기,2022-03-14-~2022-04-08,138,80,73,집합교육
2,기본교육,신규자,신규임용(예정)자 7~10급,2기,2022-04-25~2022-05-20,131,80,80,집합교육
3,기본교육,신규자,신규임용(예정)자 7~11급,3기,2022-06-13~2022-07-08,120,80,,
4,기본교육,신규자,신규임용(예정)자 7~12급,4기,2022-10-17~2022-11-11,125,80,,
5,기본교육,신규자,신규임용(예정)자 7~13급,5기,2022-11-21~2022-12-16,127,80,,
