﻿,0,1,2,3,4,5,6,7,8,9,10,11
0,연번,학교명,폐교년월일,소 재 지,토지대부면적(제곱미터),건물대부면적(제곱미터),대부용도,대부기간(시작),대부기간(종료),대부료(천원),대부받은 자,통합학교
1,1, 장전초금덕분교장,1992-03-01, 애월읍 유수암리 1387,"6,142",171.42,주민교류 및 아동을 위한 체험교실 및휴게음식점 운영 및 기념품 판매,2021-03-20,2022-12-31,무상,유수암상동 마을회장,장전초
2,2, 어도초어음분교장,1999-03-25, 애월읍 어음리 2922,"4,331",269.3,"카페 및 게스트하우스 운영,지역주민 프로그램 운영",2022-01-01,2023-12-31,무상,어음2리장,어도초
3,3, 명월초등학교,1993-03-01, 한림읍 명월리 1734 ,"15,993",837.3,"다목적회관, 백난아자료실,복합문화체험장 활용",2021-01-01,2022-12-31,무상,명월리장,한림초
4,4, 조수초등학교,1995-03-01, 한경면 조수리 315,"11,709","1,000.60","게스트하우스 및 생활문화체험전시관,지역주민 체력단련실 등",2022-01-01,2023-12-31,무상,조수1리장,신창초중
5,5, 고산초산양분교장,1995-03-01, 한경면 청수리 3338,"10,965","1,077.41",문화창작공간 조성 및 운영,2018-01-10,2022-12-31,무상,제주특별자치도지사,고산초
6,6, 판포초등학교,1996-03-01, 한경면 판포리 2846-1,"7,954",0, 지역주민을 위한 생활체육시설 이용,2021-12-01,2026-11-30,무상,한경면장,신창초중
7,7, 연평초등학교,2000-03-01, 우도면 연평리 1457,"12,984",0,지역주민 편의시설 및관광객 휴식공간,2019-01-01,2023-12-31,무상,우도면장,우도초중
8,8, 연평초등학교,2000-03-01, 우도면 연평리 1407,662,264.8,우도면 문화공간(북카페) 조성,2020-05-01,2025-04-30,617,우도면주민자치위원회,우도초중
9,9, 안덕초대평분교장,1996-03-01,안덕면 창천리 850,"12,221",799.14,"복합문화공간(여행자센터, 마을뮤지엄 등)",2021-07-01,2025-12-31,무상,대평리장,안덕초
10,10, 서광초동광분교장,2009-03-01,안덕면 동광리 976,"12,308",325.15,체험마을 운영 및 주민 편의공간,2021-07-01,2023-12-31,무상,동광리장,서광초
11,11, 보성초신평분교장,1992-03-01,대정읍 신평리 371-1,"9,640",356.1,생태체험학교 및 주민이용시설,2021-07-01,2023-12-31,무상,신평리장,보성초
12,12, 무릉초무릉동분교장,1994-03-01,대정읍 무릉리 581-1,"8,750",582.3,"마을 농산물 직거래 장터, 체험장,카페운영",2020-11-12,2023-12-31,무상,무릉2리장,무릉초중
13,13, 보성초구억분교장,1995-03-01,대정읍 구억리 889-1,"4,975",399.05,옹기전시·판매장 및 마을도서관 등 운영,2021-12-01,2023-12-31,무상,구억리장,보성초
14,14, 신도초등학교,1998-03-01,대정읍 신도리1382-1,"1,600",923.74, 공예(도자기 등) 및 다도체험교실,2021-01-01,2022-12-31,"2,924",김OO,무릉초중
15,15, 무릉중학교,1999-03-01,대정읍 무릉리 3296,"14,581","1,634.64",제주국제예술센터 문화예술학교 운영,2022-01-01,2022-12-31,"24,155",(사)제주국제예술센터),무릉초중
16,16, 풍천초신풍분교장,1996-03-01,성산읍 신풍리 500,"9,378",625.94,어멍아방잔치마을 통합교류센터,2022-01-01,2023-12-31,무상,신풍리장,풍천초
17,17, 신산초삼달분교장,1998-03-01,성산읍 삼달리 437-5,"8,628",946.85,김영갑갤러리두모악 미술관,2022-01-01,2023-12-31,"11,047",(사)김영갑갤러리두모악),신산초중
18,18, 가시초등학교,2001-03-01,표선면 가시리 1924,"13,647","1,086.81",포토갤러리자연사랑미술관 및 전통문화인성교육센터운영,2022-01-01,2022-12-31,"7,635",서OO,한마음초
19,19, 화산초등학교,2001-03-01,표선면 세화리 1811-1,"11,991","1,049.65",제주 전통문화 체험관,2021-01-01,2022-12-31,"8,475",강OO,한마음초
