﻿,0,1,2,3,4,5,6,7,8,9,10,11,12,13,14,15
0,교육과정,교육시작일,교육종료일,교육시간,교육인원,교육과정설명,대상,접수기간,전화번호,교육장소,도로명주소,지번주소,위도,경도,구군명,데이터기준일자
1,왕초보 컴퓨터 배우기,2022-05-02,2022-05-04,09:00~13:00,10,1주과정,강서구 주민,인터넷으로 접수,051-970-4301,강서구청 여성센터 정보화교육장,부산광역시 강서구 낙동북로 477(대저1동),부산광역시 강서구 대저1동 2300 강서구청,35.121299,128.980589,강서구,2022-04-26
2,왕초보 컴퓨터 배우기2,2022-05-02,2022-05-04,09:00~13:00,10,1주과정,강서구 주민,인터넷으로 접수,051-970-4301,강서구청 여성센터 정보화교육장,부산광역시 강서구 낙동북로 477(대저1동),부산광역시 강서구 대저1동 2300 강서구청,35.121299,128.980589,강서구,2022-04-26
3,스마트폰 완전정복,2022-05-02,2022-05-04,13:30~17:30,10,1주과정,강서구 주민,인터넷으로 접수,051-970-4301,강서구청 여성센터 정보화교육장,부산광역시 강서구 낙동북로 477(대저1동),부산광역시 강서구 대저1동 2300 강서구청,35.121299,128.980589,강서구,2022-04-26
4,스마트한 인터넷 검색,2022-05-02,2022-05-04,13:30~17:30,10,1주과정,강서구 주민,인터넷으로 접수,051-970-4301,강서구청 여성센터 정보화교육장,부산광역시 강서구 낙동북로 477(대저1동),부산광역시 강서구 대저1동 2300 강서구청,35.121299,128.980589,강서구,2022-04-26
5,내 손안의 비서,2022-05-09,2022-05-13,09:00~13:00,10,1주과정,강서구 주민,인터넷으로 접수,051-970-4301,강서구청 여성센터 정보화교육장,부산광역시 강서구 낙동북로 477(대저1동),부산광역시 강서구 대저1동 2300 강서구청,35.121299,128.980589,강서구,2022-04-26
6,내 손안의 비서- 앱 활용,2022-05-09,2022-05-13,09:00~13:00,10,1주과정,강서구 주민,인터넷으로 접수,051-970-4301,강서구청 여성센터 정보화교육장,부산광역시 강서구 낙동북로 477(대저1동),부산광역시 강서구 대저1동 2300 강서구청,35.121299,128.980589,강서구,2022-04-26
7,나도 문서 작성 전문가1,2022-05-16,2022-05-20,09:00~13:00,10,1주과정,강서구 주민,인터넷으로 접수,051-970-4301,강서구청 여성센터 정보화교육장,부산광역시 강서구 낙동북로 477(대저1동),부산광역시 강서구 대저1동 2300 강서구청,35.121299,128.980589,강서구,2022-04-26
8,나도 문서 작성 전문가2,2022-05-16,2022-05-20,09:00~13:00,10,1주과정,강서구 주민,인터넷으로 접수,051-970-4301,강서구청 여성센터 정보화교육장,부산광역시 강서구 낙동북로 477(대저1동),부산광역시 강서구 대저1동 2300 강서구청,35.121299,128.980589,강서구,2022-04-26
9,온라인 행정서비스,2022-05-16,2022-05-20,13:30~17:30,10,1주과정,강서구 주민,인터넷으로 접수,051-970-4301,강서구청 여성센터 정보화교육장,부산광역시 강서구 낙동북로 477(대저1동),부산광역시 강서구 대저1동 2300 강서구청,35.121299,128.980589,강서구,2022-04-26
10,정부24 민원활용 가이드,2022-05-16,2022-05-20,13:30~17:30,10,1주과정,강서구 주민,인터넷으로 접수,051-970-4301,강서구청 여성센터 정보화교육장,부산광역시 강서구 낙동북로 477(대저1동),부산광역시 강서구 대저1동 2300 강서구청,35.121299,128.980589,강서구,2022-04-26
11,미리캔버스를 이용한 카드뉴스,2022-05-23,2022-05-27,09:00~13:00,10,1주과정,강서구 주민,인터넷으로 접수,051-970-4301,강서구청 여성센터 정보화교육장,부산광역시 강서구 낙동북로 477(대저1동),부산광역시 강서구 대저1동 2300 강서구청,35.121299,128.980589,강서구,2022-04-26
12,미리캔버스를 이용한 명함만들기,2022-05-23,2022-05-27,09:00~13:00,10,1주과정,강서구 주민,인터넷으로 접수,051-970-4301,강서구청 여성센터 정보화교육장,부산광역시 강서구 낙동북로 477(대저1동),부산광역시 강서구 대저1동 2300 강서구청,35.121299,128.980589,강서구,2022-04-26
