﻿,0,1,2,3,4
0,구분,프로그램명,이용대상,수업일수_시간,이용료
1,정규과정,화~수/목~금,초6,2일(09:30~15:30),3만3천2백5십원(식비 7천원 별도)
2,일반과정,방학캠프,초2~중2,9일(09:10~20:00),570천원(자가통학)
3,일반과정,방학캠프,초3~중3,8박9일(09:00~19:30),800천원/월(합숙형)
4,일반과정,방학캠프,초3~중3,7박8일(09:00~19:30),700천원/월(합숙형)
5,일반과정,글로벌 부산 영 리더,초4~6,10개월,200천원/월
6,일반과정,당일체험,유치~중2,1일(10:00~15:30),32천원
7,일반과정,토요체험스쿨,유치~중2,1일(10:00~15:30),35.2천원
8,일반과정,특별주간,유치~중2,1일(10:00~17:00),어린이날-50천원
9,일반과정,특별주간,유치~중2,1일(15:00~20:00),할로윈-49천원
10,일반과정,국제 프로그램,초등~고등,9일(09:00~19:30),900천원(숙박형)
11,일반과정,방과 후 교실,초1~중2,"IEC(80분/일, 주3일)",240천원/월
12,일반과정,방과 후 교실,초1~중2,"프리미엄(4시간/일, 주5일)",750천원/월
13,일반과정,키즈체험,24개월~7세,3개월(주1회x40분),198천원/3개월
14,일반과정,키즈체험,5세~7세,3개월(주1회x40분),132~165천원/3개월(교재비별도)
15,일반과정,디베이트,초5~고2,주1회x180분,360천원/월
16,일반과정,영어읽기클리닉,초1~6,주1회(40분x4시간),33천원/회
17,일반과정,성인회화,성인,1개월(일6시간x주5회)-장기집중,"660천원/월,"
18,일반과정,성인회화,성인,1개월(주4시간30분)-일반회화,120~150천원/월
19,특별과정,저널리즘,초1~중3,80분x주1회,100천원/월
20,특별과정,아트앤사이언스,6세~10세,2개월(60분x주1회),110천원/월
21,특별과정,영어발레,18~48개월,3개월(40분x주1회),110천원/3개월
22,특별과정,영어발레,5세~7세,3개월(50분x주1회),110천원/3개월
23,특별과정,영어창의력교실,6세~초4,120분x주1회,110천원/월
24,특별과정,K-TESOL,영어관련경력단절자,8주,500천원/8주
25,특별과정,K-TESOL,영어관련경력단절자,8주,부산지역 대학교 관련학과 졸업예정자 대상 무료
