﻿,0,1,2,3,4,5,6,7,8,9,10,11,12,13,14,15,16,17,18
0,강좌명,강사명,교육시작일자,교육종료일자,교육시작시각,교육종료시각,강좌내용,교육대상구분,교육방법구분,운영요일,교육장소,강좌정원수,수강료,교육장도로명주소,운영기관명,운영기관전화번호,접수일,접수방법구분,홈페이지주소
1,한글2016,김미정,2022-02-07,2022-02-28,09:30,11:30,한글2016,고양시민,온라인,월~목,경기도 고양시 덕양구청 전산교육장,20,0,경기도 고양시 덕양구 화중로104번길 13,경기도 고양시 덕양구청,031-8075-5061,2022-01-20,인터넷,http://www.goyang.go.kr/dygu/index.do
2,스마트폰 및 인터넷 활용,이충식,2022-02-07,2022-02-28,13:00,15:00,스마트폰 및 인터넷 활용,고양시민,온라인,월~목,경기도 고양시 덕양구청 전산교육장,20,0,경기도 고양시 덕양구 화중로104번길 13,경기도 고양시 덕양구청,031-8075-5061,2022-01-20,인터넷,http://www.goyang.go.kr/dygu/index.do
3,컴퓨터 기초(윈도우 10),박은정,2022-02-07,2022-02-28,15:30,17:30,컴퓨터 기초(윈도우 10),고양시민,온라인,월~목,경기도 고양시 덕양구청 전산교육장,20,0,경기도 고양시 덕양구 화중로104번길 13,경기도 고양시 덕양구청,031-8075-5061,2022-01-20,인터넷,http://www.goyang.go.kr/dygu/index.do
4,[자격증]ITQ한글,김미정,2022-03-07,2022-03-31,09:30,11:30,[자격증]ITQ한글,고양시민,온라인,월~목,경기도 고양시 덕양구청 전산교육장,20,0,경기도 고양시 덕양구 화중로104번길 13,경기도 고양시 덕양구청,031-8075-5061,2022-02-17,인터넷,http://www.goyang.go.kr/dygu/index.do
5,엑셀2016,이충식,2022-03-07,2022-03-31,13:00,15:00,엑셀2016,고양시민,온라인,월~목,경기도 고양시 덕양구청 전산교육장,20,0,경기도 고양시 덕양구 화중로104번길 13,경기도 고양시 덕양구청,031-8075-5061,2022-02-17,인터넷,http://www.goyang.go.kr/dygu/index.do
6,포토스케이프 X,박은정,2022-03-07,2022-03-31,15:30,17:30,포토스케이프 X,고양시민,온라인,월~목,경기도 고양시 덕양구청 전산교육장,20,0,경기도 고양시 덕양구 화중로104번길 13,경기도 고양시 덕양구청,031-8075-5061,2022-02-17,인터넷,http://www.goyang.go.kr/dygu/index.do
7,나도 이제 유튜버,김미정,2022-04-04,2022-04-28,09:30,11:30,나도 이제 유튜버,고양시민,온라인,월~목,경기도 고양시 덕양구청 전산교육장,20,0,경기도 고양시 덕양구 화중로104번길 13,경기도 고양시 덕양구청,031-8075-5061,2022-03-17,인터넷,http://www.goyang.go.kr/dygu/index.do
8,[자격증]ITQ엑셀,이충식,2022-04-04,2022-04-28,13:00,15:00,[자격증]ITQ엑셀,고양시민,온라인,월~목,경기도 고양시 덕양구청 전산교육장,20,0,경기도 고양시 덕양구 화중로104번길 13,경기도 고양시 덕양구청,031-8075-5061,2022-03-17,인터넷,http://www.goyang.go.kr/dygu/index.do
9,MS-워드,박은정,2022-04-04,2022-04-28,15:30,17:30,MS-워드,고양시민,온라인,월~목,경기도 고양시 덕양구청 전산교육장,20,0,경기도 고양시 덕양구 화중로104번길 13,경기도 고양시 덕양구청,031-8075-5061,2022-03-17,인터넷,http://www.goyang.go.kr/dygu/index.do
10,스마트폰 기초 및 활용,김미정,2022-05-02,2022-05-26,09:30,11:30,스마트폰 기초 및 활용,고양시민,온라인,월~목,경기도 고양시 덕양구청 전산교육장,20,0,경기도 고양시 덕양구 화중로104번길 13,경기도 고양시 덕양구청,031-8075-5061,2022-04-21,인터넷,http://www.goyang.go.kr/dygu/index.do
11,[자격증]컴퓨터활용능력2급(8주과정),이충식,2022-05-02,2022-05-26,13:00,15:00,[자격증]컴퓨터활용능력2급,고양시민,온라인,월~목,경기도 고양시 덕양구청 전산교육장,20,0,경기도 고양시 덕양구 화중로104번길 13,경기도 고양시 덕양구청,031-8075-5061,2022-04-21,인터넷,http://www.goyang.go.kr/dygu/index.do
12,파워포인트 2016,박은정,2022-05-02,2022-05-26,15:30,17:30,파워포인트 2016,고양시민,온라인,월~목,경기도 고양시 덕양구청 전산교육장,20,0,경기도 고양시 덕양구 화중로104번길 13,경기도 고양시 덕양구청,031-8075-5061,2022-04-21,인터넷,http://www.goyang.go.kr/dygu/index.do
13,엑셀2016,김미정,2022-06-07,2022-06-30,09:30,11:30,엑셀2016,고양시민,온라인,월~목,경기도 고양시 덕양구청 전산교육장,20,0,경기도 고양시 덕양구 화중로104번길 13,경기도 고양시 덕양구청,031-8075-5061,2022-05-19,인터넷,http://www.goyang.go.kr/dygu/index.do
14,[자격증]컴퓨터활용능력2급(8주과정),이충식,2022-06-07,2022-06-30,13:00,15:00,[자격증]컴퓨터활용능력2급,고양시민,온라인,월~목,경기도 고양시 덕양구청 전산교육장,20,0,경기도 고양시 덕양구 화중로104번길 13,경기도 고양시 덕양구청,031-8075-5061,2022-05-19,인터넷,http://www.goyang.go.kr/dygu/index.do
15,[자격증]ITQ파워포인트,박은정,2022-06-07,2022-06-30,15:30,17:30,[자격증]ITQ파워포인트,고양시민,온라인,월~목,경기도 고양시 덕양구청 전산교육장,20,0,경기도 고양시 덕양구 화중로104번길 13,경기도 고양시 덕양구청,031-8075-5061,2022-05-19,인터넷,http://www.goyang.go.kr/dygu/index.do
16,픽슬러,김미정,2022-07-04,2022-07-28,09:30,11:30,픽슬러,고양시민,온라인,월~목,경기도 고양시 덕양구청 전산교육장,20,0,경기도 고양시 덕양구 화중로104번길 13,경기도 고양시 덕양구청,031-8075-5061,2022-06-23,인터넷,http://www.goyang.go.kr/dygu/index.do
17,SNS활용-인스타그램,이충식,2022-07-04,2022-07-28,13:00,15:00,SNS활용-인스타그램,고양시민,온라인,월~목,경기도 고양시 덕양구청 전산교육장,20,0,경기도 고양시 덕양구 화중로104번길 13,경기도 고양시 덕양구청,031-8075-5061,2022-06-23,인터넷,http://www.goyang.go.kr/dygu/index.do
18,나도 블로거,박은정,2022-07-04,2022-07-28,15:30,17:30,나도 블로거,고양시민,온라인,월~목,경기도 고양시 덕양구청 전산교육장,20,0,경기도 고양시 덕양구 화중로104번길 13,경기도 고양시 덕양구청,031-8075-5061,2022-06-23,인터넷,http://www.goyang.go.kr/dygu/index.do
19,포토샵 기초,김미정,2022-09-05,2022-09-29,09:30,11:30,포토샵 기초,고양시민,온라인,월~목,경기도 고양시 덕양구청 전산교육장,20,0,경기도 고양시 덕양구 화중로104번길 13,경기도 고양시 덕양구청,031-8075-5061,2022-08-18,인터넷,http://www.goyang.go.kr/dygu/index.do
20,파워포인트2016,이충식,2022-09-05,2022-09-29,13:00,15:00,파워포인트2016,고양시민,온라인,월~목,경기도 고양시 덕양구청 전산교육장,20,0,경기도 고양시 덕양구 화중로104번길 13,경기도 고양시 덕양구청,031-8075-5061,2022-08-18,인터넷,http://www.goyang.go.kr/dygu/index.do
21,스마트폰 기초 및 활용,박은정,2022-09-05,2022-09-29,15:30,17:30,스마트폰 기초 및 활용,고양시민,온라인,월~목,경기도 고양시 덕양구청 전산교육장,20,0,경기도 고양시 덕양구 화중로104번길 13,경기도 고양시 덕양구청,031-8075-5061,2022-08-18,인터넷,http://www.goyang.go.kr/dygu/index.do
22,[자격증]GTQ포토샵,김미정,2022-10-04,2022-10-27,09:30,11:30,[자격증]GTQ포토샵,고양시민,온라인,월~목,경기도 고양시 덕양구청 전산교육장,20,0,경기도 고양시 덕양구 화중로104번길 13,경기도 고양시 덕양구청,031-8075-5061,2022-09-22,인터넷,http://www.goyang.go.kr/dygu/index.do
23,컴퓨터 기초(윈도우 10),이충식,2022-10-04,2022-10-27,13:00,15:00,컴퓨터 기초(윈도우 10),고양시민,온라인,월~목,경기도 고양시 덕양구청 전산교육장,20,0,경기도 고양시 덕양구 화중로104번길 13,경기도 고양시 덕양구청,031-8075-5061,2022-09-22,인터넷,http://www.goyang.go.kr/dygu/index.do
24,포토스케이프 X,박은정,2022-10-04,2022-10-27,15:30,17:30,포토스케이프 X,고양시민,온라인,월~목,경기도 고양시 덕양구청 전산교육장,20,0,경기도 고양시 덕양구 화중로104번길 13,경기도 고양시 덕양구청,031-8075-5061,2022-09-22,인터넷,http://www.goyang.go.kr/dygu/index.do
25,다양한 컴퓨터 활용,김미정,2022-11-01,2022-11-24,09:30,11:30,다양한 컴퓨터 활용,고양시민,온라인,월~목,경기도 고양시 덕양구청 전산교육장,20,0,경기도 고양시 덕양구 화중로104번길 13,경기도 고양시 덕양구청,031-8075-5061,2022-10-20,인터넷,http://www.goyang.go.kr/dygu/index.do
26,포토샵 기초,이충식,2022-11-01,2022-11-24,13:00,15:00,포토샵 기초,고양시민,온라인,월~목,경기도 고양시 덕양구청 전산교육장,20,0,경기도 고양시 덕양구 화중로104번길 13,경기도 고양시 덕양구청,031-8075-5061,2022-10-20,인터넷,http://www.goyang.go.kr/dygu/index.do
27,엑셀2016,박은정,2022-11-01,2022-11-24,15:30,17:30,엑셀2016,고양시민,온라인,월~목,경기도 고양시 덕양구청 전산교육장,20,0,경기도 고양시 덕양구 화중로104번길 13,경기도 고양시 덕양구청,031-8075-5061,2022-10-20,인터넷,http://www.goyang.go.kr/dygu/index.do
28,포토샵(초급),신은경,2022-02-07,2022-03-03,09:30,11:30,"포토샵 기능 알기, 사진 편집 등 포토샵 기초 과정",고양시민,온라인,월~목,경기도 고양시 일산동구청 전산교육장,20,0,경기도 고양시 일산동구 중앙로 1256,경기도 고양시 일산동구청,031-8075-6061,2022-01-20,인터넷,http://www.goyang.go.kr/ilsegu/index.do
29,엑셀2016(초급),강영희,2022-02-07,2022-03-03,13:00,15:00,엑셀 프로그램을 이용한 다양한 형태의 문서 만들기 과정,고양시민,온라인,월~목,경기도 고양시 일산동구청 전산교육장,20,0,경기도 고양시 일산동구 중앙로 1256,경기도 고양시 일산동구청,031-8075-6061,2022-01-20,인터넷,http://www.goyang.go.kr/ilsegu/index.do
30,다양한 컴퓨터 활용,김용중,2022-02-07,2022-03-03,15:30,17:30,"인터넷, 사전 및 번역, 지도와 파일관리 등 프로그램 활용과정 교육",고양시민,온라인,월~목,경기도 고양시 일산동구청 전산교육장,20,0,경기도 고양시 일산동구 중앙로 1256,경기도 고양시 일산동구청,031-8075-6061,2022-01-20,인터넷,http://www.goyang.go.kr/ilsegu/index.do
31,포토샵(중급),신은경,2022-03-07,2022-03-31,09:30,11:30,GTQ 준비를 위한 기능 익히기,고양시민,온라인,월~목,경기도 고양시 일산동구청 전산교육장,20,0,경기도 고양시 일산동구 중앙로 1256,경기도 고양시 일산동구청,031-8075-6061,2022-02-17,인터넷,http://www.goyang.go.kr/ilsegu/index.do
32,엑셀2016(중급),강영희,2022-03-07,2022-03-31,13:00,15:00,ITQ엑셀 자격증 취득 문서 만들기에 용이한 문서 만들기 과정,고양시민,온라인,월~목,경기도 고양시 일산동구청 전산교육장,20,0,경기도 고양시 일산동구 중앙로 1256,경기도 고양시 일산동구청,031-8075-6061,2022-02-17,인터넷,http://www.goyang.go.kr/ilsegu/index.do
33,스마트폰 기초 및 활용,강영희,2022-03-07,2022-03-31,15:30,17:30,휴대폰의 다양한 설정과 앱활용 교육,고양시민,온라인,월~목,경기도 고양시 일산동구청 전산교육장,20,0,경기도 고양시 일산동구 중앙로 1256,경기도 고양시 일산동구청,031-8075-6061,2022-02-17,인터넷,http://www.goyang.go.kr/ilsegu/index.do
34,GTQ포토샵-자격증 대비반,신은경,2022-04-04,2022-04-28,09:30,11:30,GTQ 자격증 취득을 위한 교육과정,고양시민,온라인,월~목,경기도 고양시 일산동구청 전산교육장,20,0,경기도 고양시 일산동구 중앙로 1256,경기도 고양시 일산동구청,031-8075-6061,2022-03-24,인터넷,http://www.goyang.go.kr/ilsegu/index.do
35,한글 실무 활용,강영희,2022-04-04,2022-04-28,13:00,15:00,실무에 바로 활용할 수 있는 여러 가지 용도의 실무 프로젝트 문서 만들기,고양시민,온라인,월~목,경기도 고양시 일산동구청 전산교육장,20,0,경기도 고양시 일산동구 중앙로 1256,경기도 고양시 일산동구청,031-8075-6061,2022-03-24,인터넷,http://www.goyang.go.kr/ilsegu/index.do
36,이미지 편집 및 SNS 활용,강영희,2022-04-04,2022-04-28,15:30,17:30,간단한 영상편집 및 SNS 활용 교육,고양시민,온라인,월~목,경기도 고양시 일산동구청 전산교육장,20,0,경기도 고양시 일산동구 중앙로 1256,경기도 고양시 일산동구청,031-8075-6061,2022-03-24,인터넷,http://www.goyang.go.kr/ilsegu/index.do
37,윈도우10 & 메타버스,신은경,2022-05-02,2022-05-26,09:30,11:30,"윈도우10 기초 수업, 메타버스를 통한 ifland 사용 교육",고양시민,온라인,월~목,경기도 고양시 일산동구청 전산교육장,20,0,경기도 고양시 일산동구 중앙로 1256,경기도 고양시 일산동구청,031-8075-6061,2022-04-21,인터넷,http://www.goyang.go.kr/ilsegu/index.do
38,블로그 제작 및 활용,강영희,2022-05-02,2022-05-26,13:00,15:00,"다양한 형태의 글, 사진, 동영상, 위젯의 편집을 이용하여 블러그 제작 및 활용",고양시민,온라인,월~목,경기도 고양시 일산동구청 전산교육장,20,0,경기도 고양시 일산동구 중앙로 1256,경기도 고양시 일산동구청,031-8075-6061,2022-04-21,인터넷,http://www.goyang.go.kr/ilsegu/index.do
39,한글NEO(초급),미정,2022-05-02,2022-05-26,15:30,17:30,"문서 작성의 기본과 문단, 스타일, 블록 등 초급 문서작성에 필요한 기능 학습",고양시민,온라인,월~목,경기도 고양시 일산동구청 전산교육장,20,0,경기도 고양시 일산동구 중앙로 1256,경기도 고양시 일산동구청,031-8075-6061,2022-04-21,인터넷,http://www.goyang.go.kr/ilsegu/index.do
40,다양한 컴퓨터 활용,신은경,2022-06-07,2022-06-30,09:30,11:30,컴퓨터의 다양한 소프트웨어 활용 교육,고양시민,온라인,월~목,경기도 고양시 일산동구청 전산교육장,20,0,경기도 고양시 일산동구 중앙로 1256,경기도 고양시 일산동구청,031-8075-6061,2022-05-19,인터넷,http://www.goyang.go.kr/ilsegu/index.do
41,파워포인트2016(초급),강영희,2022-06-07,2022-06-30,13:00,15:00,"다양한 형태의 글, 사진, 동영상, 편집을 이용한 실무 교육",고양시민,온라인,월~목,경기도 고양시 일산동구청 전산교육장,20,0,경기도 고양시 일산동구 중앙로 1256,경기도 고양시 일산동구청,031-8075-6061,2022-05-19,인터넷,http://www.goyang.go.kr/ilsegu/index.do
42,한글NEO(중급),미정,2022-06-07,2022-06-30,15:30,17:30,가정 및 직장에서 바로 적용 가능한 실무 응용 방법 교육,고양시민,온라인,월~목,경기도 고양시 일산동구청 전산교육장,20,0,경기도 고양시 일산동구 중앙로 1256,경기도 고양시 일산동구청,031-8075-6061,2022-05-19,인터넷,http://www.goyang.go.kr/ilsegu/index.do
43,스마트폰 기초 및 활용,신은경,2022-07-04,2022-07-28,09:30,11:30,"자유로운 앱 설치, 제거 및 키오스크앱 활용 교육",고양시민,온라인,월~목,경기도 고양시 일산동구청 전산교육장,20,0,경기도 고양시 일산동구 중앙로 1256,경기도 고양시 일산동구청,031-8075-6061,2022-06-23,인터넷,http://www.goyang.go.kr/ilsegu/index.do
44,파워포인트2016(중급),강영희,2022-07-04,2022-07-28,13:00,15:00,실무 프리젠테이션 문서 만들기 교육,고양시민,온라인,월~목,경기도 고양시 일산동구청 전산교육장,20,0,경기도 고양시 일산동구 중앙로 1256,경기도 고양시 일산동구청,031-8075-6061,2022-06-23,인터넷,http://www.goyang.go.kr/ilsegu/index.do
45,ITQ한글-자격증 대비반,미정,2022-07-04,2022-07-28,15:30,17:30,기출 문제 학습과 모의고사 풀이를 통해 한글(ITQ) 자격증 취득하기 위한 과정,고양시민,온라인,월~목,경기도 고양시 일산동구청 전산교육장,20,0,경기도 고양시 일산동구 중앙로 1256,경기도 고양시 일산동구청,031-8075-6061,2022-06-23,인터넷,http://www.goyang.go.kr/ilsegu/index.do
46,이미지 편집 및 SNS 활용,신은경,2022-09-05,2022-09-29,09:30,11:30,포토스케이프X 프로그램 활용 교육,고양시민,온라인,월~목,경기도 고양시 일산동구청 전산교육장,20,0,경기도 고양시 일산동구 중앙로 1256,경기도 고양시 일산동구청,031-8075-6061,2022-08-25,인터넷,http://www.goyang.go.kr/ilsegu/index.do
47,ITQ파워포인트(자격증 대비반),강영희,2022-09-05,2022-09-29,13:00,15:00,포인트 ITQ 자격증 취득 과정,고양시민,온라인,월~목,경기도 고양시 일산동구청 전산교육장,20,0,경기도 고양시 일산동구 중앙로 1256,경기도 고양시 일산동구청,031-8075-6061,2022-08-25,인터넷,http://www.goyang.go.kr/ilsegu/index.do
48,엑셀2016(초급),미정,2022-09-05,2022-09-29,15:30,17:30,초급 기능 익히기 및 실무 활용을 위한 기본 학습,고양시민,온라인,월~목,경기도 고양시 일산동구청 전산교육장,20,0,경기도 고양시 일산동구 중앙로 1256,경기도 고양시 일산동구청,031-8075-6061,2022-08-25,인터넷,http://www.goyang.go.kr/ilsegu/index.do
49,3D그림판 및 핸드폰 영상편집,신은경,2022-10-04,2022-10-27,09:30,11:30,3D그림판 및 핸드폰 영상편집 교육,고양시민,온라인,월~목,경기도 고양시 일산동구청 전산교육장,20,0,경기도 고양시 일산동구 중앙로 1256,경기도 고양시 일산동구청,031-8075-6061,2022-09-22,인터넷,http://www.goyang.go.kr/ilsegu/index.do
50,스마트폰 기초 및 활용,강영희,2022-10-04,2022-10-27,13:00,15:00,휴대폰의 다양한 설정과 앱활용 교육,고양시민,온라인,월~목,경기도 고양시 일산동구청 전산교육장,20,0,경기도 고양시 일산동구 중앙로 1256,경기도 고양시 일산동구청,031-8075-6061,2022-09-22,인터넷,http://www.goyang.go.kr/ilsegu/index.do
51,엑셀2016(중급),미정,2022-10-04,2022-10-27,15:30,17:30,중급 기능 및 실무 활용을 위한 응용 방법의 학습,고양시민,온라인,월~목,경기도 고양시 일산동구청 전산교육장,20,0,경기도 고양시 일산동구 중앙로 1256,경기도 고양시 일산동구청,031-8075-6061,2022-09-22,인터넷,http://www.goyang.go.kr/ilsegu/index.do
52,윈도우 기초 & 메타버스,신은경,2022-11-01,2022-11-24,09:30,11:30,"윈도우10 기초 수업, 메타버스를 통한 ifland 사용 교육",고양시민,온라인,월~목,경기도 고양시 일산동구청 전산교육장,20,0,경기도 고양시 일산동구 중앙로 1256,경기도 고양시 일산동구청,031-8075-6061,2022-10-20,인터넷,http://www.goyang.go.kr/ilsegu/index.do
53,이미지 편집 및 SNS 활용,강영희,2022-11-01,2022-11-24,13:00,15:00,간단한 영상편집 및 SNS 활용 교육,고양시민,온라인,월~목,경기도 고양시 일산동구청 전산교육장,20,0,경기도 고양시 일산동구 중앙로 1256,경기도 고양시 일산동구청,031-8075-6061,2022-10-20,인터넷,http://www.goyang.go.kr/ilsegu/index.do
54,ITQ엑셀(자격증 대비반),미정,2022-11-01,2022-11-24,15:30,17:30,"기출문제 해설, 모의고사 풀이로 엑셀 ITQ 자격증 취득을 위한 강좌",고양시민,온라인,월~목,경기도 고양시 일산동구청 전산교육장,20,0,경기도 고양시 일산동구 중앙로 1256,경기도 고양시 일산동구청,031-8075-6061,2022-10-20,인터넷,http://www.goyang.go.kr/ilsegu/index.do
55,파워포인트 활용,신은경,2022-11-28,2022-12-22,09:30,11:30,프레젠테이션을 위한 파일 만들기 및 애니메이션 교육,고양시민,온라인,월~목,경기도 고양시 일산동구청 전산교육장,20,0,경기도 고양시 일산동구 중앙로 1256,경기도 고양시 일산동구청,031-8075-6061,2022-11-17,인터넷,http://www.goyang.go.kr/ilsegu/index.do
56,다양한 컴퓨터 활용,강영희,2022-11-28,2022-12-22,13:00,15:00,"인터넷, 사전 및 번역, 지도와 파일관리 등 프로그램 활용과정 교육",고양시민,온라인,월~목,경기도 고양시 일산동구청 전산교육장,20,0,경기도 고양시 일산동구 중앙로 1256,경기도 고양시 일산동구청,031-8075-6061,2022-11-17,인터넷,http://www.goyang.go.kr/ilsegu/index.do
57,MS 워드,미정,2022-11-28,2022-12-22,15:30,17:30,MS 워드의 핵심 기본 기능 익히기 과정,고양시민,온라인,월~목,경기도 고양시 일산동구청 전산교육장,20,0,경기도 고양시 일산동구 중앙로 1256,경기도 고양시 일산동구청,031-8075-6061,2022-11-17,인터넷,http://www.goyang.go.kr/ilsegu/index.do
58,블로그 제작 및 꾸미기,강영희,2022-02-03,2022-02-24,09:30,11:30,컴퓨터를 이용하여 블로그 제작 및 꾸미기,고양시민,온라인,월~목,경기도 고양시 일산서구청 전산교육장,20,0,경기도 고양시 일산서구 중앙로 1600,경기도 고양시 일산서구청,031-8075-7061,2022-01-20,인터넷,http://www.goyang.go.kr/ilswgu/index.do
59,윈도우10 및 메타버스,신은경,2022-02-03,2022-02-24,13:00,15:00,윈도우 10 및 메타버스 정의,고양시민,온라인,월~목,경기도 고양시 일산서구청 전산교육장,20,0,경기도 고양시 일산서구 중앙로 1600,경기도 고양시 일산서구청,031-8075-7061,2022-01-20,인터넷,http://www.goyang.go.kr/ilswgu/index.do
60,컴퓨터 활용능력 2급,허지은,2022-02-03,2022-02-24,15:30,17:30,컴퓨터 활용능력 2급 자격증 실기반,고양시민,온라인,월~목,경기도 고양시 일산서구청 전산교육장,20,0,경기도 고양시 일산서구 중앙로 1600,경기도 고양시 일산서구청,031-8075-7061,2022-01-20,인터넷,http://www.goyang.go.kr/ilswgu/index.do
61,윈도우10 및 인터넷 활용,강영희,2022-03-02,2022-03-24,09:30,11:30,윈도우 10 및 인터넷 사용방법,고양시민,온라인,월~목,경기도 고양시 일산서구청 전산교육장,20,0,경기도 고양시 일산서구 중앙로 1600,경기도 고양시 일산서구청,031-8075-7061,2022-02-18,인터넷,http://www.goyang.go.kr/ilswgu/index.do
62,3D그림판 및 핸드폰 영상편집,신은경,2022-03-02,2022-03-24,13:00,15:00,3D 그림판 및 핸드폰을 이용한 영상 편집,고양시민,온라인,월~목,경기도 고양시 일산서구청 전산교육장,20,0,경기도 고양시 일산서구 중앙로 1600,경기도 고양시 일산서구청,031-8075-7061,2022-02-18,인터넷,http://www.goyang.go.kr/ilswgu/index.do
63,ITQ(MS워드),허지은,2022-03-02,2022-03-24,15:30,17:30,"ITQ(MS워드) 자격증 대비(기출문제, 예상문제)",고양시민,온라인,월~목,경기도 고양시 일산서구청 전산교육장,20,0,경기도 고양시 일산서구 중앙로 1600,경기도 고양시 일산서구청,031-8075-7061,2022-02-18,인터넷,http://www.goyang.go.kr/ilswgu/index.do
64,엑셀 2016(초급),강영희,2022-04-04,2022-04-28,09:30,11:30,"화면 구성, 기본 사용방법(초급)",고양시민,온라인,월~목,경기도 고양시 일산서구청 전산교육장,20,0,경기도 고양시 일산서구 중앙로 1600,경기도 고양시 일산서구청,031-8075-7061,2022-03-18,인터넷,http://www.goyang.go.kr/ilswgu/index.do
65,3D그림판 및 영상편집,신은경,2022-04-04,2022-04-28,13:00,15:00,3D 그림판 및 영상 편집,고양시민,온라인,월~목,경기도 고양시 일산서구청 전산교육장,20,0,경기도 고양시 일산서구 중앙로 1600,경기도 고양시 일산서구청,031-8075-7061,2022-03-18,인터넷,http://www.goyang.go.kr/ilswgu/index.do
66,윈도우+구글+스마트폰,허지은,2022-04-04,2022-04-28,15:30,17:30,윈도우을 이용하여 구글과 스마트폰 사용방법,고양시민,온라인,월~목,경기도 고양시 일산서구청 전산교육장,20,0,경기도 고양시 일산서구 중앙로 1600,경기도 고양시 일산서구청,031-8075-7061,2022-03-18,인터넷,http://www.goyang.go.kr/ilswgu/index.do
67,엑셀 2016(중급),강영희,2022-05-02,2022-05-26,09:30,11:30,"화면 구성, 기본 사용방법(중급)",고양시민,온라인,월~목,경기도 고양시 일산서구청 전산교육장,20,0,경기도 고양시 일산서구 중앙로 1600,경기도 고양시 일산서구청,031-8075-7061,2022-04-20,인터넷,http://www.goyang.go.kr/ilswgu/index.do
68,포토샵(초급),신은경,2022-05-02,2022-05-26,13:00,15:00,"화면 구성, 기본 사용방법(초급)",고양시민,온라인,월~목,경기도 고양시 일산서구청 전산교육장,20,0,경기도 고양시 일산서구 중앙로 1600,경기도 고양시 일산서구청,031-8075-7061,2022-04-20,인터넷,http://www.goyang.go.kr/ilswgu/index.do
69,코딩 스크래치,허지은,2022-05-02,2022-05-26,15:30,17:30,코딩 스크래치 사용방법,고양시민,온라인,월~목,경기도 고양시 일산서구청 전산교육장,20,0,경기도 고양시 일산서구 중앙로 1600,경기도 고양시 일산서구청,031-8075-7061,2022-04-20,인터넷,http://www.goyang.go.kr/ilswgu/index.do
70,포토스케이프 및 영상편집,강영희,2022-06-02,2022-06-30,09:30,11:30,포토스케이프를 이용한 영상편집,고양시민,온라인,월~목,경기도 고양시 일산서구청 전산교육장,20,0,경기도 고양시 일산서구 중앙로 1600,경기도 고양시 일산서구청,031-8075-7061,2022-05-20,인터넷,http://www.goyang.go.kr/ilswgu/index.do
71,포토샵(중급),신은경,2022-06-02,2022-06-30,13:00,15:00,"화면 구성, 기본 사용방법(중급)",고양시민,온라인,월~목,경기도 고양시 일산서구청 전산교육장,20,0,경기도 고양시 일산서구 중앙로 1600,경기도 고양시 일산서구청,031-8075-7061,2022-05-20,인터넷,http://www.goyang.go.kr/ilswgu/index.do
72,실무데이터 분석(액셀),허지은,2022-06-02,2022-06-30,15:30,17:30,엑셀을 이용한 실무 데이터 사용방법,고양시민,온라인,월~목,경기도 고양시 일산서구청 전산교육장,20,0,경기도 고양시 일산서구 중앙로 1600,경기도 고양시 일산서구청,031-8075-7061,2022-05-20,인터넷,http://www.goyang.go.kr/ilswgu/index.do
73,미리캔버스 및 컴퓨터 활용,강영희,2022-07-04,2022-07-28,09:30,11:30,미리캔버스 기본 사용방법 및 컴퓨터 활용,고양시민,온라인,월~목,경기도 고양시 일산서구청 전산교육장,20,0,경기도 고양시 일산서구 중앙로 1600,경기도 고양시 일산서구청,031-8075-7061,2022-06-20,인터넷,http://www.goyang.go.kr/ilswgu/index.do
74,GTQ(포토샵),신은경,2022-07-04,2022-07-28,13:00,15:00,"GTQ(포토샵) 자격증 대비(기출문제, 예상문제)",고양시민,온라인,월~목,경기도 고양시 일산서구청 전산교육장,20,0,경기도 고양시 일산서구 중앙로 1600,경기도 고양시 일산서구청,031-8075-7061,2022-06-20,인터넷,http://www.goyang.go.kr/ilswgu/index.do
75,3D 모델링(팅커캐드),허지은,2022-07-04,2022-07-28,15:30,17:30,팅커캐드 기본 사용방법,고양시민,온라인,월~목,경기도 고양시 일산서구청 전산교육장,20,0,경기도 고양시 일산서구 중앙로 1600,경기도 고양시 일산서구청,031-8075-7061,2022-06-20,인터넷,http://www.goyang.go.kr/ilswgu/index.do
76,블로그 제작 및 활용,강영희,2022-09-01,2022-09-29,09:30,11:30,컴퓨터를 이용하여 블로그 제작 및 꾸미기,고양시민,온라인,월~목,경기도 고양시 일산서구청 전산교육장,20,0,경기도 고양시 일산서구 중앙로 1600,경기도 고양시 일산서구청,031-8075-7061,2022-08-19,인터넷,http://www.goyang.go.kr/ilswgu/index.do
77,메타버스(제페토),신은경,2022-09-01,2022-09-29,13:00,15:00,“제페토” 기본 사용방법,고양시민,온라인,월~목,경기도 고양시 일산서구청 전산교육장,20,0,경기도 고양시 일산서구 중앙로 1600,경기도 고양시 일산서구청,031-8075-7061,2022-08-19,인터넷,http://www.goyang.go.kr/ilswgu/index.do
78,블로그+사진 편집,허지은,2022-09-01,2022-09-29,15:30,17:30,블로그 및 사진 편집 사용방법,고양시민,온라인,월~목,경기도 고양시 일산서구청 전산교육장,20,0,경기도 고양시 일산서구 중앙로 1600,경기도 고양시 일산서구청,031-8075-7061,2022-08-19,인터넷,http://www.goyang.go.kr/ilswgu/index.do
79,포토샵,강영희,2022-10-04,2022-10-27,09:30,11:30,포토샵 기본 사용방법,고양시민,온라인,월~목,경기도 고양시 일산서구청 전산교육장,20,0,경기도 고양시 일산서구 중앙로 1600,경기도 고양시 일산서구청,031-8075-7061,2022-09-20,인터넷,http://www.goyang.go.kr/ilswgu/index.do
80,파워 포인트(초급),신은경,2022-10-04,2022-10-27,13:00,15:00,"화면 구성, 기본 사용방법(초급)",고양시민,온라인,월~목,경기도 고양시 일산서구청 전산교육장,20,0,경기도 고양시 일산서구 중앙로 1600,경기도 고양시 일산서구청,031-8075-7061,2022-09-20,인터넷,http://www.goyang.go.kr/ilswgu/index.do
81,유튜브+브이로그+동영상 편집,허지은,2022-10-04,2022-10-27,15:30,17:30,"유튜브, 브이로그 및 동영상 편집 사용방법",고양시민,온라인,월~목,경기도 고양시 일산서구청 전산교육장,20,0,경기도 고양시 일산서구 중앙로 1600,경기도 고양시 일산서구청,031-8075-7061,2022-09-20,인터넷,http://www.goyang.go.kr/ilswgu/index.do
82,스마트폰 및 SNS활용,강영희,2022-11-01,2022-11-24,09:30,11:30,스마트폰을 이용하여 SNS 사용방법,고양시민,온라인,월~목,경기도 고양시 일산서구청 전산교육장,20,0,경기도 고양시 일산서구 중앙로 1600,경기도 고양시 일산서구청,031-8075-7061,2022-10-20,인터넷,http://www.goyang.go.kr/ilswgu/index.do
83,파워 포인트(중급),신은경,2022-11-01,2022-11-24,13:00,15:00,"화면 구성, 기본 사용방법(중급)",고양시민,온라인,월~목,경기도 고양시 일산서구청 전산교육장,20,0,경기도 고양시 일산서구 중앙로 1600,경기도 고양시 일산서구청,031-8075-7061,2022-10-20,인터넷,http://www.goyang.go.kr/ilswgu/index.do
84,"사진편집(픽슬러,GIF)",허지은,2022-11-01,2022-11-24,15:30,17:30,"픽슬러,GIF 등을 이용한 사진 편집",고양시민,온라인,월~목,경기도 고양시 일산서구청 전산교육장,20,0,경기도 고양시 일산서구 중앙로 1600,경기도 고양시 일산서구청,031-8075-7061,2022-10-20,인터넷,http://www.goyang.go.kr/ilswgu/index.do
85,한글 NEO(생활문서 활용),강영희,2022-12-01,2022-12-22,09:30,11:30,한글을 이용한 생활문서 사용방법,고양시민,온라인,월~목,경기도 고양시 일산서구청 전산교육장,20,0,경기도 고양시 일산서구 중앙로 1600,경기도 고양시 일산서구청,031-8075-7061,2022-11-18,인터넷,http://www.goyang.go.kr/ilswgu/index.do
86,ITQ(파워 포인트),신은경,2022-12-01,2022-12-22,13:00,15:00,"ITQ(파워포인트) 자격증 대비(기출문제, 예상문제)",고양시민,온라인,월~목,경기도 고양시 일산서구청 전산교육장,20,0,경기도 고양시 일산서구 중앙로 1600,경기도 고양시 일산서구청,031-8075-7061,2022-11-18,인터넷,http://www.goyang.go.kr/ilswgu/index.do
87,포토샵,허지은,2022-12-01,2022-12-22,15:30,17:30,포토샵 기본 사용방법,고양시민,온라인,월~목,경기도 고양시 일산서구청 전산교육장,20,0,경기도 고양시 일산서구 중앙로 1600,경기도 고양시 일산서구청,031-8075-7061,2022-11-18,인터넷,http://www.goyang.go.kr/ilswgu/index.do
