﻿,0,1,2,3,4,5,6,7
0,월,행사명,일자(요일),시간,장소,내용,대상,주관
1,1,시(詩)를 잊은 그대에게,"2022-01-03 ~ 2022-01-29. 매주(월,화,수,목,금,토)",09:00~00:00,온라인,시(詩)를 잊은 그대에게,14세~99세 30명,마두도서관
2,1,Fun Fun 영어북아트,2022-01-05 ~ 2022-01-26. 매주(수),15:00~00:00,온라인강의(네이버웨일온),Fun Fun 영어북아트,8세~9세 15명,행신어린이
3,1,슬기로운 지구생활,2022-01-05 ~ 2022-01-26. 매주(수),10:30~12:00,온라인 줌(ZOOM),슬기로운 지구생활,초등학생(10세~13세) 15명,주엽어린이
4,1,나도 어린이 북큐레이터,2022-01-06 ~ 2022-01-27. 매주(목),10:00~00:00,비대면강의(네이버웨일온),나도 어린이 북큐레이터,10세~13세 15명,행신어린이
5,1,시로 여는 새해(3),2022-01-06 ~ 2022-01-27. 매주(목),19:00~00:00,아람누리도서관 예술자료실,시로 여는 새해(3),10세~100세 15명,아람누리도서관
6,1,시로 여는 새해 ,2022-01-06 ~ 2022-01-06. 매주(목),19:00~00:00,아람누리도서관 예술자료실,시로 여는 새해 ,10세~100세 20명,아람누리도서관
7,1,신나는 영어동화 속으로,2022-01-07 ~ 2022-01-28. 매주(금),16:00~00:00,온라인 강의(네이버 웨일온),신나는 영어동화 속으로,6세~7세 15명,행신어린이
8,1,이것저것 과학실험,2022-01-11 ~ 2022-02-15. 매주(화),13:00~00:00,온라인 네이버 웨일온,이것저것 과학실험,초등학생(10세~12세) 15명,대화도서관
9,1,그림책 벗,2022-01-12 ~ 2022-03-30. 매주(수),10:00~00:00,"온라인 비대면, 아람누리도서관 동아리방(대면) 병행 예정",그림책 벗,1세~100세 5명,아람누리도서관
10,1,온가족 보드게임 시즌2,2022-01-13 ~ 2022-01-26. 매주(목),09:00~00:00,주엽어린이도서관,온가족 보드게임 시즌2,초등학생(0세~13세) 10명,주엽어린이
11,1,시로 여는 새해(2),2022-01-13 ~ 2022-01-13. 매주(목),19:00~00:00,아람누리도서관 예술자료실(2층),시로 여는 새해(2),10세~100세 15명,아람누리도서관
12,1,고양고양이와 함께 하는 재밌는 애니메이션,"2022-01-18 ~ 2022-01-28. 매주(화,금)",15:00~00:00,온라인(ZOOM) 수업,고양고양이와 함께 하는 재밌는 애니메이션,초등학생(10세~13세) 20명,덕이도서관
13,1,지리학자의 문화강좌,"2022-01-18 ~ 2022-01-27. 매주(화,목)",24:00~00:00,온라인 줌,지리학자의 문화강좌,20세~99세 20명,행신도서관
14,1,생각이 쑥쑥! 즐거운 글쓰기 교실,2022-01-20 ~ 2022-02-10. 매주(목),10:00~00:00,온라인(ZOOM),생각이 쑥쑥! 즐거운 글쓰기 교실,10세~13세 12명,화정어린이
15,1,그림일기,2022-01-20 ~ 2022-04-07. 매주(목),10:00~00:00,아람누리도서관 동아리방,그림일기,49세~100세 10명,아람누리도서관
16,1,[일산] 말로의 작업실,2022-01-20 ~ 2022-01-20. 매주(목),14:00~00:00,일산도서관 3층,[일산] 말로의 작업실,20세~100세 10명,일산도서관
17,1,슬기로운 경제 교실,2022-01-20 ~ 2022-02-10. 매주(목),10:00~00:00,온라인(ZOOM),슬기로운 경제 교실,초등학생(11세~13세) 15명,한뫼도서관
18,1,왜 읽는가,2022-01-27 ~ 2022-01-27. 매주(목),19:00~00:00,온라인 네이버 웨일온,왜 읽는가,성인(19세~99세) 50명,대화도서관
19,1,시로 여는 새해(4),2022-01-27 ~ 2022-01-27. 매주(목),19:00~00:00,아람누리도서관 2층 예술자료실,시로 여는 새해(4),10세~100세 15명,아람누리도서관
20,1,눈아이,2022-01-28 ~ 2022-01-28. 매주(금),10:00~00:00,온라인 줌(zoom),눈아이,성인(19세~99세) 10명,대화도서관
21,2,놀자 날자 책놀이,2022-02-03 ~ 2022-02-24. 매주(목),10:00~00:00,온라인수업(네이버웨일온),놀자 날자 책놀이,9세~10세 15명,행신어린이
22,2,부모라면 하브루타,2022-02-03 ~ 2022-02-24. 매주(목),10:00~00:00,비대면 온라인(ZOOM),부모라면 하브루타,성인(20세~0세) 20명,풍동도서관
23,2,겨울이 좋아! 마음이 따뜻해지는 책 놀이터!,2022-02-03 ~ 2022-02-24. 매주(목),24:00~00:00,온라인 zoom,겨울이 좋아! 마음이 따뜻해지는 책 놀이터!,10세~11세 15명,가좌도서관
24,2,겨울방학 뭐하고 놀까? 신나는 그림책 놀이터!,2022-02-03 ~ 2022-02-24. 매주(목),10:00~00:00,온라인 zoom,겨울방학 뭐하고 놀까? 신나는 그림책 놀이터!,8세~9세 15명,가좌도서관
25,2,지구별 문화여행,2022-02-03 ~ 2022-02-24. 매주(목),14:00~00:00,온라인강의(Zoom),지구별 문화여행,9세~10세 15명,행신어린이
26,2,코딩으로 만드는 나만의 동화,2022-02-04 ~ 2022-02-25. 매주(금),16:00~00:00,온라인플랫폼(ZOOM),코딩으로 만드는 나만의 동화,초등학생(8세~10세) 12명,한뫼도서관
27,2,청소년을 위한 경제 처음공부,2022-02-06 ~ 2022-02-13. 매주(일),15:00~00:00,온라인 ZOOM,청소년을 위한 경제 처음공부,청소년(14세~19세) 20명,대화도서관
28,2,별꿈 스케치북(선착순 마감되었습니다.),2022-02-08 ~ 2022-03-31. 매주(),24:00~00:00,별꿈도서관 자료실,별꿈 스케치북(선착순 마감되었습니다.),6세~13세 30명,별꿈도서관
29,2,페이퍼토이 공작소,"2022-02-08 ~ 2022-02-11. 매주(화,수,목,금)",10:30~12:00,온라인(Zoom),페이퍼토이 공작소,초등학생(11세~13세) 15명,주엽어린이
30,2,그림 그리는 식물학자의 식물이야기,2022-02-08 ~ 2022-02-22. 매주(화),14:00~15:30,온라인 줌(ZOOM),그림 그리는 식물학자의 식물이야기,성인(18세~99세) 50명,화정도서관
31,2,온가족 보드게임 시즌2(2차),2022-02-08 ~ 2022-02-21. 매주(화),09:00~00:00,주엽어린이도서관,온가족 보드게임 시즌2(2차),초등학생(0세~13세) 10명,주엽어린이
32,2,우리는 고양시민입니다,2022-02-09 ~ 2022-02-09. 매주(수),15:00~00:00,온라인 줌(zoom),우리는 고양시민입니다,19세~99세 40명,대화도서관
33,2,우리마을 유튜브 스타(우유스)- 마감 및 참가자 등록,"2022-02-09 ~ 2022-03-23. 매주(수,금)",14:00~00:00,마두도서관,우리마을 유튜브 스타(우유스)- 마감 및 참가자 등록,50세~65세 12명,마두도서관
34,2,우리마을 유튜브스타 추가모집 (5명),"2022-02-09 ~ 2022-03-23. 매주(수,금)",14:00~00:00,마두도서관,우리마을 유튜브스타 추가모집 (5명),50세~65세 5명,마두도서관
35,2,[오프라인]3D프린터 장비교육,2022-02-12 ~ 2022-02-12. 매주(토),10:00~00:00,메이커스페이스,[오프라인]3D프린터 장비교육,18세~100세 10명,대화도서관
36,2,[복사][오프라인]3D프린터 장비교육,2022-02-12 ~ 2022-02-12. 매주(토),10:00~00:00,메이커스페이스,[복사][오프라인]3D프린터 장비교육,18세~100세 10명,대화도서관
37,2,[오프라인]메이커 체험,2022-02-12 ~ 2022-02-12. 매주(토),13:00~00:00,메이커스페이스,[오프라인]메이커 체험,11세~16세 10명,대화도서관
38,2,[오프라인3D펜 체험,2022-02-12 ~ 2022-02-12. 매주(토),13:00~00:00,메이커스페이스,[오프라인3D펜 체험,8세~13세 10명,대화도서관
39,2,어린이를 위한 건축학개론,"2022-02-15 ~ 2022-02-24. 매주(화,목)",23:00~00:00,온라인 줌,어린이를 위한 건축학개론,초등학생(9세~13세) 15명,행신도서관
40,2,[오프라인]UV평판프린터 장비교육,2022-02-19 ~ 2022-02-19. 매주(토),10:00~00:00,메이커스페이스,[오프라인]UV평판프린터 장비교육,18세~100세 10명,대화도서관
41,2,[오프라인]메이커 체험,2022-02-19 ~ 2022-02-19. 매주(토),13:00~00:00,메이커스페이스,[오프라인]메이커 체험,11세~16세 8명,대화도서관
42,2,[오프라인]3D프린터 체험,2022-02-19 ~ 2022-02-19. 매주(토),13:00~00:00,메이커스페이스,[오프라인]3D프린터 체험,8세~13세 10명,대화도서관
43,2,[일산]산도살롱_3차,2022-02-22 ~ 2022-02-22. 매주(화),14:00~00:00,일산도서관 3층 나눔터2,[일산]산도살롱_3차,20세~100세 15명,일산도서관
44,2,샌프란시스코 도서관 산책,2022-02-22 ~ 2022-02-22. 매주(화),19:00~00:00,아람누리도서관 2층 예술자료실,샌프란시스코 도서관 산책,시민(0세~99세),아람누리도서관
45,2,인문학을 권함 <한국의 능력주의>,2022-02-23 ~ 2022-02-23. 매주(수),19:30~21:00,온라인 줌(ZOOM),인문학을 권함 <한국의 능력주의>,성인(18세~99세) 30명,화정도서관
46,2,음악이 멈춘 순간 진짜 음악이 시작된다,2022-02-24 ~ 2022-02-24. 매주(목),19:00~00:00,온라인 네이버 웨일온,음악이 멈춘 순간 진짜 음악이 시작된다,성인(19세~99세) 50명,대화도서관
47,2,밝은 밤,2022-02-25 ~ 2022-02-25. 매주(금),10:00~00:00,온라인 줌(zoom),밝은 밤,성인(19세~99세) 10명,대화도서관
48,2,"청소년 독서동아리 ""독서이탈자"" 회원 모집",2022-02-26 ~ 2022-11-26. 매주(토),10:00~11:30,별꿈도서관 자료실 또는 온라인,"청소년 독서동아리 ""독서이탈자"" 회원 모집",청소년(14세~15세) 8명,별꿈도서관
49,2,[오프라인]메이커 체험,2022-02-26 ~ 2022-02-26. 매주(토),13:00~00:00,메이커스페이스,[오프라인]메이커 체험,11세~100세 10명,대화도서관
50,2,[오프라인]레이저커터 장비교육,2022-02-26 ~ 2022-02-26. 매주(토),10:00~00:00,메이커스페이스,[오프라인]레이저커터 장비교육,18세~100세 10명,대화도서관
51,3,나도 어린이 북큐레이터,2022-03-01 ~ 2022-11-30. 매일,10:00~00:00,행신어린이도서관 3층 사무실,나도 어린이 북큐레이터,초등학생(8세~11세),행신어린이
52,3,힐링 스케치,2022-03-03 ~ 2022-03-24. 매주(목),10:00~00:00,온라인(ZOOM),힐링 스케치,성인(20세~99세) 40명,한뫼도서관
53,3,"프리즘인문학 어린이 지구환경수업 - '왜요, 기후가 어떤데요'",2022-03-08 ~ 2022-03-08. 매주(화),19:30~21:30,온라인(ZOOM),"프리즘인문학 어린이 지구환경수업 - '왜요, 기후가 어떤데요'",초등학생(12세~13세) 30명,삼송도서관
54,3,어린이독서클럽 청출어람 ,2022-03-10 ~ 2022-04-28. 매주(목),15:00~00:00,온라인 줌,어린이독서클럽 청출어람 ,초등학생(12세~13세) 10명,식사도서관
55,3,[일산]지구를 살리는 도서관 프로젝트 시민참여단 모집,2022-03-10 ~ 2022-12-31. 매일,09:00~09:00,일산도서관,[일산]지구를 살리는 도서관 프로젝트 시민참여단 모집,성인(20세~99세) 10명,일산도서관
56,3,[일산]토지읽자 온라인 독서동아리 회원 추가 모집,2022-03-11 ~ 2022-12-30. 매주(금),10:00~12:00,온라인,[일산]토지읽자 온라인 독서동아리 회원 추가 모집,성인(20세~99세) 5명,일산도서관
57,3,화정도서관 꽃 특성화 동아리 모집,2022-03-11 ~ 2022-11-11. 매주(금),10:00~12:00,화정도서관 나눔터,화정도서관 꽃 특성화 동아리 모집,성인(20세~99세) 10명,화정도서관
58,3,[오프라인]비트브릭 로봇 메이커 체험,2022-03-12 ~ 2022-03-12. 매주(토),13:00~15:00,대화도서관 메이커스페이스,[오프라인]비트브릭 로봇 메이커 체험,청소년(11세~16세) 10명,대화도서관
59,3,[복사][오프라인]3D프린터 장비기초교육,2022-03-12 ~ 2022-03-12. 매주(토),10:00~12:00,대화도서관 메이커스페이스,[복사][오프라인]3D프린터 장비기초교육,성인(18세~99세) 10명,대화도서관
60,3,[오프라인]터틀봇 카드코딩,2022-03-12 ~ 2022-03-12. 매주(토),13:00~15:00,대화도서관 메이커스페이스,[오프라인]터틀봇 카드코딩,초등학생(8세~13세) 10명,대화도서관
61,3,[오프라인]3D프린터 장비교육,2022-03-12 ~ 2022-03-12. 매주(토),10:00~12:00,대화도서관 메이커스페이스,[오프라인]3D프린터 장비교육,성인(18세~99세) 10명,대화도서관
62,3,메타버스 시대를 준비하는 인문경제,"2022-03-15 ~ 2022-03-24. 매주(화,목)",10:00~12:00,온라인 줌,메타버스 시대를 준비하는 인문경제,성인(20세~99세) 30명,행신도서관
63,3,[온라인]코딩으로 동화 만들기,2022-03-15 ~ 2022-04-05. 매주(화),19:00~21:00,대화도서관 메이커스페이스,[온라인]코딩으로 동화 만들기,초등학생(8세~13세) 15명,대화도서관
64,3,I LOVE ENGLISH,2022-03-15 ~ 2022-03-29. 매주(화),16:00~00:00,온라인(ZOOM),I LOVE ENGLISH,초등학생(9세~10세) 12명,화정어린이
65,3,북덕북덕 ON톡,2022-03-15 ~ 2022-06-07. 매주(화),10:00~00:00,온라인(ZOOM),북덕북덕 ON톡,성인(20세~99세) 15명,덕이도서관
66,3,내.돈.내.관 :야간 경제학교,"2022-03-15 ~ 2022-03-24. 매주(화,목)",19:30~21:00,온라인(Zoom),내.돈.내.관 :야간 경제학교,성인(20세~99세) 30명,풍동도서관
67,3,굿모닝 지덕체 31,2022-03-15 ~ 2022-04-15. 매일,00:00~00:00,삼송도서관(카카오톡 오픈채팅),굿모닝 지덕체 31,성인(14세~99세) 20명,삼송도서관
68,3,[온라인]메타버스 프로젝트,2022-03-15 ~ 2022-04-05. 매주(화),19:00~21:00,대화도서관 메이커스페이스,[온라인]메타버스 프로젝트,청소년(12세~16세) 15명,대화도서관
69,3,[복사][오프라인]도전! 1인 크리에이터(평일반) - 기초,2022-03-16 ~ 2022-04-06. 매주(수),16:00~18:00,대화도서관 메이커스페이스,[복사][오프라인]도전! 1인 크리에이터(평일반) - 기초,청소년(11세~16세) 10명,대화도서관
70,3,[오프라인]도전! 1인 크리에이터(평일반) - 기초,2022-03-16 ~ 2022-04-06. 매주(수),16:00~18:00,대화도서관 메이커스페이스,[오프라인]도전! 1인 크리에이터(평일반) - 기초,청소년(11세~16세) 10명,대화도서관
71,3,[온라인]나만의 책 만들기,2022-03-16 ~ 2022-04-06. 매주(수),19:00~21:00,대화도서관 메이커스페이스,[온라인]나만의 책 만들기,초등학생(8세~13세) 15명,대화도서관
72,3,[온라인]텍스트코딩 파이썬 기초,2022-03-16 ~ 2022-04-06. 매주(수),19:00~21:00,대화도서관 메이커스페이스,[온라인]텍스트코딩 파이썬 기초,청소년(12세~16세) 15명,대화도서관
73,3,[온라인]3D모델링 기초,2022-03-16 ~ 2022-04-20. 매주(수),19:00~21:00,대화도서관 메이커스페이스,[온라인]3D모델링 기초,성인(18세~99세) 15명,대화도서관
74,3,[온라인]다시 만나는 스크래치 코딩,2022-03-17 ~ 2022-04-07. 매주(목),19:00~21:00,대화도서관 메이커스페이스,[온라인]다시 만나는 스크래치 코딩,초등학생(8세~13세) 15명,대화도서관
75,3,[복사][온라인]3D모델링-내가사장이라면 무엇을 만들까?,2022-03-17 ~ 2022-04-07. 매주(목),19:00~21:00,대화도서관 메이커스페이스,[복사][온라인]3D모델링-내가사장이라면 무엇을 만들까?,청소년(11세~16세) 15명,대화도서관
76,3,[온라인]3D모델링-내가사장이라면 무엇을 만들까?,2022-03-17 ~ 2022-04-07. 매주(목),19:00~21:00,대화도서관 메이커스페이스,[온라인]3D모델링-내가사장이라면 무엇을 만들까?,청소년(11세~16세) 15명,대화도서관
77,3,이탈리아 르네상스를 빛낸 천재 화가들,2022-03-17 ~ 2022-03-31. 매주(목),19:00~21:00,아람누리도서관 예술자료실,이탈리아 르네상스를 빛낸 천재 화가들,성인(14세~99세) 15명,아람누리도서관
78,3,프리즘인문학 어린이 지구환경수업 - '이지유의 기후 사이언스',2022-03-17 ~ 2022-03-17. 매주(목),19:30~21:30,온라인(ZOOM),프리즘인문학 어린이 지구환경수업 - '이지유의 기후 사이언스',초등학생(12세~13세) 30명,삼송도서관
79,3,성인 독서동아리 ,2022-03-17 ~ 2022-12-15. 매주(목),19:00~20:30,별꿈도서관 자료실,성인 독서동아리 ,성인(20세~99세) 8명,별꿈도서관
80,3,[온라인]파이썬 기초 프로그래밍,2022-03-17 ~ 2022-04-21. 매주(목),19:00~21:00,대화도서관 메이커스페이스,[온라인]파이썬 기초 프로그래밍,성인(18세~99세) 15명,대화도서관
81,3,엄마의 책다방,2022-03-18 ~ 2022-11-18. 매주(금),10:30~12:00,온라인 수업(Zoom),엄마의 책다방,성인(20세~0세) 15명,행신어린이
82,3,[온라인]웹툰 작가 도전하기-기초반,2022-03-18 ~ 2022-04-08. 매주(금),19:00~21:00,대화도서관 메이커스페이스,[온라인]웹툰 작가 도전하기-기초반,청소년(11세~16세) 15명,대화도서관
83,3,[온라인]엔트리 게임 코딩,2022-03-18 ~ 2022-04-08. 매주(금),19:00~21:00,대화도서관 메이커스페이스,[온라인]엔트리 게임 코딩,청소년(10세~16세) 15명,대화도서관
84,3,[복사][오프라인]도전! 1인 크리에이터(주말반) - 기초,2022-03-19 ~ 2022-04-09. 매주(토),10:00~12:00,대화도서관 메이커스페이스,[복사][오프라인]도전! 1인 크리에이터(주말반) - 기초,청소년(11세~16세) 10명,대화도서관
85,3,[오프라인]사진 촬영 기초 실습 교육,2022-03-19 ~ 2022-02-19. 매주(토),13:00~17:00,대화도서관 메이커스페이스,[오프라인]사진 촬영 기초 실습 교육,성인(18세~99세) 10명,대화도서관
86,3,[오프라인]UV평판프린터 장비교육,2022-03-19 ~ 2022-03-19. 매주(토),10:00~12:00,대화도서관 메이커스페이스,[오프라인]UV평판프린터 장비교육,성인(18세~99세) 10명,대화도서관
87,3,[복사][오프라인]도전! 1인 크리에이터(주말반) - 기초,2022-03-19 ~ 2022-04-09. 매주(토),10:00~12:00,대화도서관 메이커스페이스,[복사][오프라인]도전! 1인 크리에이터(주말반) - 기초,청소년(11세~16세) 10명,대화도서관
88,3,[오프라인]도전! 1인 크리에이터(주말반) - 기초,2022-03-19 ~ 2022-04-09. 매주(토),10:00~12:00,대화도서관 메이커스페이스,[오프라인]도전! 1인 크리에이터(주말반) - 기초,청소년(11세~16세) 10명,대화도서관
89,3,[오프라인]UV평판프린터 장비기초교육,2022-03-19 ~ 2022-03-19. 매주(토),10:00~12:00,대화도서관 메이커스페이스,[오프라인]UV평판프린터 장비기초교육,성인(18세~99세) 10명,대화도서관
90,3,2022 온라인 필사클럽<나를 채우는 문장들>,"2022-03-21 ~ 2022-04-08. 매주(월,화,수,목,금)",09:00~09:00,온라인Zoom 및 네이버밴드,2022 온라인 필사클럽<나를 채우는 문장들>,시민(14세~99세) 25명,도서관센터
91,3,"<책 잇는 강의> 시인 백석 탄생 110주년, 하얀 마음 백석",2022-03-21 ~ 2022-04-11. 매주(월),19:30~21:00,ZOOM강의실,"<책 잇는 강의> 시인 백석 탄생 110주년, 하얀 마음 백석",시민(18세~99세) 40명,백석도서관
92,3,애니메이션으로 만나는 다른 나라 <겨울왕국1>,2022-03-23 ~ 2022-03-23. 매주(수),15:00~16:30,온라인 줌(zoom),애니메이션으로 만나는 다른 나라 <겨울왕국1>,초등학생(10세~11세) 15명,대화도서관
93,3,인문학을 권함 <누구나 꽃이 피었습니다> (끌어올림),2022-03-23 ~ 2022-03-30. 매주(수),10:00~11:30,온라인 줌(ZOOM),인문학을 권함 <누구나 꽃이 피었습니다> (끌어올림),성인(18세~99세) 20명,화정도서관
94,3,인문학을 권함 <누구나 꽃이 피었습니다>,2022-03-23 ~ 2022-03-30. 매주(수),10:00~11:30,온라인 줌(ZOOM),인문학을 권함 <누구나 꽃이 피었습니다>,성인(18세~99세) 30명,화정도서관
95,3,[일산] 2022년 산도도서관학교,2022-03-24 ~ 2022-04-14. 매주(목),10:00~12:00,일산도서관 나눔터2,[일산] 2022년 산도도서관학교,성인(20세~99세) 15명,일산도서관
96,3,그림책과 동화로 보는 아동심리,2022-03-24 ~ 2022-04-14. 매주(목),10:30~12:00,온라인(ZOOM),그림책과 동화로 보는 아동심리,성인(20세~99세) 30명,주엽어린이
97,3,프리즘인문학 성인 지구환경수업 - '탄소 사회의 종말',2022-03-24 ~ 2022-03-24. 매주(목),19:30~21:30,온라인(ZOOM),프리즘인문학 성인 지구환경수업 - '탄소 사회의 종말',성인(14세~99세) 50명,삼송도서관
98,3,[일산] 2022년 산도도서관학교,2022-03-24 ~ 2022-04-14. 매주(목),10:00~12:00,일산도서관 나눔터2,[일산] 2022년 산도도서관학교,성인(20세~99세) 15명,일산도서관
99,3,헤이트,2022-03-25 ~ 2022-03-25. 매주(금),10:00~12:00,온라인 줌(zoom),헤이트,성인(19세~99세) 10명,대화도서관
100,3,[복사]헤이트,2022-03-25 ~ 2022-03-25. 매주(금),10:00~12:00,온라인 줌(zoom),[복사]헤이트,성인(19세~99세) 10명,대화도서관
101,3,[오프라인]테마별로 만드는 DIY,2022-03-26 ~ 2022-03-26. 매주(토),13:00~15:00,대화도서관 메이커스페이스,[오프라인]테마별로 만드는 DIY,시민(11세~99세) 10명,대화도서관
102,3,[오프라인]레이저커터 장비교육,2022-03-26 ~ 2022-03-26. 매주(토),10:00~12:00,대화도서관 메이커스페이스,[오프라인]레이저커터 장비교육,성인(18세~99세) 10명,대화도서관
103,3,메멘토 모리 『애도의 문장들』 김이경 작가와의 만남,2022-03-29 ~ 2022-03-29. 매주(화),19:00~21:00,아람누리도서관 2층 예술자료실,메멘토 모리 『애도의 문장들』 김이경 작가와의 만남,시민(18세~99세) 15명,아람누리도서관
104,3,[일산]시민공론장 산도살롱 4차,2022-03-29 ~ 2022-03-29. 매주(화),19:30~21:30,일산도서관 3층,[일산]시민공론장 산도살롱 4차,성인(20세~39세) 15명,일산도서관
105,3,애니메이션으로 만나는 다른 나라 <코코>,2022-03-30 ~ 2022-03-30. 매주(수),15:00~16:30,온라인 줌(zoom),애니메이션으로 만나는 다른 나라 <코코>,초등학생(12세~13세) 15명,대화도서관
106,3,우리의 태도가 과학적일 때,2022-03-31 ~ 2022-03-31. 매주(목),19:30~21:00,온라인 줌(zoom),우리의 태도가 과학적일 때,성인(19세~99세) 50명,대화도서관
107,3,프리즘인문학 성인 지구환경수업 - '2도가 오르기 전에',2022-03-31 ~ 2022-03-31. 매주(목),19:30~21:30,온라인(ZOOM),프리즘인문학 성인 지구환경수업 - '2도가 오르기 전에',성인(14세~99세) 50명,삼송도서관
108,4,"4월 독서문화 프로그램(주제 : 친구, 우정) : 4/1 (금)",2022-04-01 ~ 2022-04-01. 매주(금),10:00~13:00,책놀터 차량 안 (신청기관 방문),"4월 독서문화 프로그램(주제 : 친구, 우정) : 4/1 (금)",시민(5세~99세) 1명,대화도서관
109,4,[온라인]3D프린터 자격증대비,2022-04-01 ~ 2022-05-06. 매주(금),19:00~21:00,대화도서관 메이커스페이스,[온라인]3D프린터 자격증대비,성인(18세~99세) 15명,대화도서관
110,4,[오프라인]영상 편집 기초 교육 프리미어 프로,2022-04-02 ~ 2022-04-30. 매주(토),13:00~15:00,대화도서관 메이커스페이스,[오프라인]영상 편집 기초 교육 프리미어 프로,성인(18세~99세) 10명,대화도서관
111,4,[오프라인]3D모델링-우리 동네 꾸미기,2022-04-02 ~ 2022-04-23. 매주(토),10:00~12:00,대화도서관 메이커스페이스,[오프라인]3D모델링-우리 동네 꾸미기,청소년(11세~16세) 10명,대화도서관
112,4,[4개 도서관과 4개 출판사가 4월 동안 진행하는 '사사사삭 책읽기',2022-04-04 ~ 2022-04-30. 매일,09:00~18:00,"일산도서관 1층 및 모당공원 작은도서관, 예다움 작은도서관, 동양아파트작은도서관",[4개 도서관과 4개 출판사가 4월 동안 진행하는 '사사사삭 책읽기',시민(0세~99세),일산도서관
113,4,그림책이 건네는 말,2022-04-05 ~ 2022-04-26. 매주(화),10:30~12:00,온라인(ZOOM),그림책이 건네는 말,시민(0세~99세) 50명,한뫼도서관
114,4,날마다 독서챌린지 <셰익스피어 작품 읽기방> (2주에 한 권 읽기 프로젝트),2022-04-05 ~ 2022-04-18. 매일,08:00~22:00,카카오톡 오픈 채팅방 (셰익스피어 작품읽기방),날마다 독서챌린지 <셰익스피어 작품 읽기방> (2주에 한 권 읽기 프로젝트),시민(14세~99세) 30명,도서관센터
115,4,날마다 독서챌린지 <세르반테스 작품 읽기방> (2주에 한 권 읽기 프로젝트),2022-04-05 ~ 2022-04-18. 매일,08:00~22:00,카카오톡 오픈 채팅방 (세르반테스 작품 읽기방),날마다 독서챌린지 <세르반테스 작품 읽기방> (2주에 한 권 읽기 프로젝트),시민(14세~99세) 30명,도서관센터
116,4,날마다 독서챌린지 <자율도서 읽기방> (2주에 한 권 읽기 프로젝트),2022-04-05 ~ 2022-04-18. 매일,08:00~22:00,카카오톡 오픈 채팅방 (자율도서 읽기방),날마다 독서챌린지 <자율도서 읽기방> (2주에 한 권 읽기 프로젝트),시민(14세~99세) 30명,도서관센터
117,4,어린이 독서클럽 <오늘부터 북클럽 시즌1>,2022-04-05 ~ 2022-05-24. 매주(화),16:00~17:30,온라인(ZOOM),어린이 독서클럽 <오늘부터 북클럽 시즌1>,초등학생(12세~13세) 15명,주엽어린이
118,4,"내 안의 나를 만나는 시간, 아티스트웨이",2022-04-05 ~ 2022-05-10. 매주(화),10:00~12:00,온라인 줌,"내 안의 나를 만나는 시간, 아티스트웨이",성인(20세~99세) 15명,행신도서관
119,4,[독서클럽] 생각이 쑥쑥! 이야기가 솔솔!,2022-04-05 ~ 2022-04-26. 매주(화),15:30~09:00,ZOOM,[독서클럽] 생각이 쑥쑥! 이야기가 솔솔!,초등학생(10세~11세) 15명,가좌도서관
120,4,[3~4학년] 「생각이 쑥쑥! 이야기가 솔솔!」어린이독서클럽,2022-04-05 ~ 2022-05-24. 매주(화),15:30~17:00,온라인 ZOOM,[3~4학년] 「생각이 쑥쑥! 이야기가 솔솔!」어린이독서클럽,초등학생(10세~11세) 15명,가좌도서관
121,4,"4월 독서문화 프로그램(주제 : 친구, 우정) : 4/6 (수)",2022-04-06 ~ 2022-04-06. 매주(수),10:00~13:00,책놀터 차량 안 (신청기관 방문),"4월 독서문화 프로그램(주제 : 친구, 우정) : 4/6 (수)",시민(5세~99세) 1명,대화도서관
122,4,2022 어린이 독서클럽 시즌1 :나와 세상의 연결고리,2022-04-06 ~ 2022-05-25. 매주(수),15:00~16:30,비대면 온라인(Zoom),2022 어린이 독서클럽 시즌1 :나와 세상의 연결고리,초등학생(10세~11세) 15명,풍동도서관
123,4,그림책 벗,2022-04-06 ~ 2022-06-29. 매주(수),10:00~12:00,"아람누리도서관 동아리실(대면), 온라인 비대면 병행",그림책 벗,성인(19세~99세) 5명,아람누리도서관
124,4,[일산] 마을생태 인문학 '나무에게 배우는 삶',2022-04-06 ~ 2022-07-20. 매주(수),10:00~12:00,일산도서관 3층 및 일산도서관 주변,[일산] 마을생태 인문학 '나무에게 배우는 삶',성인(20세~99세) 8명,일산도서관
125,4,"「이소영 작가의 방」 도슨트 + 작가와의 만남  : <여기, 지금 함께>  ",2022-04-06 ~ 2022-04-06. 매주(수),15:00~16:30,"꼼지락꼼지락 그림책 갤러리(1.5층), 어울림터(2.5층)","「이소영 작가의 방」 도슨트 + 작가와의 만남  : <여기, 지금 함께>  ",초등학생(8세~10세) 15명,주엽어린이
126,4,김민식 PD의 영어 독학 필살기,2022-04-07 ~ 2022-04-07. 매주(목),19:00~21:00,아람누리도서관 2층 예술자료실,김민식 PD의 영어 독학 필살기,시민(14세~99세) 20명,아람누리도서관
127,4,[4~6학년] 뚝딱뚝딱 나만의 감정 이모티콘 만들기,2022-04-07 ~ 2022-04-28. 매주(목),15:30~17:00,온라인 ZOOM,[4~6학년] 뚝딱뚝딱 나만의 감정 이모티콘 만들기,초등학생(11세~13세) 15명,가좌도서관
128,4,진로를앞둔 자녀를위한 부모마음 코칭 ,2022-04-07 ~ 2022-04-28. 매주(목),10:00~12:00,온라인 줌(비대면),진로를앞둔 자녀를위한 부모마음 코칭 ,성인(18세~99세) 30명,식사도서관
129,4,[4~6학년] 뚝딱뚝딱 나만의 감정 이모티콘 만들기,2022-04-07 ~ 2022-04-28. 매주(목),15:30~17:00,온라인ZOOM,[4~6학년] 뚝딱뚝딱 나만의 감정 이모티콘 만들기,초등학생(11세~13세) 15명,가좌도서관
130,4,"[4월] 똑똑, 책나라로 출발!(1~3학년)",2022-04-07 ~ 2022-04-28. 매주(목),16:00~17:00,ZOOM강의실,"[4월] 똑똑, 책나라로 출발!(1~3학년)",초등학생(8세~10세) 10명,백석도서관
131,4,"4월 독서문화 프로그램(주제 : 친구, 우정) : 4/7 (목)",2022-04-07 ~ 2022-04-07. 매주(목),10:00~13:00,책놀터 차량 안 (신청기관 방문),"4월 독서문화 프로그램(주제 : 친구, 우정) : 4/7 (목)",시민(5세~99세) 1명,대화도서관
132,4,"4월 독서문화 프로그램(주제 : 친구, 우정) : 4/8 (금)",2022-04-08 ~ 2022-04-08. 매주(금),10:00~13:00,책놀터 차량 안 (신청기관 방문),"4월 독서문화 프로그램(주제 : 친구, 우정) : 4/8 (금)",시민(5세~99세) 1명,대화도서관
133,4,[4월] 똑똑한 책나라(4~6학년),2022-04-08 ~ 2022-04-29. 매주(금),16:00~17:00,ZOOM강의실,[4월] 똑똑한 책나라(4~6학년),초등학생(11세~13세) 10명,백석도서관
134,4,[일산] 시니어를 위한 '크게 읽고 깊이 익고',2022-04-08 ~ 2022-06-10. 매주(금),10:00~12:00,일산도서관 3층 나눔터,[일산] 시니어를 위한 '크게 읽고 깊이 익고',성인(60세~99세) 8명,일산도서관
135,4,[일산] 날마다 드로잉하는 삶 '걍 그려볼까?',2022-04-08 ~ 2022-06-10. 매주(금),14:00~16:00,일산도서관 3층 나눔터/zoom 병행,[일산] 날마다 드로잉하는 삶 '걍 그려볼까?',성인(20세~99세) 5명,일산도서관
136,4,[오프라인]시제품 제작 1:1 멘토링 ,2022-04-09 ~ 2022-04-09. 매주(토),10:00~12:00,대화도서관 메이커스페이스,[오프라인]시제품 제작 1:1 멘토링 ,성인(18세~99세) 1명,대화도서관
137,4,[오프라인]시제품 제작 1:1 멘토링,2022-04-09 ~ 2022-04-09. 매주(토),13:00~15:00,대화도서관 메이커스페이스,[오프라인]시제품 제작 1:1 멘토링,성인(18세~99세) 1명,대화도서관
138,4,모집-어린이 북튜버 캠프 2기 (모집인원 10명),2022-04-09 ~ 2022-06-25. 매주(토),10:00~12:00,마두도서관 강의실&미디어창작실,모집-어린이 북튜버 캠프 2기 (모집인원 10명),초등학생(11세~12세) 30명,마두도서관
139,4,랜선 수학 스토리텔링,2022-04-09 ~ 2022-04-30. 매주(토),10:00~11:30,온라인(ZOOM),랜선 수학 스토리텔링,초등학생(10세~11세) 12명,화정어린이
140,4,"「이소영 작가의 방」 도슨트 + 작가와의 만남  : <괜찮아, 나의 두꺼비야>  ",2022-04-09 ~ 2022-04-09. 매주(토),15:00~16:30,"꼼지락꼼지락 그림책 갤러리, 어울림터","「이소영 작가의 방」 도슨트 + 작가와의 만남  : <괜찮아, 나의 두꺼비야>  ",초등학생(8세~10세) 15명,주엽어린이
141,4,[오프라인]시제품 제작1:1 멘토링,2022-04-09 ~ 2022-04-09. 매주(토),13:00~15:00,대화도서관 메이커스페이스,[오프라인]시제품 제작1:1 멘토링,성인(18세~99세) 1명,대화도서관
142,4,"인문학을 권함: 역사편 <고고학자의 테라 인코그니타, 미지의 역사>",2022-04-11 ~ 2022-04-25. 매주(월),19:30~21:00,온라인 줌(ZOOM),"인문학을 권함: 역사편 <고고학자의 테라 인코그니타, 미지의 역사>",성인(18세~99세) 30명,화정도서관
143,4,"인문학을 권함: 역사편 <고고학자의 테라 인코그니타, 미지의 역사>",2022-04-11 ~ 2022-04-25. 매주(월),19:30~21:00,온라인 줌(ZOOM),"인문학을 권함: 역사편 <고고학자의 테라 인코그니타, 미지의 역사>",성인(18세~99세) 55명,화정도서관
144,4,어린이 독서클럽 「책이랑 말이랑 시즌1」,2022-04-12 ~ 2022-05-17. 매주(화),15:00~16:30,온라인 Zoom,어린이 독서클럽 「책이랑 말이랑 시즌1」,초등학생(8세~9세) 15명,삼송도서관
145,4,[일산] 도서관주간 '도서관에 간 외계인' 작가와 만남,2022-04-12 ~ 2022-04-12. 매주(화),16:00~18:00,일산도서관 3층 나눔터 2,[일산] 도서관주간 '도서관에 간 외계인' 작가와 만남,초등학생(8세~10세) 8명,일산도서관
146,4,[일산] 도서관주간_'도서관에 간 외계인' 작가와 만남,2022-04-12 ~ 2022-04-12. 매주(화),16:00~18:00,일산도서관 3층 나눔터 2,[일산] 도서관주간_'도서관에 간 외계인' 작가와 만남,초등학생(8세~10세) 8명,일산도서관
147,4,어린이 독서클럽 <나눌수록 커지는 생각 보따리 시즌1>,2022-04-12 ~ 2022-05-31. 매주(화),16:00~17:30,온라인(ZOOM),어린이 독서클럽 <나눌수록 커지는 생각 보따리 시즌1>,초등학생(12세~13세) 12명,화정어린이
148,4,건반으로 전하는 마음: 임현정 피아니스트 북콘서트,2022-04-12 ~ 2022-04-12. 매주(화),16:00~17:00,온라인줌,건반으로 전하는 마음: 임현정 피아니스트 북콘서트,시민(0세~99세) 40명,행신도서관
149,4,제 58회 도서관 주간 <쿠퀴즈 온 더 도서관>,2022-04-12 ~ 2022-04-18. 매일,09:00~09:00,시립도서관 어린이자료실(일산도서관 제외),제 58회 도서관 주간 <쿠퀴즈 온 더 도서관>,초등학생(0세~13세),도서관센터
150,4,제 58회 도서관 주간 <책으로 보는 오늘의 운세>,2022-04-12 ~ 2022-04-18. 매일,09:00~09:00,시립도서관 자료실(일산도서관 제외),제 58회 도서관 주간 <책으로 보는 오늘의 운세>,시민(0세~99세),도서관센터
151,4,그림책 질문수업,2022-04-12 ~ 2022-04-26. 매주(화),10:00~11:30,온라인 줌(ZOOM),그림책 질문수업,성인(20세~99세) 20명,대화도서관
152,4,[일산] 도서관주간 '도서관에 간 외계인' 작가와 만남,2022-04-12 ~ 2022-04-12. 매주(화),16:00~18:00,일산도서관 3층 나눔터 2,[일산] 도서관주간 '도서관에 간 외계인' 작가와 만남,초등학생(8세~10세) 8명,일산도서관
153,4,[온라인]ZEP으로 배우는 메타버스,2022-04-12 ~ 2022-05-03. 매주(화),19:00~21:00,대화도서관 메이커스페이스,[온라인]ZEP으로 배우는 메타버스,청소년(12세~16세) 15명,대화도서관
154,4,[온라인]코딩으로 동화 만들기,2022-04-12 ~ 2022-05-03. 매주(화),19:00~21:00,대화도서관 메이커스페이스,[온라인]코딩으로 동화 만들기,초등학생(8세~13세) 15명,대화도서관
155,4,"함께 읽으면 좋아(5, 6학년)",2022-04-12 ~ 2022-06-21. 매주(화),16:00~18:00,온라인 ZOOM,"함께 읽으면 좋아(5, 6학년)",초등학생(12세~13세) 10명,별꿈도서관
156,4,"4월 독서문화 프로그램(주제 : 친구, 우정) : 4/13(수)",2022-04-13 ~ 2022-04-13. 매주(수),10:00~13:00,책놀터 차량 안 (신청기관 방문),"4월 독서문화 프로그램(주제 : 친구, 우정) : 4/13(수)",시민(5세~99세) 1명,대화도서관
157,4,[일산] 독립출판교육 '차근차근 독립출판',2022-04-13 ~ 2022-06-22. 매주(수),19:00~21:00,일산도서관 3층 나눔터,[일산] 독립출판교육 '차근차근 독립출판',성인(20세~99세) 8명,일산도서관
158,4,[온라인]텍스트코딩 파이썬 기초,2022-04-13 ~ 2022-05-04. 매주(수),19:00~21:00,대화도서관 메이커스페이스,[온라인]텍스트코딩 파이썬 기초,청소년(12세~16세) 15명,대화도서관
159,4,[온라인]나만의 책 만들기,2022-04-13 ~ 2022-05-04. 매주(수),19:00~21:00,대화도서관 메이커스페이스,[온라인]나만의 책 만들기,초등학생(8세~13세) 15명,대화도서관
160,4,독서동아리 리더양성교육 <내가 만드는 독서모임>,2022-04-13 ~ 2022-06-08. 매주(수),19:30~21:30,온라인(Zoom),독서동아리 리더양성교육 <내가 만드는 독서모임>,성인(20세~99세) 30명,도서관센터
161,4,"4월 독서문화 프로그램(주제 : 친구, 우정) : 4/14(목)",2022-04-14 ~ 2022-04-14. 매주(목),10:00~13:00,책놀터 차량 안 (신청기관 방문),"4월 독서문화 프로그램(주제 : 친구, 우정) : 4/14(목)",시민(5세~99세) 1명,대화도서관
162,4,[온라인]다시 만나는 스크래치 코딩,2022-04-14 ~ 2022-04-28. 매주(목),19:00~21:00,대화도서관 메이커스페이스,[온라인]다시 만나는 스크래치 코딩,초등학생(8세~13세) 15명,대화도서관
163,4,같이 읽고 얘기해봐요,2022-04-14 ~ 2022-07-21. 매주(목),16:00~17:30,온라인 수업(Zoom),같이 읽고 얘기해봐요,초등학생(10세~11세) 15명,행신어린이
164,4,[온라인]스크래치 기초 코딩,2022-04-14 ~ 2022-04-28. 매주(목),19:00~21:00,대화도서관 메이커스페이스,[온라인]스크래치 기초 코딩,초등학생(8세~13세) 15명,대화도서관
165,4,미래 캐스터의 미래 트렌드와 진로 전망,2022-04-14 ~ 2022-04-21. 매주(목),19:30~21:00,온라인 줌(ZOOM),미래 캐스터의 미래 트렌드와 진로 전망,시민(14세~99세) 45명,화정도서관
166,4,그림책으로 하는 신중년을 위한 새로운 인생설계( 신.새.계)  2차 접수,2022-04-14 ~ 2022-07-07. 매주(목),14:00~16:00,마두도서관 강의실,그림책으로 하는 신중년을 위한 새로운 인생설계( 신.새.계)  2차 접수,성인(50세~70세) 10명,마두도서관
167,4,라이브러닝으로 키우는 미디어 리터러시 역량,2022-04-14 ~ 2022-05-19. 매주(목),10:00~12:00,온라인 줌(zoom),라이브러닝으로 키우는 미디어 리터러시 역량,성인(20세~99세) 20명,대화도서관
168,4,그림책으로 하는 신.새.계 프로젝트  ,2022-04-14 ~ 2022-07-07. 매주(목),14:00~16:00,마두도서관 강의실,그림책으로 하는 신.새.계 프로젝트  ,성인(50세~70세) 10명,마두도서관
169,4,미래 캐스터의 미래 트렌드와 진로 전망,2022-04-14 ~ 2022-04-21. 매주(목),19:30~21:00,온라인 줌(ZOOM),미래 캐스터의 미래 트렌드와 진로 전망,시민(14세~99세) 200명,화정도서관
170,4,"어린이 독서클럽 ""함게 읽으면 좋아""(3 ,4학년)",2022-04-15 ~ 2022-04-29. 매주(금),15:00~16:30,온라인 ZOOM,"어린이 독서클럽 ""함게 읽으면 좋아""(3 ,4학년)",초등학생(10세~11세) 10명,별꿈도서관
171,4,"어린이 독서클럽 ""함께 읽으면 좋아""(3, 4학년)",2022-04-15 ~ 2022-04-29. 매주(금),15:00~16:30,온라인 ZOOM,"어린이 독서클럽 ""함께 읽으면 좋아""(3, 4학년)",초등학생(10세~11세) 10명,별꿈도서관
172,4,어린이 독서클럽 ,2022-04-15 ~ 2022-04-29. 매주(금),15:00~16:30,온라인 ZOOM,어린이 독서클럽 ,초등학생(10세~11세) 10명,별꿈도서관
173,4,[온라인]엔트리 게임 코딩,2022-04-15 ~ 2022-05-06. 매주(금),19:00~21:00,대화도서관 메이커스페이스,[온라인]엔트리 게임 코딩,청소년(10세~16세) 15명,대화도서관
174,4,[온라인]웹툰 작가 도전하기-기초반,2022-04-15 ~ 2022-05-06. 매주(금),19:00~21:00,대화도서관 메이커스페이스,[온라인]웹툰 작가 도전하기-기초반,청소년(11세~16세) 15명,대화도서관
175,4,<어린이라는 세계> 김소영 작가와의 만남,2022-04-15 ~ 2022-04-15. 매주(금),10:00~12:00,온라인(ZOOM),<어린이라는 세계> 김소영 작가와의 만남,성인(20세~99세) 50명,화정어린이
176,4,"4월 독서문화 프로그램(주제 : 친구, 우정) : 4/15(금)",2022-04-15 ~ 2022-04-15. 매주(금),10:00~13:00,책놀터 차량 안 (신청기관 방문),"4월 독서문화 프로그램(주제 : 친구, 우정) : 4/15(금)",시민(5세~99세) 1명,대화도서관
177,4,아람책방 - 인디북클럽(아람누리 청소년 독서동아리),2022-04-16 ~ 2022-12-17. 매주(토),10:30~12:30,아람누리도서관 지하1층 동아리방,아람책방 - 인디북클럽(아람누리 청소년 독서동아리),청소년(14세~16세) 10명,아람누리도서관
178,4,[오프라인]도전! 1인 크리에이터 기초,2022-04-16 ~ 2022-05-07. 매주(토),10:00~12:00,대화도서관 메이커스페이스,[오프라인]도전! 1인 크리에이터 기초,청소년(11세~16세) 10명,대화도서관
179,4,도서관과 함께 알아보는 지역의 역사(1차시-2차시),2022-04-16 ~ 2022-04-23. 매주(토),14:00~15:50,마두도서관 지하1층 강의실,도서관과 함께 알아보는 지역의 역사(1차시-2차시),초등학생(10세~11세) 15명,마두도서관
180,4,임이랑의 봄 맞이 식물수다,2022-04-19 ~ 2022-04-26. 매주(화),14:00~15:30,화정도서관 꽃뜰 또는 꽃마루(신청자수에 따라 장소 선정),임이랑의 봄 맞이 식물수다,시민(18세~99세) 30명,화정도서관
181,4,임이랑의 봄 맞이 식물수다,2022-04-19 ~ 2022-04-26. 매주(화),14:00~15:30,화정도서관 꽃뜰 또는 꽃마루(신청자수에 따라 장소 선정),임이랑의 봄 맞이 식물수다,성인(18세~99세) 30명,화정도서관
182,4,"4월 독서문화 프로그램(주제 : 친구, 우정) : 4/20(수)",2022-04-20 ~ 2022-04-20. 매주(수),10:00~13:00,책놀터 차량 안 (신청기관 방문),"4월 독서문화 프로그램(주제 : 친구, 우정) : 4/20(수)",시민(5세~99세) 1명,대화도서관
183,4,"100년의 이웃, 일산시장 & 일산오일장 아카이빙 시민단 모집",2022-04-20 ~ 2022-11-09. 매주(수),10:00~12:00,"일산도서관 3층, 나눔터2","100년의 이웃, 일산시장 & 일산오일장 아카이빙 시민단 모집",성인(20세~70세) 10명,일산도서관
184,4,"4월 독서문화 프로그램(주제 : 친구, 우정) : 4/21(목)",2022-04-21 ~ 2022-04-21. 매주(목),10:00~13:00,책놀터 차량 안 (신청기관 방문),"4월 독서문화 프로그램(주제 : 친구, 우정) : 4/21(목)",시민(5세~99세) 1명,대화도서관
185,4,"4월 독서문화 프로그램(주제 : 친구, 우정) : 4/22(금)",2022-04-22 ~ 2022-04-22. 매주(금),10:00~13:00,책놀터 차량 안 (신청기관 방문),"4월 독서문화 프로그램(주제 : 친구, 우정) : 4/22(금)",시민(5세~99세) 1명,대화도서관
186,4,세계 책의 날 기념 「4대 비극으로 보는 셰익스피어의 작품 세계」,2022-04-22 ~ 2023-12-31. 매주(금),14:00~15:30,온라인 줌(ZOOM),세계 책의 날 기념 「4대 비극으로 보는 셰익스피어의 작품 세계」,시민(18세~99세) 50명,도서관센터
187,4,최소한의 선의,2022-04-22 ~ 2022-04-22. 매주(금),10:00~12:00,온라인 줌(zoom),최소한의 선의,성인(19세~99세) 10명,대화도서관
188,4,"영지의 고민상담실, 공무원 솔직 리뷰",2022-04-23 ~ 2022-04-23. 매주(토),14:00~15:30,온라인 줌(ZOOM),"영지의 고민상담실, 공무원 솔직 리뷰",시민(14세~50세) 30명,화정도서관
189,4,"영지의 고민상담실, 공무원 솔직 리뷰",2022-04-23 ~ 2022-04-23. 매주(토),14:00~15:30,온라인 줌(ZOOM),"영지의 고민상담실, 공무원 솔직 리뷰",시민(14세~50세) 30명,화정도서관
190,4,[오프라인]테마별로 만드는 DIY,2022-04-23 ~ 2022-04-23. 매주(토),13:00~15:00,대화도서관 메이커스페이스,[오프라인]테마별로 만드는 DIY,시민(11세~99세) 10명,대화도서관
191,4,"4월 독서문화 프로그램(주제 : 친구, 우정) : 4/27(수)",2022-04-27 ~ 2022-04-27. 매주(수),10:00~13:00,책놀터 차량 안 (신청기관 방문),"4월 독서문화 프로그램(주제 : 친구, 우정) : 4/27(수)",시민(5세~99세) 1명,대화도서관
192,4,"4월 독서문화 프로그램(주제 : 친구, 우정) : 4/28(목)",2022-04-28 ~ 2022-04-28. 매주(목),10:00~13:00,책놀터 차량 안 (신청기관 방문),"4월 독서문화 프로그램(주제 : 친구, 우정) : 4/28(목)",시민(5세~99세) 1명,대화도서관
193,4,"4월 독서문화 프로그램(주제 : 친구, 우정) : 4/28(목)",2022-04-28 ~ 2022-04-28. 매주(목),10:00~13:00,책놀터 차량 안 (신청기관 방문),"4월 독서문화 프로그램(주제 : 친구, 우정) : 4/28(목)",시민(5세~99세) 1명,대화도서관
194,4,"4월 독서문화 프로그램(주제 : 친구, 우정) : 4/29(금)",2022-04-29 ~ 2022-04-29. 매주(금),10:00~13:00,책놀터 차량 안 (신청기관 방문),"4월 독서문화 프로그램(주제 : 친구, 우정) : 4/29(금)",시민(5세~99세) 1명,대화도서관
195,4,도서관과 함께 알아보는 지역의 역사(3차시-4차시),2022-04-30 ~ 2022-05-07. 매주(토),14:00~15:50,마두도서관 지하1층 강의실,도서관과 함께 알아보는 지역의 역사(3차시-4차시),초등학생(10세~11세) 15명,마두도서관
196,5,꽃과 친구되는 화요일 - 봄 나들이,2022-05-03 ~ 2022-05-31. 매주(화),16:30~17:30,화정도서관 꽃뜰,꽃과 친구되는 화요일 - 봄 나들이,초등학생(8세~11세) 15명,화정도서관
197,5,아이에게 책 읽는 즐거움을 선사하는 「그림책 속 그림읽기」,2022-05-04 ~ 2022-05-25. 매주(수),10:00~12:00,온라인(ZOOM),아이에게 책 읽는 즐거움을 선사하는 「그림책 속 그림읽기」,시민(0세~99세) 50명,한뫼도서관
198,5,보태니컬 아트: 우리 마을의 봄꽃 담기,2022-05-10 ~ 2022-05-24. 매주(화),10:00~11:30,화정도서관 꽃뜰,보태니컬 아트: 우리 마을의 봄꽃 담기,시민(18세~99세) 15명,화정도서관
199,5,인문학을 권함: 역사편 <메뉴로 읽는 음식의 역사>,2022-05-11 ~ 2022-05-25. 매주(수),19:30~21:00,온라인 줌(ZOOM),인문학을 권함: 역사편 <메뉴로 읽는 음식의 역사>,성인(18세~99세) 50명,화정도서관
200,5,EBS 당신의 문해력: 올바른 진로진학을 위한 문해력 수업,2022-05-13 ~ 2022-05-13. 매주(금),14:00~15:30,온라인 줌(ZOOM),EBS 당신의 문해력: 올바른 진로진학을 위한 문해력 수업,시민(14세~99세) 200명,화정도서관
201,5,이웃집 비행소녀 연티리의 승무원 일기,2022-05-14 ~ 2022-05-14. 매주(토),14:00~15:30,화정도서관 지하 꽃뜰 또는 꽃마루(신청자수에 따라 장소 선정),이웃집 비행소녀 연티리의 승무원 일기,시민(14세~30세) 30명,화정도서관
202,5,2022년 고양북스타트 접수 안내 ,"2022-05-25 ~ 2022-12-31. 매주(수,일)",09:00~09:00,,2022년 고양북스타트 접수 안내 ,영유아(1세~7세),도서관센터
203,5,고양경찰서와 함께 내 꿈을 수사하다,2022-05-28 ~ 2022-05-28. 매주(토),14:00~15:30,화정도서관 지하 꽃뜰 또는 꽃마루(신청자수에 따라 장소 선정),고양경찰서와 함께 내 꿈을 수사하다,시민(14세~30세) 30명,화정도서관
204,6,진로 끝판왕의 고교학점제 기반 진로진학 전략,2022-06-09 ~ 2022-06-16. 매주(목),19:30~21:00,온라인 줌(ZOOM),진로 끝판왕의 고교학점제 기반 진로진학 전략,시민(14세~99세) 200명,화정도서관
205,,,,,,,,
206,,,,,,,,
207,,,,,,,,
208,,,,,,,,
209,,,,,,,,
210,,,,,,,,
211,,,,,,,,
212,,,,,,,,
213,,,,,,,,
214,,,,,,,,
215,,,,,,,,
216,,,,,,,,
217,,,,,,,,
218,,,,,,,,
219,,,,,,,,
220,,,,,,,,
221,,,,,,,,
222,,,,,,,,
223,,,,,,,,
224,,,,,,,,
225,,,,,,,,
226,,,,,,,,
227,,,,,,,,
228,,,,,,,,
229,,,,,,,,
230,,,,,,,,
