﻿,0,1,2,3
0,구분,기관명,주소,전화번호
1,주민자치센터,군포1동행정복지센터,경기도 군포시  군포로 531(당동),031-390-8500
2,주민자치센터,군포2동행정복지센터,경기도 군포시  고산로 263(당동),031-390-8501
3,주민자치센터,산본1동행정복지센터,경기도 군포시  고산로724번길 13(산본동),031-390-8502
4,주민자치센터,산본2동행정복지센터,경기도 군포시  고산로 633(산본동),031-390-8503
5,주민자치센터,금정동행정복지센터,경기도 군포시  금산로 35(금정동),031-390-8504
6,주민자치센터,재궁동행정복지센터,경기도 군포시  번영로550번길 25(금정동),031-390-8505
7,주민자치센터,오금동행정복지센터,경기도 군포시  고산로 406(금정동),031-390-8506
8,주민자치센터,수리동행정복지센터,경기도 군포시  수리산로 38(산본동),031-390-8507
9,주민자치센터,궁내동행정복지센터,경기도 군포시  고산로517번길 10(산본동),031-390-8508
10,주민자치센터,광정동행정복지센터,경기도 군포시  광정로 106(산본동),031-390-8509
11,주민자치센터,대야동행정복지센터,경기도 군포시  대야2로 139(대야미동),031-390-8550
12,주민자치센터,송부동행정복지센터,경기도 군포시 송부로74번길 3-32,031-390-3689
13,도서관 및 문화시설,군포책마을 평생교육관,경기도 군포시 수리산로 112,031-390-3080
14,도서관 및 문화시설,군포시중앙도서관,경기도 군포시 수리산로79,031-390-8866
15,도서관 및 문화시설,군포시산본도서관,경기도 군포시 광정로 96,031-395-4316
16,도서관 및 문화시설,군포시당동도서관,경기도 군포시 산본로197번길 36,031-390-8810
17,도서관 및 문화시설,군포시대야도서관,경기도 군포시 대야2로 139,031-501-5407
18,도서관 및 문화시설,군포시어린이도서관,경기도 군포시 고산로 677번길 21,031-390-8680
19,도서관 및 문화시설,군포시부곡도서관,경기도 군포시 송부로 221번길 3-10,031-390-4094
20,도서관 및 문화시설,당정문화도서관,경기도 군포시 한세로 56번길12,031-390-8746
21,도서관 및 문화시설,군포시평생학습원,경기도 군포시 고산로 263,031-390-3050
22,도서관 및 문화시설,군포시문화예술회관,경기도 군포시 고산로 599,031-390-3500
23,도서관 및 문화시설,동화나무 어린이도서관,경기도 군포시 고산로263번길 군포시평생학습원 5층,031-390-3059
24,도서관 및 문화시설,금정작은도서관,경기도 군포시 금산로35 금정동주민센터 4층,031-390-8699
25,도서관 및 문화시설,신산본자이2차 아파트문고,경기도 군포시 고산로151번길26-23,031-427-0121
26,도서관 및 문화시설,재궁꿈나무도서관,경기도 군포시 번영로550번길25 재궁동주민센터 2층,031-390-8757
27,도서관 및 문화시설,버드나무에부는바람 작은도서관,경기도 군포시 금산로18-1 덕성빌딩 2층,070-8623-6492
28,도서관 및 문화시설,군포새마을문고,경기도 군포시 산본천로23 군포새마을회관 2층,031-396-4136
29,도서관 및 문화시설,율곡마을작은도서관,경기도 군포시 오금로43 율곡아파트관리사무소 2층,031-344-5959
30,도서관 및 문화시설,사랑이있는작은도서관,경기도 군포시 금당로164 2층,031-429-0400
31,도서관 및 문화시설,큰꿈어린이도서관,경기도 군포시 번영로561번안길29호 1층,031-456-0243
32,도서관 및 문화시설,궁내동작은도서관,경기도 군포시 고산로517번길10 궁내동주민센터 1층,031-390-8786
33,도서관 및 문화시설,해오름문고,경기도 군포시 용호1로21번길15,031-391-0820
34,도서관 및 문화시설,우리마을 도서관,경기도 군포시 곡란로8번길35-10 관묘교육센터 3층,031-394-9101
35,도서관 및 문화시설,부곡휴먼시아2단지 느티나무도서관,경기도 군포시 송부로291번길29,070-4237-5124
36,도서관 및 문화시설,토리작은도서관,경기도 군포시 송부로273번길27,031-461-8886
37,도서관 및 문화시설,꿈이지작은도서관,경기도 군포시 산본로322,
38,도서관 및 문화시설,꿈드림,경기도 군포시 용호1로21번길14 군포시근로자종합복지관 3층,031-397-6355
39,도서관 및 문화시설,당정문화도서관,경기도 군포시 한세로56번길12,031-390-8746
40,도서관 및 문화시설,북카페 사랑 아이엔지,경기도 군포시 산본로386번길5-11 4층,031-391-5530
41,도서관 및 문화시설,밥상머리 북카페,경기도 군포시 청백리길6 군포시청 1층,031-390-0167
42,도서관 및 문화시설,꿈쟁이도서관,경기도 군포시 용호1로16번길1,070-7779-9396
43,도서관 및 문화시설,공군 제8249부대,경기도 군포시 병목안로 474,070-7790-1305
44,도서관 및 문화시설,노루목작은도서관,경기도 군포시 고산로724번길13 산본1동주민센터 2층,031-390-8606
45,도서관 및 문화시설,쁘레네 작은도서관 별찌,경기도 군포시 금당로17번길9 제이엠프라자 104호,031-393-6502
46,도서관 및 문화시설,군포경찰서작은도서관,경기도 군포시 산본로324번길16 군포경찰서 내 민원실,031-390-9321
47,도서관 및 문화시설,당정동 벤티움 작은도서관,경기도 군포시 고산로166 SK벤티움 지식산업센터 101동 로비,031-436-0111
48,도서관 및 문화시설,삼성마을 5단지 작은도서관,경기도 군포시 번영로200번길31,031-393-3463
49,도서관 및 문화시설,샤론 작은도서관,경기도 군포시 번영로609번길33,031-477-5692
50,도서관 및 문화시설,하늘정원 작은도서관,경기도 군포시 군포로499번길7 2층,031-394-9184
51,도서관 및 문화시설,농심작은도서관,경기도 군포시 농심로35,031-450-5542
52,도서관 및 문화시설,여담작은도서관,경기도 군포시 청백리길6 군포시여성회관 1층,031-390-3087
53,도서관 및 문화시설,누림과나눔 작은도서관,경기도 군포시 번영로 28번길45-57 2층,070-8682-4017
54,도서관 및 문화시설,여담작은도서관,경기도 군포시 청백리길6,031-390-3080
55,도서관 및 문화시설,누림과나눔작은도서관,경기도 군포시 번영로 28번길45-57,070-8682-4017
56,도서관 및 문화시설,꿈마을작은도서관,"경기도 군포시 삼성로41, 삼성마을6단지",
57,도서관 및 문화시설,주품북카페작은도서관,경기도 군포시 군포로 464번길24,070-8692-8291
58,도서관 및 문화시설,새봄작은도서관,경기도 군포시 삼성로79 삼성마을1단지,031-394-8766
59,도서관 및 문화시설,책놀이터작은도서관,경기도 군포시 삼성로31 삼성마을4단지,070-8880-1103
60,도서관 및 문화시설,숲속작은도서관,경기도 군포시 삼성로59번길16 삼성마을3단지,031-391-1184
61,도서관 및 문화시설,옹달샘작은도서관,"경기도 군포시 고산로 264번길13, 그린프라자 3층",
62,도서관 및 문화시설,테바작은도서관,경기도 군포시 당동로 12번길 5-4,031-459-3331
63,도서관 및 문화시설,군포시건강가정·다문화가족지원센터,경기도 군포시 청백리길 6 ,031-392-1811
64,도서관 및 문화시설,군포시다문화가족지원센터,경기도 군포시 청백리길 6,031-395-1811
65,도서관 및 문화시설,군포사랑장학회,경기도 군포시 청백리길 6,031-390-0995
66,도서관 및 문화시설,군포지역자활센터,경기도 군포시 금정로 25,031-427-0555
67,사회복지시설,가야종합사회복지관,경기도 군포시 번영로 403,031-395-4894
68,사회복지시설,매화종합사회복지관,경기도 군포시 곡란로 26,031-393-3677
69,사회복지시설,주몽종합사회복지관,경기도 군포시 광정로 122,031-398-4781
70,사회복지시설,군포시노인복지관,경기도 군포시 고산로 223,031-399-2270
71,사회복지시설,군포시장애인종합복지관,경기도 군포시 청백리길 18,031-396-3108
72,사회복지시설,군포시근로자종합복지관,경기도 군포시 용호1로 21번길 14,031-397-3400
73,사회복지시설,늘푸른주간보호센터,경기도 군포시 산본로 394,031-393-3833
74,청소년시설,군포시청소년수련관,경기도 군포시 산본로322,031-390-1400
75,청소년시설,군포시청소년수련원,경기도 군포시 충남 청양군 화성면 정자골길 100-43,031-390-1430
76,청소년시설,광정동청소년문화의집,경기도 군포시 광정로 106,031-390-1480
77,청소년시설,당동청소년문화의집,경기도 군포시 당산로 76,031-452-7972
78,청소년시설,군포시청소년상담복지센터,경기도 군포시 산본로 322,031-398-1277
79,청소년시설,하나로군포시청소년쉼터,경기도 군포시 군포로 791,031-399-7997
80,대학부설 평생교육원 및 기타시설,한세대 평생교육원,경기도 군포시  한세로 30(당정동),031-450-5197
81,대학부설 평생교육원 및 기타시설,군포시자원봉사센터,경기도 군포시  산본로 198(산본동),031-394-1365
82,대학부설 평생교육원 및 기타시설,군포YMCA,경기도 군포시 번영로489,031-395-8614
83,대학부설 평생교육원 및 기타시설,군포시니어클럽,경기도 군포시  고산로211번길 22,031-454-2077
