﻿,0,1,2,3,4,5,6,7
0,순위,등록번호,서명,저자,발행자,청구기호,자료실,대출횟수
1,1,BRP000470622,취할 수 밖에. 2,유랑 지음,마롱,813.7-유231ㅊ-2,[서부]임시자료실(종합),7
2,2,BRP000474221,"(카카오프렌즈) 리틀 빅 사이언스. 1, 일상 생활 호기심",김혜성 글 ; 송유진 그림,대원키즈,J 400-김94ㄹ-1,[서부]임시자료실(어린이),7
3,3,BRP000476664,밍꼬발랄 공소시효. 5,밍꼬발랄 원작 ; 백승하 글 ; 라임스튜디오 그림,겜툰,J 813.8-밍15ㅁ-5,[서부]임시자료실(어린이),7
4,4,BRP000466163,"(추리 천재) 엉덩이 탐정. 10, 사랑의 포로 사건",트롤 글·그림 ; 김정화 옮김,미래엔,J 833.8-트235ㅇ-10,[서부]임시자료실(어린이),7
5,5,BRP000470426,"(전설의 모험왕) 엉덩이 댄디. 1, 보물은 내게 맡겨라!",트롤 원작·감수 ; 하루하라 로빈슨 글·구성 ; 기쿠치 아키히로 그림 ; 김정화 옮김,아이세움,J 833.8-트235ㅇ-1,[서부]임시자료실(어린이),7
6,6,BRP000476596,흔한남매 불꽃 튀는 우리말. 3,흔한남매 원작 ; 한은호 글 ; 유희석 그림,다산어린이,J 710-흔91-3,[서부]임시자료실(어린이),7
7,7,BRP000479012,"기묘한 모모 한약방. 3, 딱이구나! 목우인형심단","히로시마 레이코 지음, 다나카 아이 그림 ;  김난주 옮김",미래엔아이세움,J 833.8-히235ㄱ-3,[서부]임시자료실(어린이),7
8,8,BRP000476869,"정말로, 정혜동 : 한혜석 장편소설. 1",한혜석 지음,파란미디어,813.7-한94ㅈ-1,[서부]임시자료실(종합),7
9,9,BRP000477743,(흔한 남매의) 흔한 호기심 : 일상에서 만나는 과학 상식. 4,흔한남매 원작 ; 안치현 글 ; 유난희 그림,Mirae N 아이세움,J 404-흔91ㅎ-4,[서부]임시자료실(어린이),7
10,10,BRP000477793,급식왕 GO. 4,급식왕 원작 ; 최재연 글 ; 구은미 그림,아울북,J 813.8-급59ㄱ-4,[서부]임시자료실(어린이),6
11,11,BRP000469349,계모인데 딸이 너무 귀여워 : 이르 장편소설. 1,이르 지음,에이템포미디어,813.7-이238ㄱ-1,[서부]임시자료실(종합),6
12,12,BRP000469350,계모인데 딸이 너무 귀여워 : 이르 장편소설. 2,이르 지음,에이템포미디어,813.7-이238ㄱ-2,[서부]임시자료실(종합),6
13,13,BRP000477742,"흔한남매 과학 탐험대. 2, 지구와 달","흔한남매 원작 ; 이재국,이현진 글 ; 김덕영 그림",주니어김영사,J 404-흔91-2,[서부]임시자료실(어린이),6
14,14,BRP000469451,"브레드 이발소. 3, 베이커리타운의 악동들",몬스터 스튜디오 원작·그림,한솔수북,J 813.8-몬58ㅂ-3,[서부]임시자료실(어린이),6
15,15,BRP000476870,"정말로, 정혜동 : 한혜석 장편소설. 2",한혜석 지음,파란미디어,813.7-한94ㅈ-2,[서부]임시자료실(종합),6
16,16,BRP000476868,"이혼해 주세요, 황제가 돼야 해서요 : 류주연 장편소설. 2",류주연 지음,동아,813.7-류77ㅇ-2,[서부]임시자료실(종합),6
17,17,BRP000476867,"이혼해 주세요, 황제가 돼야 해서요 : 류주연 장편소설. 1",류주연 지음,동아,813.7-류77ㅇ-1,[서부]임시자료실(종합),6
18,18,BRP000469371,폭군의  보호자는 악역  마녀  입니다 : 블루라군 장편소설. 1,블루라군 지음,사막여우,813.7-블237ㅍ-1,[서부]임시자료실(종합),6
19,19,BRP000469372,폭군의  보호자는 악역  마녀  입니다 : 블루라군 장편소설. 2,블루라군 지음,사막여우,813.7-블237ㅍ-2,[서부]임시자료실(종합),6
20,20,BRP000471706,달콤한 사이코 : 상림(메리J) 장편소설. 2,상림(메리J) 지음,가연,813.7-상239ㄷ-2,[서부]임시자료실(종합),6
21,21,BRP000471713,써니사이드업 : 닐라 장편소설. 2,닐라 지음,동아,813.7-닐231ㅆ-2,[서부]임시자료실(종합),6
22,22,BRP000475460,"어쩔뚱땡! 고구마머리TV : 호기심·상상력이 숙쑥 자라나는 과학학습만화. 1, 우주탐험 1",서동건 글 ; 서윤지 그림,아울북,J 400-서225ㅇ-1,[서부]임시자료실(어린이),6
23,23,BRP000475607,"문방구 TV. 1, 친구 대탐구",문방구 TV 원작 ; 차현진 그림,서울문화사,J 813.8-문41ㅁ-1,[서부]임시자료실(어린이),6
24,24,BRP000470963,어떻게 말해줘야 할까 : 버럭하지 않고 분명하게 알려주는 방법 : 오은영의 현실밀착 육아회화,오은영 지음 ; 차상미 그림,김영사,598.1-오68ㅇ=3,[서부]임시자료실(종합),6
25,25,BRP000463315,(흔한 남매의) 흔한 호기심 : 일상에서 만나는 과학 상식. 1,흔한남매 원작 ; 안치현 글 ; 유난희 그림,Mirae N 아이세움,J 404-흔91ㅎ-1,[서부]임시자료실(어린이),6
26,26,BRP000476567,"(손오공의 한자 대탐험) 마법천자문. 25, 빈틈없이 막아라! 방패 순(盾)",올댓스토리 글 ; 홍거북 그림,아울북,J 711.47-시239ㅁ2-25,[서부]임시자료실(어린이),6
27,27,BRP000473065,(흔한남매) 별난 방탈출 : 탈출 미션 스토리북. 2,흔한남매 원작 ; 김언정 글 ; 차차 그림,Mirae N 아이세움,J 813.8-흔91ㅂ-2,[서부]임시자료실(어린이),6
28,28,BRP000476568,"(손오공의 한자 대탐험) 마법천자문. 26, 포효하는 맹수! 사나울 맹(猛)",올댓스토리 글 ; 홍거북 그림,아울북,J 711.47-시239ㅁ2-26,[서부]임시자료실(어린이),6
29,29,BRP000473239,"(애니메이션 코믹북) 엉덩이 탐정. 4, 괴도 유는 따뜻한 걸 좋아해!",트롤 원작 ;  도에이 애니메이션 글·구성 ; 김정화 옮김,미래엔아이세움,J 833.8-트235ㅇ-4,[서부]임시자료실(어린이),6
30,30,BRP000470534,계모인데 딸이 너무 귀여워 : 이르 장편소설. 3,이르 지음,에이템포미디어,813.7-이238ㄱ-3,[서부]임시자료실(종합),6
31,31,BRP000477356,별똥별이 떨어지는 그곳에서 기다려. 1,만물상 글·그림,재미주의,813.7-만37ㅂ-1,[서부]임시자료실(종합),6
32,32,BRP000476763,"뽀로로 동화나라. [3], 크롱의 새 친구 피노키오",키즈아이콘 지음,키즈아이콘,유 813.8-뽀235-[3],[서부]임시자료실(어린이),6
33,33,BRP000469458,(흔한남매) 별난 방탈출 : 탈출 미션 스토리북. 1,흔한남매 원작 ; 김언정 글 ; 차차 그림,Mirae N 아이세움,J 813.8-흔91ㅂ-1,[서부]임시자료실(어린이),6
34,34,BRP000476676,"뽀로로 동화나라. [2], 뽀로로와 모험을 떠난 피터팬",키즈아이콘 지음,키즈아이콘,유 813.8-뽀235-[2],[서부]임시자료실(어린이),6
35,35,BRP000475490,"요리스타 청. 2, 아이스크림 대결",조재호 글 ; 은하수 그림,주니어김영사,J 594.5-조72ㅇ-2,[서부]임시자료실(어린이),6
36,36,BRP000470589,내게 너를 심어 : 조혜호 장편소설,조혜호 지음,와이엠북스,813.7-조94ㄴ,[서부]임시자료실(종합),6
37,37,BRP000473074,"모든 숨마다, 너 : 김결 장편소설. 2",김결 지음,탐,813.7-김14ㅁ-2,[서부]임시자료실(종합),6
38,38,BRP000476566,"(손오공의 한자 대탐험) 마법천자문. 24, 구석구석 찾아라! 찾을 방(訪)",올댓스토리 글 ; 홍거북 그림,아울북,J 711.47-시239ㅁ2-24,[서부]임시자료실(어린이),6
39,39,BRP000476675,"뽀로로 동화나라. [1], 뽀로로와 마법 세계로 간 잭과 콩나무",키즈아이콘 지음,키즈아이콘,유 813.8-뽀235-[1],[서부]임시자료실(어린이),6
40,40,BRP000477357,별똥별이 떨어지는 그곳에서 기다려. 2,만물상 글·그림,재미주의,813.7-만37ㅂ-2,[서부]임시자료실(종합),6
41,41,BRP000473066,흔한남매. 8,흔한남매 원작 ; 백난도 글 ; 유난희 그림,미래엔,J 813.8-흔91ㅎ-8,[서부]임시자료실(어린이),6
42,42,BRP000478044,불순하게 탐하다 : 하연우 장편 소설,하연우 지음,다향,813.7-하64ㅂ,[서부]임시자료실(종합),6
43,43,BRP000479179,"(전설의 모험왕) 엉덩이 댄디. 2, 해적의 보물을 찾아라!",트롤 원작·감수 ; 하루하라 로빈슨 글·구성 ; 기쿠치 아키히로 그림 ; 김정화 옮김,아이세움,J 833.8-트235ㅇ-2,[서부]임시자료실(어린이),6
44,44,BRP000479099,"비밀요원 레너드. 9, 산타클로스는 정말 있을까?",박설연 글 ; 김덕영 그림,아울북,J 813.8-박53ㅂ-9,[서부]임시자료실(어린이),6
45,45,BRP000479197,"쿠키런 킹덤. 3, 용의 언덕-하편",김강현 글 ; 김기수 그림,서울문화사,J 813.8-김11ㅋ-3,[서부]임시자료실(어린이),5
46,46,BRP000479338,"정재승의 인간 탐구 보고서. 8, 불안이 온갖 미신을 만든다","정재승 기획 ; 정재은,이고은 글 ; 김현민 그림",아울북,J 511-정72ㅈ-8,[서부]임시자료실(어린이),5
47,47,BRP000479097,"브레드 이발소. [5], 치즈의 놀이터",몬스터스튜디오 원작·그림,아이휴먼,J 813.8-몬58ㅂ-[5],[서부]임시자료실(어린이),5
48,48,BRP000479082,밍꼬발랄 공소시효. 7,밍꼬발랄 원작 ; 백승하 글 ; 라임스튜디오 그림,겜툰,J 813.8-밍15ㅁ-7,[서부]임시자료실(어린이),5
49,49,BRP000475629,"브레드 이발소 시즌2. 1, New! 브레드이발소",몬스터스튜디오 원작 ; 임광천 구성,형설아이,J 813.8-몬58ㅂ-2-1,[서부]임시자료실(어린이),5
50,50,BRP000477732,"최고다! 과학 호기심 딱지. 3, 호기심 뿜뿜 놀이공원",방콕고양이 글 ; 이연 그림,EBS BOOKS,J 408-최15-3,[서부]임시자료실(어린이),5
51,51,BRP000475661,"어몽어스 크루원의 일기. 1, 첫 번째 우주 비행",마크 파워스 지음 ; 한성희 옮김,서울문화사,J 843-파67ㅇ-1,[서부]임시자료실(어린이),5
52,52,BRP000469429,미필적 고의 : 정지유 장편 소설. 2,정지유 지음,봄미디어,813.7-정79ㅁ-2,[서부]임시자료실(종합),5
53,53,BRP000469954,여자 사람 검사 : 드라마가 아닌 현실 검사로 살아가기,"서아람,박민희,김은수 지음",라곰,367.204-서61ㅇ,[서부]임시자료실(종합),5
54,54,BRP000438441,"(무엇이든 해결단) 허팝 연구소. 3, 아이돌 구출 대작전",라곰씨 지음  ; 정준규 그림,라이카미,J 400-라15ㅎ-3,[서부]임시자료실(어린이),5
55,55,BRP000475538,"1등 미디어 코믹스. 2, 문과1등 이과1등",1등 미디어 원작 ; 최재훈 글 ; 서후 그림,아울북,J 813.8-일228ㅇ-2,[서부]임시자료실(어린이),5
56,56,BRP000478862,"놓지 마 과학!. 6, 정신이 실험에 정신 놓다","신태훈,나승훈 글·그림",위즈덤하우스 미디어그룹,J 400-신832ㄴ2-6=2,[서부]임시자료실(어린이),5
57,57,BRP000469476,미필적 고의 : 정지유 장편소설. 1,정지유 지음,봄미디어,813.7-정79ㅁ-1,[서부]임시자료실(종합),5
58,58,BRP000478863,"놓지 마 과학!. 7, 정신이 모험에 정신 놓다","신태훈,나승훈 글·그림",위즈덤하우스,J 400-신832ㄴ2-7,[서부]임시자료실(어린이),5
59,59,BRP000475608,"문방구 TV. 10, 거꾸로 대탐구",문방구 TV 원작 ; 도니패밀리 그림,서울문화사,J 813.8-문41ㅁ-10,[서부]임시자료실(어린이),5
60,60,BRP000475530,"(손오공의 한자 대탐험) 마법천자문. 51, 찬란하게 빛나라! 빛날 휘",유대영 글 ; 홍거북 그림,북이십일 아울북,J 711.47-시239ㅁ-51,[서부]임시자료실(어린이),5
61,61,BRP000478949,"에그박사 : 자연 생물 관찰 만화. 2, Egg&bugs",에그박사 원작 ; 박송이 글 ; 홍종현 그림,Mirae N 아이세움,J 472-에18ㅇ-2=2,[서부]임시자료실(어린이),5
62,62,BRP000478948,"에그박사 : 자연 생물 관찰 만화. 1, Egg&bugs",에그박사 원작 ; 박송이 글 ; 홍종현 그림,Mirae N 아이세움,J 472-에18ㅇ-1=2,[서부]임시자료실(어린이),5
63,63,BRP000476665,밍꼬발랄 공소시효. 6,밍꼬발랄 원작 ; 백승하 글 ; 라임스튜디오 그림,겜툰,J 813.8-밍15ㅁ-6,[서부]임시자료실(어린이),5
64,64,BRP000475609,"문방구 TV. 2, 별별 유형 대탐구",문방구 TV 원작 ; 차현진 그림,서울문화사,J 813.8-문41ㅁ-2,[서부]임시자료실(어린이),5
65,65,BRP000475656,아야와 마녀,"다이애나 윈 존스 원작 ; 니와 케이코,군지 에미 각본 ; 미야자키 고로 감독 ; 김지영 번역",대원씨아이,J 843-존58ㅇ,[서부]임시자료실(어린이),5
66,66,BRP000475616,"문방구 TV. 9, 웃음 대탐구",문방구 TV 원작 ; 도니패밀리 그림,서울문화사,J 813.8-문41ㅁ-9,[서부]임시자료실(어린이),5
67,67,BRP000475615,"문방구 TV. 8, 유머 대탐구",문방구 TV 원작 ; 도니패밀리 그림,서울문화사,J 813.8-문41ㅁ-8,[서부]임시자료실(어린이),5
68,68,BRP000475614,"문방구 TV. 7, 랭킹 대탐구",문방구 TV 원작 ; 박동명 글 ; 도니패밀리 그림,서울문화사,J 813.8-문41ㅁ-7,[서부]임시자료실(어린이),5
69,69,BRP000476569,"(손오공의 한자 대탐험) 마법천자문. 27, 환하게 비추어라! 비출 조(照)",올댓스토리 글 ; 홍거북 그림,아울북,J 711.47-시239ㅁ2-27,[서부]임시자료실(어린이),5
70,70,BRP000476570,"(손오공의 한자 대탐험) 마법천자문. 28, 한곳으로 모여라! 모일 회(會)",올댓스토리 글 ; 홍거북 그림,아울북,J 711.47-시239ㅁ2-28,[서부]임시자료실(어린이),5
71,71,BRP000476571,"(손오공의 한자 대탐험) 마법천자문. 29, 힘을 더해라! 도울 조(助)",올댓스토리 글 ; 홍거북 그림,아울북,J 711.47-시239ㅁ2-29,[서부]임시자료실(어린이),5
72,72,BRP000476573,"(손오공의 한자 대탐험) 마법천자문. 30, 눈울 떠라, 전설의 수호자! 용 룡(龍)",올댓스토리 글 ; 홍거북 그림,아울북,J 711.47-시239ㅁ2-30,[서부]임시자료실(어린이),5
73,73,BRP000476574,"(손오공의 한자 대탐험) 마법천자문. 31, 치열한 전투! 싸움 전(戰)",올댓스토리 글 ; 홍거북 그림,아울북,J 711.47-시239ㅁ2-31,[서부]임시자료실(어린이),5
74,74,BRP000476575,"(손오공의 한자 대탐험) 마법천자문. 32, 진실을 가려라! 참 진(眞)",올댓스토리 글 ; 홍거북 그림,아울북,J 711.47-시239ㅁ2-32,[서부]임시자료실(어린이),5
75,75,BRP000476565,"(손오공의 한자 대탐험) 마법천자문. 23, 꼭꼭 숨겨라! 숨길 비(秘)",올댓스토리 글 ; 홍거북 그림,아울북,J 711.47-시239ㅁ2-23,[서부]임시자료실(어린이),5
76,76,BRP000476579,"(손오공의 한자 대탐험) 마법천자문. 36, 우리와 함께! 참여할 참(參)",올댓스토리 글 ; 홍거북 그림,아울북,J 711.47-시239ㅁ2-36,[서부]임시자료실(어린이),5
77,77,BRP000476580,"(손오공의 한자 대탐험) 마법천자문. 37, 펼쳐라! 펼 전(展)",올댓스토리 글 ; 홍거북 그림,아울북,J 711.47-시239ㅁ2-37,[서부]임시자료실(어린이),5
78,78,BRP000476582,"(손오공의 한자 대탐험) 마법천자문. 39, 전해라! 전할 전(傳)",올댓스토리 글 ; 홍거북 그림,아울북,J 711.47-시239ㅁ2-39,[서부]임시자료실(어린이),5
79,79,BRP000476584,"(손오공의 한자 대탐험) 마법천자문. 40, 고와라! 고울 선(鮮)",올댓스토리 글 ; 홍거북 그림,아울북,J 711.47-시239ㅁ2-40,[서부]임시자료실(어린이),5
80,80,BRP000476585,"(손오공의 한자 대탐험) 마법천자문. 41, 내가 나아갈 길! 길 도(道)",올댓스토리 글 ; 홍거북 그림,아울북,J 711.47-시239ㅁ2-41,[서부]임시자료실(어린이),5
81,81,BRP000476586,"(손오공의 한자 대탐험) 마법천자문. 42, 오직 나만! 홀로 독(獨)",김현수 글 ; 홍거북 그림,아울북,J 711.47-시239ㅁ2-42,[서부]임시자료실(어린이),5
82,82,BRP000476587,"(손오공의 한자 대탐험) 마법천자문. 43, 약속해라! 맺을 약(約)",김현수 글 ; 홍거북 그림,아울북,J 711.47-시239ㅁ2-43,[서부]임시자료실(어린이),5
83,83,BRP000471734,"그리스 로마 신화 : 만화로 읽는 초등 인문학. 23, 거신족의 역습",박시연 글 ; 최우빈 그림,아울북,J 219-박59ㄱ-23,[서부]임시자료실(어린이),5
84,84,BRP000476588,"(손오공의 한자 대탐험) 마법천자문. 44, 죄를 씻어 내라! 목욕할 욕(浴)",김현수 글 ; 홍거북 그림,아울북,J 711.47-시239ㅁ2-44,[서부]임시자료실(어린이),5
85,85,BRP000471760,노란 꽃 사랑,윤혜인 지음,마야,813.7-윤94ㄴ,[서부]임시자료실(종합),5
86,86,BRP000471761,"모든 숨마다, 너 : 김결 장편소설. 1",김결 지음,탐,813.7-김14ㅁ-1,[서부]임시자료실(종합),5
87,87,BRP000471778,잘했고 잘하고 있고 잘 될 것이다,정영욱 지음,부크럼,818-정64ㅈ,[서부]임시자료실(종합),5
88,88,BRP000478871,"놓지 마 과학!. 15, 사라진 마이아사우라의 호박 장식을 찾아라","신태훈,나승훈 지음",위즈덤하우스,J 400-신832ㄴ-15=2,[서부]임시자료실(어린이),5
89,89,BRP000471866,백연화 : 변주애 장편소설. 上,변주애 지음,잇북,813.7-변77ㅂ-상,[서부]임시자료실(종합),5
90,90,BRP000471867,백연화 : 변주애 장편소설. 下,변주애 지음,잇북,813.7-변77ㅂ-하,[서부]임시자료실(종합),5
91,91,BRP000469384,선 넘는 로맨스:민지안 장편소설,민지안 지음,동아,813.7-민79ㅅ,[서부]임시자료실(종합),5
92,92,BRP000470102,통증이 사라진다! : 10초 트리거 포인트 누르기,사코다 카즈야 지음 ; 황혜연 옮김,흐름출판,512.57-사825ㅌ,[서부]임시자료실(종합),5
93,93,BRP000475611,"문방구 TV. 4, 재난 대탐구",문방구 TV 원작 ; 박동명 글 ; 도니패밀리 그림,서울문화사,J 813.8-문41ㅁ-4,[서부]임시자료실(어린이),5
94,94,BRP000475612,"문방구 TV. 5, 수수께끼 대탐구",문방구 TV 원작 ; 박동명 글 ; 도니패밀리 글,서울문화사,J 813.8-문41ㅁ-5,[서부]임시자료실(어린이),5
95,95,BRP000475613,"문방구 TV. 6, 속담 대탐구",문방구 TV 원작 ; 박동명 글 ; 도니패밀리 그림,서울문화사,J 813.8-문41ㅁ-6,[서부]임시자료실(어린이),5
96,96,BRP000478857,"놓지 마 과학!. 1, 정신이 달에 정신 놓다","신태훈, 나승훈 글·그림",위즈덤하우스,J 400-신832ㄴ2-1=2,[서부]임시자료실(어린이),5
97,97,BRP000476486,"놓지 마 과학!. 15, 사라진 마이아사우라의 호박 장식을 찾아라","신태훈,나승훈 지음",위즈덤하우스,J 400-신832ㄴ-15,[서부]임시자료실(어린이),5
98,98,BRP000476721,"(애니메이션 코믹북) 엉덩이 탐정. 5, 뿡뿡! 괴도 유 VS 괴도 유?!",트롤 원작 ;  도에이 애니메이션 글·구성 ; 김정화 옮김,미래엔아이세움,J 833.8-트235ㅇ-5,[서부]임시자료실(어린이),5
99,99,BRP000471709,사주팔자. 1,서자영 지음,고즈넉이엔티,813.7-서71ㅅ-1,[서부]임시자료실(종합),5
100,100,BRP000471710,사주팔자. 2,서자영 지음,고즈넉이엔티,813.7-서71ㅅ-2,[서부]임시자료실(종합),5
101,101,BRP000478823,"그리스 로마 신화 : 만화로 읽는 초등 인문학. 25, 파리스의 심판",박시연 글 ; 최우빈 그림,아울북,J 219-박59ㄱ-25,[서부]임시자료실(어린이),5
102,102,BRP000476779,"(GO GO) 카카오프렌즈 : 세계 역사 문화 체험 학습만화. 21, 캐나다",김미영 글 ; 김정한 그림,북이십일 아울북,J 980.2-김39ㅋ-21,[서부]임시자료실(어린이),5
103,103,BRP000471373,하루쯤 옛 도시 여행 : 경주·안동·공주·부여·김해 특별하게 여행하기 : 2021~2022 최신판,이학균 지음,디스커버리미디어,981.102-이91ㅎ,[서부]임시자료실(종합),5
104,104,BRP000474252,"(신비아파트) 한자 귀신. 16, 실종된 외계인",김강현 글 ; 김기수 그림,서울문화사,J 711.4-김11ㅎ-16,[서부]임시자료실(어린이),5
105,105,BRP000476860,손끝에 빛나는 나비. 上,이은비 지음,RMoon,813.7-이68ㅅ-상,[서부]임시자료실(종합),5
106,106,BRP000476861,손끝에 빛나는 나비. 下,이은비 지음,RMoon,813.7-이68ㅅ-하,[서부]임시자료실(종합),5
107,107,BRP000476865,당신을 원하는 나에게 : 이윤정 장편소설. 1,이윤정 지음,다향,813.7-이67ㄷ-1,[서부]임시자료실(종합),5
108,108,BRP000476866,당신을 원하는 나에게 : 이윤정 장편소설. 2,이윤정 지음,다향,813.7-이67ㄷ-2,[서부]임시자료실(종합),5
109,109,BRP000479010,(극장판 짱구는 못말려) 격돌! 낙서왕국과 얼추 네 명의 용사들,우스이 요시토 원작,학산문화사,J 833.8-우58ㄱ,[서부]임시자료실(어린이),5
110,110,BRP000453257,"(추리 천재) 엉덩이 탐정. 9, 세 마리 행운 고양이 사건",트롤 글·그림 ; 김정화 옮김,미래엔,J 833.8-트235ㅇ-9,[서부]임시자료실(어린이),5
111,111,BRP000476832,세상에서 가장 아름다운 이별 : 노희경 원작 소설 : [큰글자책],노희경 지음,북로그컴퍼니,대 813.7-노98ㅅ,[서부]임시자료실(종합),5
112,112,BRP000475427,웃다 보면 알게 되는 저학년 속담,도기성 지음,글송이,J 388.6-도19ㅇ,[서부]임시자료실(어린이),5
113,113,BRP000477954,"쿠키런 어드벤처 : 쿠키들의 신통방통 지리 여행. 47, 버섯왕의 부활",송도수 글 ; 서정은 그림,서울문화사,J 980-쿠829-47,[서부]임시자료실(어린이),5
114,114,BRP000470625,미드나잇 라이브러리,매트 헤이그 지음 ; 노진선 옮김,인플루엔셜,843.6-헤69ㅁ,[서부]임시자료실(종합),5
115,115,BRP000470621,취할 수 밖에. 1,유랑 지음,마롱,813.7-유231ㅊ-1,[서부]임시자료실(종합),5
116,116,BRP000475396,우리들의 MBTI : 나의 성격을 이해하고 더 멋진 내가 되는,"조수연,전판교 글 ; 소윤 그림",다산어린이,J 182-조57ㅇ,[서부]임시자료실(어린이),5
117,117,BRP000470613,흔한남매 불꽃 튀는 우리말. 2,흔한남매 원작 ; 한은호 글 ; 유희석 그림,다산어린이,J 710-흔91-2,[서부]임시자료실(어린이),5
118,118,BRP000474486,홍천기 : 정은궐 장편소설. 1,정은궐 지음,파란(파란미디어),813.7-정68ㅎ2-1,[서부]임시자료실(종합),5
119,119,BRP000470549,"흔한남매 과학 탐험대. 1, 우주","흔한남매 원작 ; 이재국,이현진 글 ; 김덕영 그림",주니어김영사,J 404-흔91-1,[서부]임시자료실(어린이),5
120,120,BRP000458566,당근 유치원 : 안녕달 그림책,안녕달 지음,창비,유 813.8-안214ㄷ=3,[서부]임시자료실(어린이),5
121,121,BRP000477289,내일. 1,라마 글·그림,알에이치코리아,818-라31ㄴ-1,[서부]임시자료실(종합),5
122,122,BRP000477291,내일. 2,라마 글·그림,알에이치코리아,818-라31ㄴ-2,[서부]임시자료실(종합),5
123,123,BRP000473263,싸워도 돼요?,고대영 글 ; 김영진 그림,길벗어린이,유 813.8-고222ㅆ=3,[서부]임시자료실(어린이),5
124,124,BRP000470538,여름이 떠나기 전에 : 김제이 장편소설,김제이 지음,로담,813.7-김73ㅇ,[서부]임시자료실(종합),5
125,125,BRP000470535,계모인데 딸이 너무 귀여워 : 이르 장편소설. 4,이르 지음,에이템포미디어,813.7-이238ㄱ-4,[서부]임시자료실(종합),5
126,126,BRP000470531,순조로운 결혼 : 아이수 장편소설,아이수 지음,동아,813.7-아69ㅅ,[서부]임시자료실(종합),5
127,127,BRP000473075,창백한 손의 온기 : 김빠 장편소설,김빠 지음,동아,813.7-김41ㅊ,[서부]임시자료실(종합),5
128,128,BRP000471712,써니사이드 업 : 닐라 장편소설. 1,닐라 지음,동아,813.7-닐231ㅆ-1,[서부]임시자료실(종합),5
129,129,BRP000474223,터널에서 살아남기,박송이 글 ; 한현동 그림,아이세움,J 372.42-박55ㅌ,[서부]임시자료실(어린이),5
130,130,BRP000477986,기나긴 하루 : 박완서 소설 : [큰글자책],박완서 지음,문학동네,대 813.7-박66ㄱ,[서부]임시자료실(종합),5
131,131,BRP000475069,밝은 밤 : 최은영 장편소설,최은영 지음,문학동네,813.7-최68ㅂ,[서부]임시자료실(종합),5
132,132,BRP000476421,"엔트리 코딩 탐정단. 1, 화재 편","박정호,문찬규,임우열,강태준 지음",생능출판사,J 005.1-엔838-1,[서부]임시자료실(어린이),5
133,133,BRP000475496,"요리스타 청. 8, 용기 있는 고백",조재호 글 ; 은하수 그림,주니어김영사,J 594.5-조72ㅇ-8,[서부]임시자료실(어린이),5
134,134,BRP000474176,"쿠키런 킹덤스쿨. 1, 부자 쿠키 vs 거지 쿠키",김언정 글 ; 이태영 그림,서울문화사,J 320-쿠829-1,[서부]임시자료실(어린이),5
135,135,BRP000475834,"서울 자가에 대기업 다니는 김 부장 이야기. 2, 정 대리·권 사원 편",송희구 지음,서삼독,327.04-송98ㅅ-2,[서부]임시자료실(종합),5
136,136,BRP000478982,놓지 마 어휘 : 한자어. 3,"신태훈,나승훈 글·그림",주니어김영사,J 711.4-신832ㄴ-3,[서부]임시자료실(어린이),5
137,137,BRP000474473,비정규직 황후 : 한민트 장편소설. 3,한민트 지음,로크미디어,813.7-한39ㅂ-3=2,[서부]임시자료실(종합),5
138,138,BRP000476776,(흔한남매) 별난 방탈출 : 탈출 미션 스토리북. 3,흔한남매 원작 ; 김언정 글 ; 차차 그림,Mirae N 아이세움,J 813.8-흔91ㅂ-3,[서부]임시자료실(어린이),5
139,139,BRP000476436,"그리스 로마 신화 : 만화로 읽는 초등 인문학. 24, 헤라클레스의 마지막 원정",박시연 글 ; 최우빈 그림,아울북,J 219-박59ㄱ-24,[서부]임시자료실(어린이),5
140,140,BRP000476761,"쿠키런 킹덤. 1, 작은 거인의 땅",김강현 글 ; 김기수 그림,서울문화사,J 813.8-김11ㅋ-1,[서부]임시자료실(어린이),5
141,141,BRP000478983,"(신비아파트) 한자 귀신. 17, 부서진 결계",김강현 글 ; 김기수 그림,서울문화사,J 711.4-김11ㅎ-17,[서부]임시자료실(어린이),5
142,142,BRP000471130,달까지 가자 : 장류진 장편소설,장류진 지음,창비,813.7-장237ㄷ=2,[서부]임시자료실(종합),5
143,143,BRP000477985,그러라 그래 : 양희은 에세이 : [큰글자책],양희은 지음,김영사,대 818-양98ㄱ,[서부]임시자료실(종합),5
144,144,BRP000445268,"(추리 천재) 엉덩이 탐정. 8, 괴도와 납치된 신부 사건",트롤 글·그림  ; 김정화 옮김,미래엔,J 833.8-트235ㅇ-8,[서부]임시자료실(어린이),5
145,145,BRP000477660,"쿠키런 킹덤스쿨. 2, 소비 천국 vs 낭비 지옥",김언정 글 ; 이태영 그림,서울문화사,J 320-쿠829-2,[서부]임시자료실(어린이),5
146,146,BRP000476556,"(손오공의 한자 대탐험) 마법천자문. 15, 간절히 바라는 마음! 바랄 희(希)",시리얼 글·그림,아울북,J 711.47-시239ㅁ2-15,[서부]임시자료실(어린이),4
147,147,BRP000476423,"엔트리 코딩 탐정단. 3, 대탈출 편","박정호,문찬규,임우열,강태준 지음",생능출판사,J 005.1-엔838-3,[서부]임시자료실(어린이),4
148,148,BRP000476557,"(손오공의 한자 대탐험) 마법천자문. 16, 서로를 생각하는 마음! 정 정(情)",시리얼 글·그림,아울북,J 711.47-시239ㅁ2-16,[서부]임시자료실(어린이),4
149,149,BRP000476561,"(손오공의 한자 대탐험) 마법천자문. 2, 솟아라! 뿔 각(角)",시리얼 글·그림,아울북,J 711.47-시239ㅁ2-2=2,[서부]임시자료실(어린이),4
150,150,BRP000477871,"소능력자들. 5, 출동, 소벤저스!",김하연 글 ; 송효정 그림,마술피리,J 813.8-김91ㅅ-5,[서부]임시자료실(어린이),4
151,151,BRP000471478,(흔한 남매의) 흔한 호기심 : 일상에서 만나는 과학 상식. 3,흔한남매 원작 ; 안치현 글 ; 유난희 그림,Mirae N 아이세움,J 404-흔91ㅎ-3=2,[서부]임시자료실(어린이),4
152,152,BRP000474474,비정규직 황후 : 한민트 장편소설. 2,한민트 지음,로크미디어,813.7-한39ㅂ-2=2,[서부]임시자료실(종합),4
153,153,BRP000474475,비정규직 황후 : 한민트 장편소설. 1,한민트 지음,로크미디어,813.7-한39ㅂ-1=2,[서부]임시자료실(종합),4
154,154,BRP000472907,생일 : 보드북,플레이송스 지음 ; 이경국 그림,바이시클,유 375.1-플233ㅅ,[서부]임시자료실(어린이),4
155,155,BRP000469454,Dazzling : 눈이 부시게 아름다운 : 오디너리 장편소설,오디너리 지음,다향,813.7-오229ㄷ,[서부]임시자료실(종합),4
156,156,BRP000474487,홍천기 : 정은궐 장편소설. 1,정은궐 지음,파란(파란미디어),813.7-정68ㅎ2-1=2,[서부]임시자료실(종합),4
157,157,BRP000476422,"엔트리 코딩 탐정단. 2, 박물관 편","박정호,문찬규,임우열,강태준 지음",생능출판사,J 005.1-엔838-2,[서부]임시자료실(어린이),4
158,158,BRP000476534,Why? K-pop,방콕고양이 글 ; 윤남선 그림,예림당,J 673-방825ㅇ,[서부]임시자료실(어린이),4
159,159,BRP000471180,불편한 편의점 : 김호연 장편소설,김호연 지음,나무옆의자,813.7-김95ㅂ,[서부]임시자료실(종합),4
160,160,BRP000477846,방귀의 1초 인생,말린 클링엔베리 글 ; 산나 만데르 그림 ; 기영인 옮김,창비,유 859.7-클239ㅂ,[서부]임시자료실(어린이),4
161,161,BRP000475833,"서울 자가에 대기업 다니는 김 부장 이야기. 1, 김 부장 편",송희구 지음,서삼독,327.04-송98ㅅ-1,[서부]임시자료실(종합),4
162,162,BRP000477854,"브레드 이발소 시즌2. 3, 우당탕탕! 빵들의 하루",몬스터스튜디오 원작 ; 임광천 구성,형설아이,J 813.8-몬58ㅂ-2-3,[서부]임시자료실(어린이),4
163,163,BRP000477857,(비밀의 보석 가게) 마석관. 2,히로시마 레이코 글 ; 사타케 미호 그림 ; 김정화 옮김,길벗스쿨,J 833.8-히235ㅁ-2,[서부]임시자료실(어린이),4
164,164,BRP000477922,하다와 황천행 돈가스 : 김다노 동화,김다노 지음 ; 홍그림 그림,책읽는곰,J 813.8-김221ㅎ,[서부]임시자료실(어린이),4
165,165,BRP000476834,"오늘, 난생처음 살아 보는 날 : 박혜란 세대 공감 에세이 : [큰글자책]",박혜란 지음,나무를 심는 사람들,대 591.9-박94ㅇ,[서부]임시자료실(종합),4
166,166,BRP000477937,"Why? 한국사. 43, 여걸",김정욱 글 ; 백문호 그림,예림당,J 911-와69-43,[서부]임시자료실(어린이),4
167,167,BRP000471413,3분 만화 바이러스 세계사,사이레이 지음 ; 이서연 옮김,정민미디어,J 475.5-사69ㅅ,[서부]임시자료실(어린이),4
168,168,BRP000477904,이상한 나라의 앨리스,이레나 트레비산 엮음 ; 나디아 파브리스 그림 ; 김지연 옮김,반(BARN),유 843-트233ㅇ,[서부]임시자료실(어린이),4
169,169,BRP000475988,"퇴근 후, 홈트",조유경 지음,리얼북스,593.5-조67ㅌ,[서부]임시자료실(종합),4
170,170,BRP000474488,홍천기 : 정은궐 장편소설. 2,정은궐 지음,파란미디어,813.7-정68ㅎ2-2,[서부]임시자료실(종합),4
171,171,BRP000478002,말하지 않는 한국사 : 교과서에서 배우지 못한 우리 역사의 불편한 진실 : [큰글자책],최성락 지음,페이퍼로드,대 911-최53ㅁ,[서부]임시자료실(종합),4
172,172,BRP000474489,홍천기 : 정은궐 장편소설. 2,정은궐 지음,파란미디어,813.7-정68ㅎ2-2=2,[서부]임시자료실(종합),4
173,173,BRP000469390,치명적인 결혼 : 소민(유카) 장편소설. 2,소민 지음,가연,813.7-소39ㅊ-2,[서부]임시자료실(종합),4
174,174,BRP000477792,"(극장판) 포켓몬스터 : 정글의 아이, 코코 : 극장판 애니 만화",타지리 사토시 원작,학산문화사,J 833.8-타79ㅍ,[서부]임시자료실(어린이),4
175,175,BRP000466878,"(신비아파트 고스트볼X의 탄생) 수학 귀신을 잡아라!. 4, 나와라! 곱셈의 요술",서지원 글 ; 김기수 그림,학산문화사,J 410-서79ㅅ-4,[서부]임시자료실(어린이),4
176,176,BRP000477020,인생에서 중요한 것만 남기는 힘 : 나의 우선순위가 분명해지는 최적의 삶,최다혜 지음,더 퀘스트,327.04-최221ㅇ,[서부]임시자료실(종합),4
177,177,BRP000467070,"(추리 천재) 엉덩이 탐정. 10, 사랑의 포로 사건",트롤 글·그림 ; 김정화 옮김,미래엔,J 833.8-트235ㅇ-10=2,[서부]임시자료실(어린이),4
178,178,BRP000467090,3분 만화 세계사,사이레이 지음 ; 김정자 옮김,정민미디어,J 909-사69ㅅ,[서부]임시자료실(어린이),4
179,179,BRP000476851,하루하라 미나와 순정 : 이유월 장편 소설. 2,이유월 지음,필프리미엄에디션,813.7-이67ㅎ-2,[서부]임시자료실(종합),4
180,180,BRP000476850,하루하라 미나와 순정 : 이유월 장편 소설. 1,이유월 지음,필프리미엄에디션,813.7-이67ㅎ-1,[서부]임시자료실(종합),4
181,181,BRP000449095,"(무엇이든 해결단) 허팝 연구소. 6 , 신비한 보물섬 대소동",라곰씨 글  ; 차차 그림,라이카미,J 400-라15ㅎ-6,[서부]임시자료실(어린이),4
182,182,BRP000469136,낭만 찐빵,문채빈 글·그림,Mirae N 아이세움,유 813.8-문812ㄴ,[서부]임시자료실(어린이),4
183,183,BRP000447295,달 샤베트,백희나 지음,책읽는곰,유 813.8-백98ㄷ=3,[서부]임시자료실(어린이),4
184,184,BRP000468011,"그냥, 은미",정승희 글 ; 윤태규 그림,마음이음,J 813.8-정58ㄱ,[서부]임시자료실(어린이),4
185,185,BRP000468080,요술맛 젤리,구사노 아키코 글 ; 히가시 치카라 그림 ; 우민정 옮김,그레이트북스,J 833.8-구51ㅇ,[서부]임시자료실(어린이),4
186,186,BRP000446127,(이상한 과자 가게) 전천당. 1-2,히로시마 레이코 글  ; 쟈쟈 그림  ; 김정화 옮김,길벗스쿨,J 833.8-히235ㅈ-2,[서부]임시자료실(어린이),4
187,187,BRP000469047,"에그박사 : 자연 생물 관찰 만화. 3, Egg&bugs",에그박사 원작 ; 박송이 글 ; 홍종현 그림,Mirae N 아이세움,J 472-에18ㅇ-3,[서부]임시자료실(어린이),4
188,188,BRP000444840,마음의 소리. 1-9,조석 원작,학산문화사,J 813.8-조53ㅁ-9=2,[서부]임시자료실(어린이),4
189,189,BRP000444838,마음의 소리. 1-9,조석 원작,학산문화사,J 813.8-조53ㅁ-7=2,[서부]임시자료실(어린이),4
190,190,BRP000477117,"도망가자, 깨끗한 집으로 : 우울증 직전의 아들 둘 엄마, 비우기 시작하자 인생이 달라졌다!",신우리 지음,멀리깊이,595.4-신67ㄷ,[서부]임시자료실(종합),4
191,191,BRP000465700,(이상한 과자 가게) 전천당. 8,히로시마 레이코 글 ; 쟈쟈 그림 ; 김정화 옮김,길벗스쿨,J 833.8-히235ㅈ-8=2,[서부]임시자료실(어린이),4
192,192,BRP000454702,흔한 남매 안 흔한 일기. 1,흔한남매 원작 ; 강효미 글 ; 조병주 그림,MiraeN 아이세움,J 813.8-흔91ㅎ-1,[서부]임시자료실(어린이),4
193,193,BRP000462226,달러구트 꿈 백화점 : 주문하신 꿈은 매진입니다 : 이미예 장편소설,이미예 지음,팩토리나인,813.7-이39ㄷ=2,[서부]올해의책(종합자료실),4
194,194,BRP000461807,(이상한 과자 가게) 전천당. 8,히로시마 레이코 글 ; 쟈쟈 그림 ; 김정화 옮김,길벗스쿨,J 833.8-히235ㅈ-8,[서부]임시자료실(어린이),4
195,195,BRP000477483,조선의 형사들 : 사라진 기와 : 정명섭 장편소설,정명섭 지음,Mongsil Books(몽실북스),813.7-정34ㅈ,[서부]임시자료실(종합),4
196,196,BRP000465751,(이상한 과자 가게) 전천당. 9,히로시마 레이코 글 ; 쟈쟈 그림 ; 김정화 옮김,길벗스쿨,J 833.8-히235ㅈ-9,[서부]임시자료실(어린이),4
197,197,BRP000477292,내일. 3,라마 글·그림,알에이치코리아,818-라31ㄴ-3,[서부]임시자료실(종합),4
198,198,BRP000465745,천공의 성 라퓨타,미야자키 하야오 원작,대원씨아이,J 833.8-미62ㅊ,[서부]임시자료실(어린이),4
199,199,BRP000465318,HELLO! 다이너소어 : 30마리 공룡송,책마중 지음 ; 이도균 그림,스마트베어,유 375.1-책31ㅎ,[서부]임시자료실(어린이),4
200,200,BRP000465802,흔한남매. 4,흔한남매 원작 ; 백난도 글 ; 유난희 그림,아이세움,J 813.8-흔91ㅎ-4=3,[서부]임시자료실(어린이),4
