﻿,0,1,2,3,4,5,6,7,8,9,10,11,12
0,연번,동명,프로그램,주소,대상,평균참여,운영횟수,운영시간,장소,수강료,강사유형,종류,데이터기준일자
1,1,송정1동,우리동네 가수왕 교실,광주광역시 광산구 송정로 70,일반주민,25,주1회,월 14:00~16:00,송정1동주민센터 2층,무료,자원봉사자,문화여가,2016-12-31
2,2,송정1동,기타리스트 밴드교실,광주광역시 광산구 송정로 70,일반주민,20,주2회,월+수 14:00~15:30,송정1동주민센터 2층,무료,자원봉사자,문화여가,2016-12-31
3,3,송정2동,신명나는 노래교실,광주광역시 광산구 광산로19번길 26  3층,일반주민,20,주1회,월 14:00~16:00,송정2동 주민자치센터,무료,자원봉사자,문화여가,2016-12-31
4,4,송정2동,힐링 요가교실,광주광역시 광산구 광산로19번길 26  3층,일반주민,30,주2회,화+목 19:30~21:30,송정2동 주민자치센터,무료,자원봉사자,문화여가,2016-12-31
5,5,송정2동,차차차 스포츠댄스교실,광주광역시 광산구 광산로19번길 26  3층,일반주민,30,주2회,월+금 19:00~20:30,송정2동 주민자치센터,무료,자원봉사자,문화여가,2016-12-31
6,6,도산동,서예교실,광주광역시 광산구 도산로 12,일반주민,15,주1회,화 10:00~12:00,도산동주민센터 2층,무료,자원봉사자,문화여가,2016-12-31
7,7,도산동,노래교실,광주광역시 광산구 도산로 12,일반주민,30,주1회,금 14:00~16:00,도산동주민센터 2층,무료,자원봉사자,문화여가,2016-12-31
8,8,도산동,요가교실,광주광역시 광산구 황룡동 1-2,일반주민,20,주2회,화+목 09:30~11:30,선봉스포렉스 생활체육관,무료,자원봉사자,문화여가,2016-12-31
9,9,도산동,힐링음악교실사물놀이편,광주광역시 광산구 도산로12번길 17-51,초등학생,15,주1회,금 16:00~18:00,아이조아홈스쿨지역아동센터,무료,자원봉사자,지역복지,2016-12-31
10,10,신흥동,가야금교실,광주광역시 광산구 신흥동안길 9,일반주민,15,주1회,화 14:00~15:00,신흥동주민센터 2층,무료,자원봉사자,문화여가,2016-12-31
11,11,신흥동,리코더합주교실,광주광역시 광산구 사암로27번길 58,일반주민,15,주1회,목 14:00~16:00,송정동초등학교 강당,무료,자원봉사자,문화여가,2016-12-31
12,12,신흥동,건강체조교실,광주광역시 광산구 신흥동안길 9,노인,15,주2회,수+금 14:00~15:00,신흥동주민센터 2층,무료,자원봉사자,지역복지,2016-12-31
13,13,신흥동,건강댄스교실,광주광역시 광산구 신흥동안길 9,일반주민,15,주2회,화+금 10:00~12:00,신흥동주민센터 2층,무료,자원봉사자,문화여가,2016-12-31
14,14,신흥동,진도북(춤)놀이,광주광역시 광산구 광산로68번길 13,일반주민,15,주1회,목 10:00~12:00,광산문화예술회관 별관,무료,자원봉사자,문화여가,2016-12-31
15,15,어룡동,실생활 토탈공예,광주광역시 광산구 소촌로152번길 38  관리동,일반주민,20,주2회,목+금 10:00~12:00,철쭉작은도서관,무료,자원봉사자,문화여가,2016-12-31
16,16,어룡동,음악줄넘기,광주광역시 광산구 송정공원로 85,일반주민,20,주2회,월+수 10:00~12:00,대명태권도 학원,무료,자원봉사자,문화여가,2016-12-31
17,17,어룡동,웰빙요가교실,광주광역시 광산구 선운중앙로 68,일반주민,20,주2회,월+수 10:00~12:00,선운휴먼시아 복지관,무료,자원봉사자,문화여가,2016-12-31
18,18,어룡동,다이어트 밸리댄스,광주광역시 광산구 선운중앙로 45  관리동,일반주민,20,주2회,화+목 14:30~16:00,선운 모아엘가 관리동,무료,자원봉사자,문화여가,2016-12-31
19,19,어룡동,생활 건강체조,광주광역시 광산구 선운중앙로 11,일반주민,44,주4회,월+화+수+목 19:00~20:00,선운초등학교 강당,무료,자원봉사자,문화여가,2016-12-31
20,20,우산동,해피요가교실,광주광역시 광산구 우산로85번길 25,일반주민,40,주3회,월+수+금 09:00~10:30,우산동주민센터 3층,무료,자원봉사자,문화여가,2016-12-31
21,21,우산동,힐링요가(초급반),광주광역시 광산구 우산로85번길 25,일반주민,20,주3회,월+수+금 10:30~12:00,우산동주민센터 3층,무료,자원봉사자,문화여가,2016-12-31
22,22,우산동,스윙 방송댄스,광주광역시 광산구 우산로85번길 25,일반주민,20,주1회,수 14:00~16:00,우산동주민센터 3층,무료,자원봉사자,문화여가,2016-12-31
23,23,우산동,명심보감 교실,광주광역시 광산구 우산로85번길 25,일반주민,20,주2회,수+금 10:00~12:00,우산동주민센터 2층,무료,자원봉사자,시민교육,2016-12-31
24,24,월곡1동,신바람 실버건강체조,광주광역시 광산구 월곡산정로 80,노인,20,주1회,목 13:00~15:00,금호경로당,무료,자원봉사자,지역복지,2016-12-31
25,25,월곡1동,풍물교실,광주광역시 광산구 용아로 390,일반주민,23,주2회,화 10:30~12:30 + 수 12:30~14:30,하남홈플러스 2층,무료,자원봉사자,문화여가,2016-12-31
26,26,월곡1동,크로스fc 축구교실,광주광역시 광산구 산정로6번길 21-20,학생,25,주2회,수 15:00~17:00 + 토 09:00~11:00,하남중앙초등학교,무료,강사(B급),토요에듀,2016-12-31
27,27,월곡1동,힐링요가교실,광주광역시 광산구 사암로 306,일반주민,25,주2회,월+수 15:00~16:30,월곡1동주민센터 2층,무료,자원봉사자,문화여가,2016-12-31
28,28,월곡1동,정리수납 전문가양성과정,광주광역시 광산구 사암로 306,일반주민,15,주1회,수 10:30~12:00,월곡1동주민센터 2층,무료,자원봉사자,시민교육,2016-12-31
29,29,월곡2동,탁구교실,광주광역시 광산구 산정공원로72번길 21-12,일반주민,20,주2회,월+수 15:00 ~ 18:00,월곡2동주민센터 2층,무료,자원봉사자,문화여가,2016-12-31
30,30,월곡2동,생생하모니 기타교실,광주광역시 광산구 산정공원로72번길 21-12,일반주민,20,주2회,화+수 10:00~12:00,월곡2동주민센터 2층,무료,자원봉사자,문화여가,2016-12-31
31,31,월곡2동,네이티브 영어회화,광주광역시 광산구 산정공원로72번길 21-12,일반주민,20,주1회,금 09:30~12:30,월곡2동주민센터 2층,무료,자원봉사자,시민교육,2016-12-31
32,32,월곡2동,자기주도학습,광주광역시 광산구 산정공원로72번길 21-12,초등학생+중학생,15,주1회,금 15:00~16:30,월곡2동주민센터 2층,무료,자원봉사자,지역복지,2016-12-31
33,33,월곡2동,즐거운 낭독교실,광주광역시 광산구 산정공원로72번길 21-12,다문화가정 자녀이주민 자녀,15,주1회,수 10:30~12:00,월곡2동주민센터 2층,무료,자원봉사자,지역복지,2016-12-31
34,34,월곡2동,POP 예쁜글씨,광주광역시 광산구 산정공원로72번길 21-12,일반주민,20,주1회,월 10:30~12:30,월곡2동주민센터 2층,무료,자원봉사자,문화여가,2016-12-31
35,35,비아동,힐링요가,광주광역시 광산구 비아중앙로31번길 6,일반주민,30,주3회,월+수+금 11:00~12:30,비아동주민센터 3층,무료,자원봉사자,문화여가,2016-12-31
36,36,비아동,POP＆캘리그라피,광주광역시 광산구 비아중앙로31번길 6,일반주민,30,주1회,화 09:30~12:30,비아동주민센터 2층,무료,자원봉사자,문화여가,2016-12-31
37,37,비아동,토요에듀케어어린이토탈공예,광주광역시 광산구 비아로 185,초등학생,30,주1회,토 09:00~12:00,비아까망이작은도서관,무료,자원봉사자,토요에듀,2016-12-31
38,38,첨단1동,볼링,광주광역시 광산구 첨단중앙로170번길 92,일반주민,20,주3회,월+수+금 13:00~16:00,첨단스포츠센터,무료,자원봉사자,문화여가,2016-12-31
39,39,첨단1동,사군자,광주광역시 광산구 첨단중앙로 160,일반주민,15,주1회,금 10:00~12:00,첨단1동주민센터 1층,무료,자원봉사자,문화여가,2016-12-31
40,40,첨단1동,배구교실,광주광역시 광산구 첨단중앙로181번길 70,일반주민,20,주3회,월+수+금 19:30~22:00,미산초등학교 대강당,무료,자원봉사자,문화여가,2016-12-31
41,41,첨단2동,흥겨운 우리가락,광주광역시 광산구 첨단중앙로124번길 24,일반주민,20,주1회,월 10:00~12:00,첨단2동주민센터 3층,무료,자원봉사자,문화여가,2016-12-31
42,42,첨단2동,웰빙요가교실,광주광역시 광산구 첨단중앙로124번길 24,일반주민,20,주3회,화+수+금 10:00~11:00,첨단2동주민센터 3층,무료,자원봉사자,문화여가,2016-12-31
43,43,첨단2동,밸리댄스,광주광역시 광산구 첨단중앙로124번길 24,일반주민,30,주3회,화+목+금 14:00~15:00,첨단2동주민센터 3층,무료,자원봉사자,문화여가,2016-12-31
44,44,첨단2동,생활과학교실,광주광역시 광산구 첨단중앙로124번길 24,초등학생,20,주1회,목 16:00~17:00,첨단2동주민센터 3층,무료,자원봉사자,시민교육,2016-12-31
45,45,첨단2동,양주호노래교실,광주광역시 광산구 첨단중앙로124번길 24,일반주민,30,주1회,월 16:00~17:30,첨단2동주민센터 3층,무료,자원봉사자,문화여가,2016-12-31
46,46,첨단2동,생명과학＆항공드론,광주광역시 광산구 첨단중앙로 96,일반주민,30,주1회,목 16:00~17:00,KG교육문화 사회적 협동조합,무료,자원봉사자,시민교육,2016-12-31
47,47,첨단2동,창의 교구 수학 및 보드게임,광주광역시 광산구 첨단중앙로 96,유아+초등학생,40,주1회,토 11:00~12:00,KG교육문화 사회적 협동조합,무료,자원봉사자,토요에듀,2016-12-31
48,48,신가동,웰빙요가교실,광주광역시 광산구 신가번영로47번길 9,일반주민,20,주3회,월+수+금 11:00~12:00,하일교회 문화센터,무료,자원봉사자,문화여가,2016-12-31
49,49,신가동,다문화한글교실(초급),광주광역시 광산구 신가번영로47번길 9,일반주민,15,주1회,목 19:30~21:00,하일교회 문화센터,무료,자원봉사자,시민교육,2016-12-31
50,50,신가동,원어민영어회화교실,광주광역시 광산구 신가번영로47번길 9,일반주민,20,주2회,화 10:00~13:00,하일교회 문화센터,무료,자원봉사자,시민교육,2016-12-31
51,51,운남동,요가교실(중급반),광주광역시 광산구 목련로219번길 25,일반주민,30,주3회,월+수+금 09:30~10:30,운남동주민센터 2층,무료,자원봉사자,문화여가,2016-12-31
52,52,운남동,요가교실(초급반),광주광역시 광산구 목련로219번길 25,일반주민,30,주2회,월+수+금 10:40~11:40,운남동주민센터 2층,무료,자원봉사자,문화여가,2016-12-31
53,53,운남동,댄스스포츠(중급),광주광역시 광산구 목련로219번길 25,일반주민,30,주2회,수+금 10:00~11:30,운남동주민센터 3층,무료,자원봉사자,문화여가,2016-12-31
54,54,운남동,통기타교실,광주광역시 광산구 목련로219번길 25,일반주민,20,주1회,월 10:00~11:30,운남동주민센터 3층,무료,자원봉사자,문화여가,2016-12-31
55,55,운남동,기체조,광주광역시 광산구 목련로219번길 25,일반주민,25,주2회,수+금 14:00~15:00,운남동주민센터 3층,무료,자원봉사자,문화여가,2016-12-31
56,56,운남동,캘리그라피,광주광역시 광산구 목련로219번길 25,일반주민,20,주1회,화 13:30~15:00,운남동주민센터 2층,무료,자원봉사자,문화여가,2016-12-31
57,57,운남동,방송댄스,광주광역시 광산구 목련로219번길 25,일반주민,30,주2회,화+목14:00~15:00,운남동주민센터 3층,무료,자원봉사자,문화여가,2016-12-31
58,58,운남동,노래교실,광주광역시 광산구 목련로219번길 25,일반주민,40,주1회,화 10:00~12:00,운남동주민센터 3층,무료,강사(B급),문화여가,2016-12-31
59,59,운남동,웃음치료,광주광역시 광산구 목련로219번길 25,일반주민,20,주1회,화 10:30~11:30,운남동주민센터 3층,무료,자원봉사자,문화여가,2016-12-31
60,60,신창동,요가(오전),광주광역시 광산구 왕버들로 291,일반주민,60,주3회,월 11:10~12:30 + 수+금 10:00~11:20,신창동주민센터 3층,무료,자원봉사자,문화여가,2016-12-31
61,61,신창동,요가(오후),광주광역시 광산구 왕버들로 291,일반주민,30,주3회,월+수+금 13:30~14:50,신창동주민센터 3층,무료,자원봉사자,문화여가,2016-12-31
62,62,신창동,스포츠댄스,광주광역시 광산구 왕버들로 291,일반주민,20,주2회,월 09:00~10:00+ 목 10:00~12:00,신창동주민센터 3층,무료,자원봉사자,문화여가,2016-12-31
63,63,신창동,노래교실,광주광역시 광산구 왕버들로 291,일반주민,30,주1회,화 10:00~12:00,신창동주민센터 3층,무료,자원봉사자,문화여가,2016-12-31
64,64,신창동,통기타교실(초중급),광주광역시 광산구 왕버들로 291,일반주민,15,주1회,월+수 15:00~17:00,신창동주민센터 2층,무료,자원봉사자,문화여가,2016-12-31
65,65,신창동,가온누리 오케스트라,광주광역시 광산구 왕버들로 291,일반주민,20,주1회,화 10:00~12:00,신창동주민센터 3층,무료,자원봉사자,문화여가,2016-12-31
66,66,신창동,興겨운 가야금,광주광역시 광산구 왕버들로 291,일반주민,15,주2회,화+목 10:00~12:00,신창동주민센터 3층,무료,자원봉사자,문화여가,2016-12-31
67,67,수완동,어린이 희망축구교실,광주광역시 광산구 풍영로 313,초등학생,40,주1회,토 10:00~12:00,성덕초등학교 운동장,무료,강사(B급),토요에듀,2016-12-31
68,68,수완동,요가,광주광역시 광산구 장덕로 158,일반주민,20,주2회,화+목 13:30~14:30,수완동주민센터 4층,무료,자원봉사자,문화여가,2016-12-31
69,69,수완동,밸리댄스,광주광역시 광산구 장덕로 158,주부,40,주2회,월+수 14:00~16:00,수완동주민센터 4층,무료,자원봉사자,문화여가,2016-12-31
70,70,수완동,얼쑤우리장단(고전무용),광주광역시 광산구 장덕로 158,주부,40,주2회,월+목 10:00~12:30,수완동주민센터 4층,무료,자원봉사자,문화여가,2016-12-31
71,71,수완동,얼쑤우리장단(가야금),광주광역시 광산구 장덕로 158,주부,40,주2회,월+금 16:00~18:00,수완동주민센터 4층,무료,자원봉사자,문화여가,2016-12-31
72,72,수완동,청소년플룻교실,광주광역시 광산구 장덕로 158,성인+청소년,20,주1회,화 16:00~18:00,수완동주민센터 2층,무료,자원봉사자,문화여가,2016-12-31
73,73,수완동,성악교실,광주광역시 광산구 장덕로 158,성인,20,주1회,수 16:00~18:00,수완동주민센터 4층,무료,자원봉사자,문화여가,2016-12-31
74,74,수완동,영어교실,광주광역시 광산구 장덕로 158,성인+청소년,20,주1회,화 13:30~16:30,수완동주민센터 2층,무료,자원봉사자,시민교육,2016-12-31
75,75,수완동,신나는 노래교실,광주광역시 광산구 장덕로 158,성인,40,주1회,금 10:00~12:00,수완동주민센터 4층,무료,자원봉사자,문화여가,2016-12-31
76,76,수완동,라인댄스(초급반),광주광역시 광산구 장덕로 158,성인,20,주1회,수 09:30~11:00,수완동주민센터 4층,무료,자원봉사자,문화여가,2016-12-31
77,77,수완동,라인댄스(중급반),광주광역시 광산구 장덕로 158,성인,20,주1회,수 11:10~12:40,수완동주민센터 4층,무료,자원봉사자,문화여가,2016-12-31
78,78,수완동,신나는 어린이 역사탐험대,광주광역시 광산구 장덕로 158,초등학생,20,주1회,수 16:00~18:00,수완동주민센터 2층,무료,자원봉사자,시민교육,2016-12-31
79,79,수완동,통기타교실,광주광역시 광산구 장덕로 158,성인+청소년,20,주1회,화 10:00~12:00,수완동주민센터 2층,무료,자원봉사자,문화여가,2016-12-31
80,80,수완동,난타교실,광주광역시 광산구 장덕로 158,성인+청소년,20,주1회,화+목 19:00~21:00,수완동주민센터 4층,무료,자원봉사자,문화여가,2016-12-31
81,81,하남동,POP＆캘리그라피,광주광역시 광산구 하남대로54번길 15,일반주민,30,주1회,월 09:30~12:30,하남동주민센터 3층,무료,자원봉사자,문화여가,2016-12-31
82,82,하남동,노래교실,광주광역시 광산구 하남대로54번길 15,일반주민,25,주1회,수 10:00~12:00,하남동주민센터 2층,무료,강사(B급),문화여가,2016-12-31
83,83,하남동,줌바다이어트댄스,광주광역시 광산구 하남대로54번길 15,일반주민,15,주2회,월+수 10:00~11:00,하남동주민센터 3층,무료,자원봉사자,문화여가,2016-12-31
84,84,하남동,요가교실(A),광주광역시 광산구 하남대로54번길 15,일반주민,20,주3회,월 11:30~12:30 + 화+목 10:00~11:00,하남동주민센터 2층,무료,자원봉사자,문화여가,2016-12-31
85,85,하남동,요가교실(B),광주광역시 광산구 하남대로54번길 15,일반주민,20,주3회,화+목 11:10~12:10 + 금 11:20~12:20,하남동주민센터 2층,무료,자원봉사자,문화여가,2016-12-31
86,86,하남동,우리의 멋  규방공예,광주광역시 광산구 하남대로54번길 15,일반주민,20,주5회,화 09:30~12:30,하남동주민센터 3층,무료,자원봉사자,문화여가,2016-12-31
87,87,하남동,빈티지 가죽공예,광주광역시 광산구 하남대로54번길 15,일반주민,20,주2회,목 09:30~12:30,하남동주민센터 3층,무료,자원봉사자,문화여가,2016-12-31
88,88,임곡동,신명나는 노래교실,광주광역시 광산구 고봉로 788,일반주민,30,주1회,금 14:00~16:00,임곡동주민센터 2층,무료,자원봉사자,문화여가,2016-12-31
89,89,임곡동,배드민턴 교실,광주광역시 광산구 고봉로 812,일반주민,30,주3회,월+화+목 19:00~22:00,광일고등학교 강당,무료,자원봉사자,문화여가,2016-12-31
90,90,임곡동,풍물 모듬북 교실,광주광역시 광산구 고봉로 807,일반주민,20,주1회,수 19:00~21:00,임곡농협 풍물방,무료,자원봉사자,문화여가,2016-12-31
91,91,임곡동,문화예술교실,광주광역시 광산구 고봉로 788,일반주민,20,주1회,목 14:00~17:00,임곡동주민센터 2층,무료,자원봉사자,문화여가,2016-12-31
92,92,동곡동,서예교실,광주광역시 광산구 동곡로 151-56,일반주민,20,주1회,목 14:00~16:00,동곡동주민센터 2층,무료,자원봉사자,문화여가,2016-12-31
93,93,동곡동,배드민턴 교실,광주광역시 광산구 동곡로 151-17,일반주민,20,주2회,화+목 18:00~20:00,동곡초등학교 체육관,무료,강사(B급),문화여가,2016-12-31
94,94,평동,모듬북교실,광주광역시 광산구 평동로 790,일반주민,20,주1회,월 12:30~14:30,평동주민센터 2층,무료,강사(B급),문화여가,2016-12-31
95,95,삼도동,배드민턴 교실,광주광역시 광산구 용진로 9,일반주민,20,주2회,화+목 19:00~21:00,삼도초등학교 체육관,무료,자원봉사자,문화여가,2016-12-31
96,96,삼도동,하하호호 힐링난타,광주광역시 광산구 오운로 433-1,일반주민,15,주2회,수+금 19:30~21:30,삼도동주민센터 2층,무료,자원봉사자,문화여가,2016-12-31
97,97,본량동,으라차차태권도,광주광역시 광산구 용진로 379,초등학생,17,주5회,매일 16:30~17:30,본량동주민센터 3층,무료,강사(B급),지역복지,2016-12-31
98,98,본량동,신바람 실버건강체조,광주광역시 광산구 용진로 379,일반주민,10,주3회,월+수+금 14:00~15:30,본량동주민센터 3층,무료,자원봉사자,문화여가,2016-12-31
99,99,본량동,모듬북과 사물놀이,광주광역시 광산구 용진로 379,일반주민,19,주5회,월+화+수+목+금 19:00~20:00,더하기센터,무료,강사(B급),문화여가,2016-12-31
