﻿,0,1,2,3,4,5,6
0,사업구분,기관명,주소,담당자,직위,전화,데이터기준일자
1,장애인 정보화교육,광주광역시동구장애인복지관,광주광역시 동구 백서로 198번길 7(서석동),김병진,팀장,070-4940-0611,2022-04-07
2,장애인 정보화교육,광주광역시시각장애인복지관,광주광역시 남구 천변좌로 382번길 6,김  준,정보화강사,062-415-9529,2022-04-07
3,장애인 정보화교육,엠마우스복지관,광주광역시 북구 북문대로20번길 38(운암동),유혜숙,직원,062-439-9572,2022-04-07
4,소외계층 정보화시범교육장(고령층),(사)한국복지정보통신협의회 광주전남지부,"광주광역시 동구 제봉로 166(장동, KT광주지사 7층)",구정주,총무국장,062-228-1305,2022-04-07
5,소외계층 정보화시범교육장(장애인),광주광역시장애인정보화협회,광주광역시 동구 학소로 62번길 7(소태동 491),김연덕,사무처장,062-942-2860,2022-04-07
