﻿,0,1,2,3,4,5,6,7
0,순위,등록번호,서명,저자,발행자,청구기호,자료실,대출횟수
1,1,BUA000436988,"설민석의 한국사 대모험. 18, 후삼국 편: 온달의 기묘한 시간 여행",설민석 ; 스토리박스 [공]지음 ; 정현희 그림,아이휴먼,J 911-설39ㅅ-18=3,[학생]어린이자료실(1층),13
2,2,BUA000420562,"십 년 가게. 3, 가끔은 거절도 합니다",히로시마 레이코 글 ; 사다케 미호 그림 ; 이소담 옮김,위즈덤하우스,J 833.8-히235ㅅ-3=2,[학생]어린이자료실(1층),12
3,3,BUA000426642,"(마음의 소리) 슬기로운 과학생활. 1, 바퀴벌레가 된 조석",조석 원작 ; 김언정 글 ; 김기수 그림,학산문화사,J 408-조53ㅅ-1,[학생]초등교과관련도서,10
4,4,BUA000429048,터널에서 살아남기,박송이 글 ; 한현동 그림,아이세움,J 408-서41-73,[학생]어린이자료실(1층),10
5,5,BUA000438533,"쿠키런 서바이벌 대작전. 39, 숨 막히는 추격 편",김강현 글 ; 김기수 그림,서울문화사,J 372.42-쿠829-39,[학생]어린이자료실(1층),10
6,6,BUA000436855,밍꼬발랄 공소시효. 6,밍꼬발랄 원작 ; 주상일 글 ; 라임 스튜디오 그림,겜툰,J 813.8-밍15ㅁ-6,[학생]어린이자료실(1층),10
7,7,BUA000436854,밍꼬발랄 공소시효. 5,밍꼬발랄 원작 ; 백승하 글 ; 라임스튜디오 그림,겜툰,J 813.8-밍15ㅁ-5,[학생]어린이자료실(1층),10
8,8,BUA000436853,밍꼬발랄 공소시효. 4,밍꼬발랄 원작 ; 주상일 글 ; 라임스튜디오 그림,겜툰,J 813.8-밍15ㅁ-4,[학생]어린이자료실(1층),10
9,9,BUA000438310,나는 너무 평범해,김영진 글·그림,길벗어린이,MC 813.8-김64ㄴ,[학생]이야기방(어린이실),9
10,10,BUA000438530,"쿠키런 서바이벌 대작전 : 안전상식 학습만화. 38, 수상한 만남 편",김강현 글 ; 김기수 그림,서울문화사,J 372.42-쿠829-38,[학생]어린이자료실(1층),9
11,11,BUA000439974,(코믹 메이플스토리) 수학도둑 : 응용편. 84,송도수 글 ; 서정 엔터테인먼트 그림,서울문화사,J 410-송225ㅅ-84=2,[학생]어린이자료실(1층),9
12,12,BUA000438898,"(전설의 모험왕)엉덩이 댄디 the young. 1, 보물은 내게 맡겨라!",트롤 원작 ; 하루하라 로빈슨 글·구성 ; 기쿠치 아키히로 그림 ; 김정화 옮김,미래엔,J 833.8-트235ㅇ-1,[학생]어린이자료실(1층),9
13,13,BUA000438574,식량위기에서 살아남기,곰돌이 co. 지음 ;  한현동 그림,아이세움,J 408-서41-74,[학생]어린이자료실(1층),9
14,14,BUA000436856,밍꼬발랄 공소시효. 7,밍꼬발랄 원작 ; 백승하 글 ; 라임 스튜디오 그림,겜툰,J 813.8-밍15ㅁ-7,[학생]어린이자료실(1층),9
15,15,BUA000434012,팔팔어묵탕,흥흥 글·그림,씨드북,J 594.5-맛69ㅆ-1,[학생]어린이자료실(1층),9
16,16,BUA000432094,(흔한남매의) 흔한 호기심. 1,흔한남매 원작 ; 안치현 글 ; 유난희 그림,Mirae N 아이세움,불(J) 408-흔91ㅎ-1=2,[학생]불로작은도서관,9
17,17,BUA000427932,급식왕 GO. 3,급식왕 원작 ; 최재연 글 ; 서후 콘티 ; 구은미 그림,아울북,J 813.8-급59ㄱ-3,[학생]어린이자료실(1층),9
18,18,BUA000433715,"(흔한남매) 과학 탐험대. 1, 우주","흔한남매 원작 ; 이재국,이현진 글 ; 김덕영 그림",주니어김영사,J 408-흔91ㄱ-1,[학생]어린이자료실(1층),9
19,19,BUA000433678,"놓지 마 과학!. 7, 정신이 모험에 정신놓다","신태훈,나승훈 글·그림",위즈덤하우스,J 400-신832ㄴ-7,[학생]어린이자료실(1층),9
20,20,BUA000427729,"브레드 이발소. [2], 초코의 면접",몬스터 스튜디오 글·그림,아이휴먼,MC 813.8-몬58ㅂ-[2],[학생]이야기방(어린이실),9
21,21,BUA000429137,엄마는 단짝친구. 28,이빈 글·그림,학산문화사,J 813.8-이49ㅇ-28,[학생]어린이자료실(1층),9
22,22,BUA000430731,흔한남매. 8,흔한남매 원작 ; 백난도 글 ; 유난희 그림,Mirea N 아이세움,J 813.8-흔91ㅎ-8,[학생]어린이자료실(1층),9
23,23,BUA000433779,급식왕 GO. 4,급식왕 원작 ; 최재연 글 ; 구은미 그림,아울북,J 813.8-급59ㄱ-4,[학생]어린이자료실(1층),9
24,24,BUA000421220,엄마는 단짝친구. 14,이빈 글·그림,학산문화사,J 813.8-이49ㅇ-14=3,[학생]어린이자료실(1층),9
25,25,BUA000420917,무인도에서 살아남기,최덕희 글 ; 강경효 그림,Mirae N 아이세움,J 400-서41-1,[학생]어린이자료실(1층),9
26,26,BUA000420863,(빈대 가족의) 슈퍼맨이 돌아왔다,김학연 글 ; 류수형 그림,재미북스,J 320-짠225-23,[학생]어린이자료실(1층),9
27,27,BUA000420373,"(추리 천재)엉덩이 탐정. 10, 사랑의 포로 사건",트롤 지음 ; 김정화 옮김,미래엔,J 833.8-트235ㅇ-10,[학생]어린이자료실(1층),9
28,28,BUA000421225,엄마는 단짝친구. 19,이빈 글·그림,학산문화사,J 813.8-이49ㅇ-19=2,[학생]어린이자료실(1층),9
29,29,BUA000421207,엄마는 단짝친구. 1,이빈 글·그림,학산문화사,J 813.8-이49ㅇ-1=2,[학생]어린이자료실(1층),9
30,30,BUA000425808,"(Go Go)카카오 프렌즈. 19, 한국 2",김미영 글 ; 김정한 그림,아울북,J 980.24-카821-19,[학생]어린이자료실(1층),9
31,31,BUA000422364,십 년 가게와 마법사들. 1,히로시마 레이코 지음 ; 사다케 미호 그림 ; 이소담 옮김,위즈덤하우스,J 833.8-히235ㅅ-1,[학생]어린이자료실(1층),9
32,32,BUA000416403,급식왕 GO. 1,급식왕 원작 ; 최재연 글 ; 구은미 그림,아울북,J 813.8-급59ㄱ-1,[학생]어린이자료실(1층),9
33,33,BUA000410214,"(Go Go) 카카오프렌즈 : 세계 역사 문화 체험 학습만화. 5, 중국(CHINA)",김미영 글 ; 김정한 그림,아울북(북이십일),J 980.24-카821-5=3,[학생]어린이자료실(1층),9
34,34,BUA000410224,(Who? Special) 도티,김현수 ; 유희석 그림,스튜디오다산,J 990.8-세14-[25],[학생]어린이자료실(1층),9
35,35,BUA000416404,급식왕 GO. 1,급식왕 원작 ; 최재연 글 ; 구은미 그림,아울북,J 813.8-급59ㄱ-1=2,[학생]어린이자료실(1층),8
36,36,BUA000410080,비밀의 화원,액토르 말로 원작 ; 고마츠바라히로코 편역 ; 기노히나타 그림 ; 양수현 번역,은하수미디어,J 808.91-초228-12,[학생]어린이자료실(1층),8
37,37,BUA000411835,"(퀴즈!)과학상식. 76, 드론과학",지음: 신혜영 ; 그림: 차현진,글송이,J 404-퀴78-76,[학생]어린이자료실(1층),8
38,38,BUA000413735,이상한 과자가게 전천당. 8,히로시마 레이코 ;  쟈쟈 그림 ;  김정화 옮김,길벗스쿨,J 833.8-히235ㅇ-8,[학생]어린이자료실(1층),8
39,39,BUA000413734,이상한 과자 가게 전천당. 7,히로시마 레이코 ; 쟈쟈 그림 ; 김정화 옮김,길벗스쿨,J 833.8-히235ㅇ-7=3,[학생]어린이자료실(1층),8
40,40,BUA000408790,"설민석의 한국사 대모험. 14, 명의 허준 편, 안녕, 로빈!","설민석,스토리박스 [공]글 ; 정현희 그림",아이휴먼,J 911-설39ㅅ-14,[학생]어린이자료실(1층),8
41,41,BUA000410213,"(Go Go) 카카오프렌즈 : 세계 역사 문화 체험 학습만화. 4, 미국(USA)",김미영 글 ; 김정한 그림,아울북(북이십일),J 980.24-카821-4=2,[학생]어린이자료실(1층),8
42,42,BUA000410084,눈의 여왕,원작: 한스 크리스티안 안데르센 ; 글: 양태석 ; 그림: 라임스튜디오,은하수미디어,J 808.91-초228-17,[학생]어린이자료실(1층),8
43,43,BUA000416437,"(손오공의 한자 대탐험) 마법천자문. 40, 고와라! 고울 선",올댓스토리 글 ; 홍거북 그림,북이십일,J 711.47-시239ㅁ-40,[학생]어린이자료실(1층),8
44,44,BUA000413241,(꼬마버스 타요) 사이좋게 지내요,키즈아이콘 기획,키즈아이콘,MC 375.1-키78ㅅ,[학생]유아자료실(어린이실),8
45,45,BUA000418106,"쿠키런 서바이벌 대작전. 30, 꿈속의 기억편",김강현 ; 김기수 그림,서울문화사,J 372.42-쿠829-30,[학생]어린이자료실(1층),8
46,46,BUA000418126,(코믹 메이플스토리) 수학도둑 : 기본편. 7,송도수 글 ; 서정은 그림,서울문화사,J 410-송225ㅅ-7,[학생]어린이자료실(1층),8
47,47,BUA000418121,(코믹 메이플스토리) 수학도둑 : 기본편. 2,송도수 글 ; 서정은 그림,서울문화사,J 410-송225ㅅ-2,[학생]어린이자료실(1층),8
48,48,BUA000409883,이상한 과자 가게 전천당. 7,히로시마 레이코 ; 쟈쟈 그림 ; 김정화 옮김,길벗스쿨,J 833.8-히235ㅇ-7,[학생]어린이자료실(1층),8
49,49,BUA000406917,"(카카오프렌즈) 과학탐정단. 3, 공룡",조영선 ; 최우빈 그림,대원키즈,J 400-과91-3,[학생]어린이자료실(1층),8
50,50,BUA000408682,이상한 과자 가게 전천당. 4,히로시마 레이코 ; 쟈쟈 그림 ; 김정화 옮김,길벗스쿨,J 833.8-히235ㅇ-4=3,[학생]어린이자료실(1층),8
51,51,BUA000340763,"도티&잠뜰 코딩. 1, 컴퓨터 편",유경원 글  ; 최대식 그림,대원키즈,J 375.2-방16-1,[학생]어린이자료실(1층),8
52,52,BUA000357323,허팝 과학파워  : 초등교과연계 과학학습만화. 1-2,유경원 글  ; 이연 그림,서울문화사,J 400-유14ㅎ-2,[학생]어린이자료실(1층),8
53,53,BUA000357322,허팝 과학파워  : 초등교과연계 과학학습만화. 1-2,유경원 글  ; 이연 그림,서울문화사,J 400-유14ㅎ-1,[학생]어린이자료실(1층),8
54,54,BUA000357296,"내일은 실험왕. 42, 중력과 무중력",스토리 a. 글 ; 홍종현 그림,미래엔 아이세움,J 407-곰225ㄴ-42,[학생]어린이자료실(1층),8
55,55,BUA000351409,"놓지 마 과학!. 5, 정신이 태양계에 정신 놓다",신태훈 ; 나승훈 글·그림,위즈덤하우스,J 400-신832ㄴ-5,[학생]어린이자료실(1층),8
56,56,BUA000351715,신비아파트 고스트볼의 비밀 : Tooniverse 방영 인기작. 1-6,서울문화사 [편],서울문화사,J 657.18-서67ㅅ-5=2,[학생]어린이자료실(1층),8
57,57,BUA000340867,도티&잠뜰 인공지능  : A.I. 를 이겨라!,유대영 글  ; 최우빈 그림,대원키즈,J 508-미232-2,[학생]어린이자료실(1층),8
58,58,BUA000335885,놓지 마 과학!. 1-2,"신태훈, 나승훈 글·그림",위즈덤하우스,J 400-신832ㄴ-2=2,[학생]어린이자료실(1층),8
59,59,BUA000422211,(코믹 메이플스토리)수학도둑 : 종합편. 80,송도수 지음 ; 서정 엔터테인먼트 그림,서울문화사,J 410-송225ㅅ-80,[학생]어린이자료실(1층),8
60,60,BUA000420921,미세먼지에서 살아남기,달콤팩토리 글 ; 한현동 그림,Mirae N 아이세움,J 400-서41-43=2,[학생]어린이자료실(1층),8
61,61,BUA000421236,"설민석의 한국사 대모험. 5,조선 시대 편 - 조선 시대 편 온달이 아빠는 너무 바빠요!","설민석,스토리박스 글 ; 정현희 그림",아이휴먼,J 911-설39ㅅ-5=3,[학생]어린이자료실(1층),8
62,62,BUA000421214,엄마는 단짝친구. 8,이빈 글·그림,학산문화사,J 813.8-이49ㅇ-8,[학생]어린이자료실(1층),8
63,63,BUA000420918,물 부족에서 살아남기,달콤팩토리 글 ; 한현동 그림,Mirae N 아이세움,J 400-서41-51=2,[학생]어린이자료실(1층),8
64,64,BUA000421217,엄마는 단짝친구. 11,이빈 글·그림,학산문화사,J 813.8-이49ㅇ-11,[학생]어린이자료실(1층),8
65,65,BUA000420930,아마존에서 살아남기,최덕희 글 ; 강경효 그림,Mirae N 아이세움,J 400-서41-2,[학생]어린이자료실(1층),8
66,66,BUA000422227,"(무엇이든 해결단)허팝 연구소. 8, 피라미드 대소동",라곰씨 글 ; 차차 그림,라이카미,J 400-라15ㅎ-8,[학생]어린이자료실(1층),8
67,67,BUA000420472,"레이튼 미스터리 탐정사무소. 6, 유령의 집",안치현 글 ; 팀키즈 그림,MiraeN 아이세움,J 813.8-안819ㄹ-6=2,[학생]어린이자료실(1층),8
68,68,BUA000422236,에그박사 : 자연 생물 관찰 만화. 3,에그박사 원작 ; 박송이 글 ; 홍종현 그림,Mirae N 아이세움,J 472-에18ㅇ-3,[학생]어린이자료실(1층),8
69,69,BUA000421222,엄마는 단짝친구. 16,이빈 글·그림,학산문화사,J 813.8-이49ㅇ-16=3,[학생]어린이자료실(1층),8
70,70,BUA000421212,엄마는 단짝친구. 6,이빈 글·그림,학산문화사,J 813.8-이49ㅇ-6,[학생]어린이자료실(1층),8
71,71,BUA000421223,엄마는 단짝친구. 17,이빈 글·그림,학산문화사,J 813.8-이49ㅇ-17=3,[학생]어린이자료실(1층),8
72,72,BUA000420892,"쿠키런 서바이벌 대작전. 17, 재난·재해 편",글: 김강현 ; 그림: 김기수,서울문화사,J 372.42-쿠829-17=4,[학생]어린이자료실(1층),8
73,73,BUA000421027,"퀴즈! 과학상식. 4, 발명 발견",도기성 지음,글송이,J 404-퀴78-4,[학생]어린이자료실(1층),8
74,74,BUA000423856,엄마는 단짝친구. 27,이빈 글·그림,학산문화사,J 813.8-이49ㅇ-27,[학생]어린이자료실(1층),8
75,75,BUA000421114,"내일은 발명왕. 1, 극과 극의 자석처럼",곰돌이 co. 글 ; 홍종현 그림,아이세움,J 507.5-곰225ㄴ-1=3,[학생]어린이자료실(1층),8
76,76,BUA000420755,"용선생이 간다 : 세계 문화 여행. 7, 호주","사회평론 역사연구소 글 ; 뭉선생,윤효식 [공]그림",사회평론,J 909-사96ㅇ-7=2,[학생]초등교과관련도서,8
77,77,BUA000422525,에그박사 : 자연 생물 관찰 만화. 2,에그박사 원작 ; 박송이 글 ; 홍종현 그림,Mirae N 아이세움,J 472-에18ㅇ-2,[학생]어린이자료실(1층),8
78,78,BUA000421069,"퀴즈! 과학상식. 46, 공격 방어",차현진 지음,글송이,J 404-퀴78-46,[학생]어린이자료실(1층),8
79,79,BUA000421328,수상한 운동장,박현숙 글 ; 유영주 그림,북멘토,J 813.8-박94ㅅ,[학생]어린이자료실(1층),8
80,80,BUA000422346,"브레드 이발소. 4, 개성만점 베이커리타운",몬스터스튜디오 원작 ; 임광천 구성,형설아이,J 813.8-몬58ㅂ-4,[학생]어린이자료실(1층),8
81,81,BUA000418878,슈퍼 토끼 : 유설화 그림책,유설화 글·그림,책읽는곰,MC 813.8-유53ㅅ=2,[학생]초등교과관련도서,8
82,82,BUA000420861,(빈대 가족의) 아빠 어디 가?,임창호 글 ; 류수형 그림,재미북스,J 320-짠225-21,[학생]어린이자료실(1층),8
83,83,BUA000421172,"(손오공의 한자 대탐험) 마법천자문. 26, 포효하는 맹수! 사나울 맹",올댓스토리 글 ; 홍거북 그림,아울북,J 711.47-시239ㅁ-26=2,[학생]어린이자료실(1층),8
84,84,BUA000420869,(빈대 가족의) 절약 영재 발굴단,임창호 글 ; 류수형 그림,재미북스,J 320-짠225-29=4,[학생]어린이자료실(1층),8
85,85,BUA000420520,"브레드 이발소. 2, 귀염뽀짝 베이커리타운",몬스터스튜디오 원작·그림,한솔수북,J 813.8-몬58ㅂ-2,[학생]어린이자료실(1층),8
86,86,BUA000420876,"쿠키런 서바이벌 대작전. 1, 정글 편",김강현 글 ; 김기수 그림,서울문화사,J 372.42-쿠829-1=3,[학생]어린이자료실(1층),8
87,87,BUA000422551,"(신비아파트) 한자귀신. 10, 팔척귀의 함정",김강현 글 ; 김기수 그림,서울문화사,J 711.4-김11ㅎ-10,[학생]어린이자료실(1층),8
88,88,BUA000420882,"쿠키런 서바이벌 대작전. 7, 빙하 편",김강현 글 ; 김기수 그림,서울문화사,J 372.42-쿠829-7=3,[학생]어린이자료실(1층),8
89,89,BUA000422220,"다 푼다 카카오프렌즈. 4, 수의 크기 비교와 곱셈",김혜성 글 ; 이태영 그림,대원키즈,J 410-다847-4,[학생]어린이자료실(1층),8
90,90,BUA000420372,이상한 과자 가게 전천당. 9,히로시마 레이코 지음 ; 쟈쟈 그림 ; 김정화 옮김,길벗스쿨,J 833.8-히235ㅇ-9=3,[학생]어린이자료실(1층),8
91,91,BUA000389351,"(손오공의 한자 대탐험) 마법천자문. 28, 한곳으로 모여라! 모일 회",올댓스토리 글  ; 홍거북 그림,북이십일,J 711.47-시239ㅁ-28,[학생]어린이자료실(1층),8
92,92,BUA000389348,"(손오공의 한자 대탐험) 마법천자문. 25, 빈틈없이 막아라 방패 순",올댓스토리 글  ; 홍거북 그림,북이십일,J 711.47-시239ㅁ-25,[학생]어린이자료실(1층),8
93,93,BUA000391045,"설민석의 한국사 대모험. 11, 고구려 편",설민석 ; 스토리박스 글 ; 정현희 그림 ; 태건역사연구소 감수,아이휴먼,J 911-설39ㅅ-11,[학생]어린이자료실(1층),8
94,94,BUA000389578,이상한 과자 가게 전천당. 2,히로시마 레이코 지음 ; 쟈쟈 그림 ; 김정화 옮김,길벗스쿨,J 833.8-히235ㅇ-2,[학생]어린이자료실(1층),8
95,95,BUA000390820,에너지 충전,박종진 씀 ; 송선옥 그림,소원나무,MC 813.8-박75ㅇ,[학생]초등교과서수록도서,8
96,96,BUA000428015,우당탕탕 야옹이와 바다 끝 괴물,구도 노리코 글·그림 ; 윤수정 옮김,책읽는곰,J 833.8-구225ㅇ,[학생]어린이자료실(1층),8
97,97,BUA000432097,(흔한남매의) 흔한 호기심. 3,흔한남매 원작 ; 안치현 글 ; 유난희 그림,Mirae N 아이세움,J 408-흔91ㅎ-3,[학생]어린이자료실(1층),8
98,98,BUA000429118,"브레드 이발소. 4, 위기의 베이커리타운",몬스터 스튜디오 원작·글·그림,한솔수북,J 813.8-몬58ㅂ-4,[학생]어린이자료실(1층),8
99,99,BUA000429145,요괴의 아이를 돌봐드립니다. 6,히로시마 레이코 지음 ; 미노루 그림 ; 김지영 옮김,넥서스FRIENDS,J 833.8-히235ㅇ-6,[학생]어린이자료실(1층),8
100,100,BUA000433701,"(정재승의) 인간 탐구 보고서. 7, 인간은 타고난 거짓말쟁이다","정재은,이고은 글 ; 김현민 그림",아울북,J 511-정72ㅇ-7,[학생]어린이자료실(1층),8
