﻿,0,1,2,3,4,5
0,보고서명,등록번호,발간년도,주제,연구책임자,URL
1,고교학점제 도입에 따른 교과목 체계와 이수 경로 탐색,RRC 2021-2,2021,교육과정,김영은,https://www.kice.re.kr/resrchBoard/view.do?seq=800&s=kice&m=030109
2,미래 사회 메가트렌드에 따른 학교지식의 구상과 교육과정 재구조화(Ⅰ),RRC 2021-3,2021,교육과정,정영근,https://www.kice.re.kr/resrchBoard/view.do?seq=823&s=kice&m=030109
3,교육 자치에 따른 지역과 학교 수준의 초·중학교 교육과정 설계 실태 분석 및 지원 방안 탐색,RRC 2021-4-1,2021,교육과정,이승미,https://www.kice.re.kr/resrchBoard/view.do?seq=805&s=kice&m=030109
4,고교학점제 도입에 따른 공동교육과정 개선 방안 탐색,RRC 2021-5,2021,교육과정,이주연,https://www.kice.re.kr/resrchBoard/view.do?seq=803&s=kice&m=030109
5,"초·중학교 교과 교육과정 개선 방안 탐색: 국어, 도덕, 사회, 수학, 영어",RRC 2021-6-1,2021,교육과정,주형미,https://www.kice.re.kr/resrchBoard/view.do?seq=818&s=kice&m=030109
6,"초·중학교 교과 교육과정 개선 방안 탐색: 실과/기술·가정, 체육, 음악, 미술",RRC 2021-6-2,2021,교육과정,주형미,https://www.kice.re.kr/resrchBoard/view.do?seq=819&s=kice&m=030109
7,교과교육에서의 시각 자료 이해·활용 능력 제고 방안 연구,RRC 2021-7,2021,교육과정,김혜숙,https://www.kice.re.kr/resrchBoard/view.do?seq=821&s=kice&m=030109
8,교육용 텍스트의 이독성 평가 준거 개발 연구,RRC 2021-8,2021,교육과정,최소영,https://www.kice.re.kr/resrchBoard/view.do?seq=822&s=kice&m=030109
9,국가수준 학업성취도 평가의 컴퓨터 기반 평가 체제 구축 방안,RRE 2021-1,2021,교육평가,구남욱,https://www.kice.re.kr/resrchBoard/view.do?seq=826&s=kice&m=030109
10,컴퓨터 기반 국가수준 학업성취도 평가(eNAEA)의 검사 도구 정교화 연구,RRE 2021-2,2021,교육평가,이재봉,https://www.kice.re.kr/resrchBoard/view.do?seq=824&s=kice&m=030109
11,교육 빅데이터 구축 및 활용 방안 -국가수준 학업성취도 평가 자료를 중심으로,RRE 2021-3,2021,교육평가,최인봉,https://www.kice.re.kr/resrchBoard/view.do?seq=804&s=kice&m=030109
12,OECD 국제 학업성취도 평가 연구: PISA 2018 상위국 성취특성 및 교육맥락변인과의 관계 분석,RRE 2021-4,2021,교육평가,최인선,https://www.kice.re.kr/resrchBoard/view.do?seq=828&s=kice&m=030109
13,TIMSS 2019 결과 및 변화 추이 심층 분석,RRE 2021-5,2021,교육평가,서민희,https://www.kice.re.kr/resrchBoard/view.do?seq=802&s=kice&m=030109
14,ICILS 2018 심층 분석 및 ICILS 2023 평가 기반 구축,RRE 2021-6,2021,교육평가,서민희,https://www.kice.re.kr/resrchBoard/view.do?seq=801&s=kice&m=030109
15,평가를 활용한 초·중등학생 글쓰기 능력 신장 방안 연구(Ⅱ),RRE 2021-7,2021,교육평가,박혜영,https://www.kice.re.kr/resrchBoard/view.do?seq=812&s=kice&m=030109
16,온라인 교육에서의 학생평가 운영 방안 탐색,RRE 2021-8,2021,교육평가,구자옥,https://www.kice.re.kr/resrchBoard/view.do?seq=809&s=kice&m=030109
17,핵심역량 평가를 위한 컴퓨터 기반 평가 시스템 (KICE-eAssessment) 개발 연구(Ⅲ),RRE 2021-9,2021,교육평가,박종임,https://www.kice.re.kr/resrchBoard/view.do?seq=815&s=kice&m=030109
18,교육의 출발선 평등을 위한 교수학습 지원 체제 구축(Ⅰ),RRI 2021-1,2021,교수·학습,노원경,https://www.kice.re.kr/resrchBoard/view.do?seq=807&s=kice&m=030109
19,학교 교육에서의 블렌디드 러닝 (Blended Learning) 실행 방안 탐색,RRI 2021-2,2021,교수·학습,홍선주,https://www.kice.re.kr/resrchBoard/view.do?seq=813&s=kice&m=030109
20,초·중학교 원격수업에서의 학습 격차 완화를 위한 지원 방안 탐색,RRI 2021-3,2021,교수·학습,권유진,https://www.kice.re.kr/resrchBoard/view.do?seq=810&s=kice&m=030109
21,교과별 핵심 개념에 대한 학생의 이해 특성 분석과 교수학습 전략 탐색,RRI 2021-4,2021,교수·학습,김재홍,https://www.kice.re.kr/resrchBoard/view.do?seq=827&s=kice&m=030109
22,학교 온라인 수업을 위한 교과별 교수학습 설계 방안 탐색,RRI 2021-5,2021,교수·학습,박주현,https://www.kice.re.kr/resrchBoard/view.do?seq=814&s=kice&m=030109
23,"초등학교 1~2학년 국어, 수학 교과서 어휘에 대한 학습자 이해 지원 방안",RRI 2021-6,2021,교수·학습,양정실,https://www.kice.re.kr/resrchBoard/view.do?seq=811&s=kice&m=030109
24,"기초학력 보장을 위한 문해력, 수리력 진단도구 개발(Ⅱ) - 문해력, 수리력의 예시문항 개발 및 타당성 검토 -",RRI 2021-7,2021,교수·학습,박선화,https://www.kice.re.kr/resrchBoard/view.do?seq=808&s=kice&m=030109
