﻿,0,1,2,3,4,5,6,7
0,순위,등록번호,서명,저자,발행자,청구기호,자료실,대출횟수
1,1,BPG000193533,(쿠키런) 한자런  : 달리는 쿠키들의 한자 대모험. 1-10,글: 조주희  ; 그림: 이태영,서울문화사,J 711.4-조77ㅎ-8,[달성]어린이자료실,13
2,2,BPG000226336,"그리스 로마 신화. 18, 아르고호 원정대의 용감한 모험",글: 박시연 ; 그림: 최우빈,아울북,J 219-그239-18,[달성]어린이자료실,13
3,3,BPG000196838,"쿠키런 서바이벌 대작전. 14, 갯벌 편",김강현 글 ; 김기수 그림,서울문화사,J 372.42-쿠829-14,[달성]어린이자료실,12
4,4,BPG000221406,(흔한남매) 안 흔한 일기. 3,원작: 흔한남매 ; 글: 강효미 ; 그림: 조병주,미래엔,J 813.8-흔91ㅎ-3,[달성]어린이자료실,12
5,5,BPG000225483,(카카오프렌즈) 과학 탐정단. 1-5,"글: 조영선,이람이 ; 그림: 최우빈,최철민",대원키즈,J 400-카825ㄱ-2,[달성]어린이자료실,11
6,6,BPG000224006,"(무엇이든 해결단)허팝 연구소. 8, 피라미드 대소동",라곰씨 글 ; 차차 그림,라이카미,J 408-라15ㅎ-8=2,[달성]어린이자료실,11
7,7,BPG000191702,(신비아파트) 고스트볼의 비밀. 1,[서울문화사 편],서울문화사,J 810-신49-1,[달성]어린이자료실,11
8,8,BPG000196944,(신비아파트)고스트볼의 비밀. 6,[은하수미디어 편집부 편],은하수미디어,J 810-신49-6,[달성]어린이자료실,11
9,9,BPG000193511,과학은 단짝친구. 1-10,원작: 이빈  ; 글: 이빈 ; 김언정 ; 김정욱  ; 그림: 신재환 ; 하늘코끼리 ; 정석호 ; 김기수,학산문화사,J 408-이49ㄱ-9,[달성]어린이자료실,11
10,10,BPG000196382,"(쿠키런) 서바이벌 대작전. 13, 신비한 섬 편",김강현 글 ; 김기수 그림,서울문화사,J 372.42-쿠829-13,[달성]어린이자료실,11
11,11,BPG000192265,"쿠키런 서바이벌 대작전. 9, 지진 편",김강현 글 ; 김기수 그림,서울문화사,J 372.42-쿠829-9,[달성]어린이자료실,11
12,12,BPG000201127,"(쿠키런) 서바이벌 대작전. 17, 재난.재해 편",김강현 글 ; 김기수 그림,서울문화사,J 372.42-김11ㅅ-17,[달성]어린이자료실,11
13,13,BPG000200303,"(신비아파트) 고스트 탐험대  : 세계 상징문화 학습만화. 2, 중유럽 5개국 : 독일, 폴란드, 헝가리, 스위스, 오스트리아",글: 임우영  ; 그림: 정은정,서울문화사,J 909-고58-2,[달성]어린이자료실,11
14,14,BPG000226578,"놓지 마 과학!. 4, 정신이 소화에 정신 놓다","신태훈,나승훈 글·그림",위즈덤하우스,J 408-놓79-4,[달성]어린이자료실,11
15,15,BPG000226626,(브레드 이발소 윌크가 들려주는) 단짠단짠 디저트의 역사. 2,몬스터스튜디오 원작 글·그림,북센스,J 594-몬58ㄷ-2,[달성]어린이자료실,11
16,16,BPG000230536,"(신비아파트)한자 귀신. 15, 로봇의 마음",김강현 글 ; 김기수 그림,서울문화사,J 711.4-김11ㅎ-15,[달성]어린이자료실,11
17,17,BPG000213766,"그리스 로마 신화. 13, 도도한 여신, 아르테미스의 원칙",박시연 글 ;  최우빈 그림,북이십일 아울북,J 219-그239-13,[달성]어린이자료실,11
18,18,BPG000206519,"그리스 로마 신화. 9, 에루로페의 위대한 운명",박시연 글 ; 최우빈 그림,아울북(북이십일),J 219-박59ㄱ-9,[달성]어린이자료실,11
19,19,BPG000211711,"안녕, 티라노  : 영원히, 함께",대원키즈 편집부 지음,대원키즈,J 813.8-대67ㅇ,[달성]어린이자료실,10
20,20,BPG000206834,"(Go Go) 카카오 프렌즈. 6, 이탈리아",김미영 글  ; 김정한 그림,아울북,J 980.2-카821-6,[달성]어린이자료실,10
21,21,BPG000207546,도티&잠뜰 지식왕  : 미스터리 이야기  : 세상 모든 지식 사전,글: 전판교  ; 그림: 최우빈,대원키즈,J 031-전841ㄷ,[달성]어린이자료실,10
22,22,BPG000207750,(신비아파트) 고스트 탐험대. 9,"임우영 글  ; 카툰TM, 오윤미 그림",서울문화사,J 909-고58-9,[달성]어린이자료실,10
23,23,BPG000211751,흔한남매. 1-2,글: 백난도 ; 그림: 유난희 ; 원작: 흔한남매,미래엔,J 813.8-흔91-2,[달성]어린이자료실,10
24,24,BPG000204935,"놓지 마 과학!. 8, 정신이 화석에 정신 놓다",신태훈 ; 나승훈 [공]글·그림,위즈덤하우스,J 400-신832ㄴ-8,[달성]어린이자료실,10
25,25,BPG000211191,"(신비아파트) 고스트 탐험대. 7, 동아시아",임우영 글  ; 카툰TM ; 오윤미 그림  ; 박영수 콘텐츠,서울문화사,J 909-고58-7,[달성]어린이자료실,10
26,26,BPG000228096,"설민석의 고사성어 대격돌. 1, 위기일발! 명량에 숨은 고사성어를 찾아라!","글: 설민석,스토리콘 ; 그림: 김문식",한솔수북,J 714-설39ㅅ-1,[달성]어린이자료실,10
27,27,BPG000225768,흔한남매의 흔한 호기심 : 일상에서 만나는 과학 상식. 3,원작: 흔한남매 ; 글: 안치현 ; 그림: 유난희,Mirae N 아이세움,J 404-흔91ㅎ-3,[달성]어린이자료실,10
28,28,BPG000227966,"마인드 스쿨. 18, 꿈 찾는 방법을 쏙! 알게되는 책",김정미 글 ; 문인호 그림,고릴라박스,J 190-마69-18,[달성]어린이자료실,10
29,29,BPG000226487,에그박사. 1,에그박사 원작 ; 박송이 글 ; 홍종현 그림,Mirae N 아이세움,J 472-에18-1,[달성]어린이자료실,10
30,30,BPG000228087,"놓지 마 어휘 : 한자어. 2, ㅁ~ㅅ","신태훈,나승훈 글·그림",주니어김영사,J 714-놓79-2,[달성]어린이자료실,10
31,31,BPG000226333,"그리스 로마 신화. 15, 신에 도전한 인간들",박시연 글 ; 최우빈 그림,아울북,J 219-그239-15,[달성]어린이자료실,10
32,32,BPG000230940,"놓지 마 과학!. 16, 으스스 숲 캠핑장의 검은 그림자","글·그림: 신태훈,나승훈",위즈덤하우스,J 408-놓79-16,[달성]어린이자료실,10
33,33,BPG000176574,반지의 얼렁뚱땅 비밀일기. 1~5,종이 글.그림,대원미디어,J 813.8-종69ㅂ-3,[달성]어린이자료실,10
34,34,BPG000201316,"(Go go) 카카오 프렌즈  : 세계 역사 문화 체험 학습만화. 1, 프랑스 = France",원화: 카카오 프렌즈 주식회사  ; 글: 김미영  ; 그림: 김정한,아울북,J 980.2-카821-1,[달성]어린이자료실,10
35,35,BPG000192320,"쿠키런 어드벤처 : 쿠키들의 신나는 세계여행. 4, 뉴욕",송도수 글  ; 서정은 그림,서울문화사,J 980.24-쿠829-4,[달성]어린이자료실,10
36,36,BPG000201324,"(신비아파트) 고스트 탐험대. 3, 남유럽 5개국(이탈리아, 불가리아, 포르투갈, 스페인, 그리스)",임우영 글 ; 정은정 그림,서울문화사,J 909-고58-3,[달성]어린이자료실,10
37,37,BPG000192258,"쿠키런 서바이벌 대작전. 2, 바다 편",김강현 글 ; 김기수 그림,서울문화사,J 372.42-쿠829-2,[달성]어린이자료실,10
38,38,BPG000201601,"그리스 로마 신화. 3, 새로운 신들의 탄생",박시연 글 ; 최우빈 그림,북이십일 아울북,J 219-그239-3,[달성]어린이자료실,10
39,39,BPG000192264,"쿠키런 서바이벌 대작전 : 안전상식 학습만화. 8, 용의 협곡 편",김강현 지음  ; 김기수 그림,서울문화사,J 372.42-쿠829-8,[달성]어린이자료실,10
40,40,BPG000201745,"(신비아파트) 고스트 탐험대. 4, 북유럽 5개국 : 스웨덴, 덴마크, 핀란드, 노르웨이, 러시아",서울문화사 편집부 ; 임우영 지음 ; 카툰 TM 정은정 그림,서울문화사,J 909-고58-4,[달성]어린이자료실,10
41,41,BPG000193509,과학은 단짝친구. 1-10,원작: 이빈  ; 글: 이빈 ; 김언정 ; 김정욱  ; 그림: 신재환 ; 하늘코끼리 ; 정석호 ; 김기수,학산문화사,J 408-이49ㄱ-7,[달성]어린이자료실,10
42,42,BPG000198465,(도티 & 잠뜰) 가상 현실&증강 현실  : 큐브를 찾아라!,고문종 글 ; 최우빈 그림,대원키즈,J 508-도839,[달성]어린이자료실,10
43,43,BPG000195287,도티&잠뜰 인공지능  : A.I. 를 이겨라!,유대영 글 ; 최우빈 그림,대원키즈,J 559-유222ㄷ,[달성]어린이자료실,10
44,44,BPG000193530,(쿠키런) 한자런  : 달리는 쿠키들의 한자 대모험. 1-10,글: 조주희  ; 그림: 이태영,서울문화사,J 711.4-조77ㅎ-5,[달성]어린이자료실,10
45,45,BPG000195410,"쿠키런 어드벤처. 21, 서울",송도수 글 ; 서정은 그림,서울문화사,J 980.24-송225ㅋ-21,[달성]어린이자료실,10
46,46,BPG000202236,"쿠키런 서바이벌 대작전 : 안전상식 학습만화. 16, 방사능 편",김강현 글 ; 김기수 그림,서울문화사,J 372.42-쿠829-16,[달성]어린이자료실,10
47,47,BPG000202963,(미래과학상식) 도티＆잠뜰 뇌과학 : 천재 소년을 깨워라,이영미 글 ; 최대식 그림,대원키즈,J 511.4813-이64ㄷ,[달성]어린이자료실,10
48,48,BPG000222529,(이상한 과자 가게) 전천당. 7,히로시마 레이코 글 ; 쟈쟈 그림 ; 김정화 옮김,길벗스쿨,J 833.8-히235ㅈ-7=2,[달성]어린이자료실,10
49,49,BPG000225527,"(신비아파트)한자귀신. 8, 혼돈의 도시",김강현 글 ; 김기수 그림,서울문화사,J 711.4-김11ㅎ-8,[달성]어린이자료실,10
50,50,BPG000221475,에그박사의 닮은꼴 사파리,에그박사 지음 ; 유남영 그림,다락원,J 472-에18ㅇ,[달성]어린이자료실,10
51,51,BPG000225508,손흥민 꿈을 향해 달려라. 1-4,글: 스토리랩 ; 그림: 윤현우,주니어RHK,J 998.6-손98ㅅ-1,[달성]어린이자료실,10
52,52,BPG000222540,흔한남매. 5,흔한남매 원작 ; 백난도 글 ; 유난희 그림,아이세움,J 813.8-흔91ㅎ-5,[달성]어린이자료실,10
53,53,BPG000219581,(흔한 남매) 안 흔한 일기. 2,흔한남매 원작 ; 강효미 글 ; 조병주 그림,아이세움,J 813.8-흔91ㅎ-2,[달성]어린이자료실,10
54,54,BPG000222196,(흔한 남매) 안 흔한 일기. 2,흔한남매 원작 ; 강효미 글 ; 조병주 그림,아이세움,J 813.8-흔91ㅎ-2=2,[달성]어린이자료실,10
55,55,BPG000225398,구해줘 카카오프렌즈 경제. 1,한유진 글 ; 유희석 그림,메가스터디북스,J 320-한67ㄱ,[달성]어린이자료실,9
56,56,BPG000222866,"(추리 천재)엉덩이 탐정. 10:, 사랑의 포로 사건",트롤 지음 ; 김정화 옮김,MiraeN 아이세움,J 833.8-트235ㅇ-10,[달성]어린이자료실,9
57,57,BPG000220263,(이상한 과자 가게) 전천당. 7,히로시마 레이코 글 ; 쟈쟈 그림 ; 김정화 옮김,길벗스쿨,J 833.8-히235ㅈ-7,[달성]어린이자료실,9
58,58,BPG000225524,"(신비아파트) 한자 귀신. 5, 의문의 전학생",김강현 글 ; 김기수 그림,서울문화사,J 711.4-김11ㅎ-5,[달성]어린이자료실,9
59,59,BPG000225450,"놓지 마 과학!. 1-2, 정신이 달에 정신 놓다","글, 그림: 신태훈,나승훈",위즈덤하우스,J 408-놓79-2,[달성]어린이자료실,9
60,60,BPG000225533,"(신비아파트) 한자 귀신. 13, 타락한 신선",김강현 글 ; 김기수 그림,서울문화사,J 711.4-김11ㅎ-13=2,[달성]어린이자료실,9
61,61,BPG000225555,구름빵 : 나는 책의사 선생님,"글·그림: GIMC,DPS ; 구름빵 원작: 백희나",한솔수북,MC 813.8-백98ㄱ,[달성]어린이자료실,9
62,62,BPG000225531,"(신비아파트)한자 귀신. 12, 영혼이 모이는 동굴",김강현 글 ; 김기수 그림,서울문화사,J 711.4-김11ㅎ-12,[달성]어린이자료실,9
63,63,BPG000221546,(이상한 과자가게) 전천당. 8,히로시마 레이코 글 ;  쟈쟈 그림 ;  김정화 옮김,길벗스쿨,J 833.8-히235ㅈ-8,[달성]어린이자료실,9
64,64,BPG000221503,"간니닌니 마법의 도서관. 3, 알라딘과 요술 램프",지유리 글 ; 이경희 그림 ; 스튜디오 가가,북이십일아울북,J 813.8-간219-3,[달성]어린이자료실,9
65,65,BPG000221575,"용선생이 간다 : 세계 문화 여행. 3, 영국","사회평론 역사연구소 지음 ; 김지희,전성연 [공]그림 ; 이우일 캐릭터",사회평론,J 909-사96ㅇ-3,[달성]어린이자료실,9
66,66,BPG000222500,"뼈뼈 사우루스. 9, 베베와 ＇마법 골짜기＇의 마법사들",암모나이트 지음 ; 김정화 옮김,MiraeN·아이세움,J 833.8-암35ㅃ-9,[달성]어린이자료실,9
67,67,BPG000222440,"(레벨업) 카카오프렌즈. 8, 미스터리",이람이 글 ; 최우빈 그림,대원키즈,J 388-이231ㅋ,[달성]어린이자료실,9
68,68,BPG000222541,흔한남매. 6,흔한남매 원작 ; 백난도 글 ; 유난희 그림,아이세움;,J 813.8-흔91ㅎ-6,[달성]어린이자료실,9
69,69,BPG000218372,"(추리 천재) 엉덩이 탐정. 6, 뿡뿡 엉덩이 탐정이 둘이라고!?",트롤 지음 ; 전경아 옮김,문학수첩리틀북,J 833.8-트235ㅇ-6=2,[달성]어린이자료실,9
70,70,BPG000196943,(신비아파트) 고스트볼의 비밀. 5,[서울문화사 편집부 편],서울문화사,J 810-신49-5,[달성]어린이자료실,9
71,71,BPG000192260,"쿠키런 서바이벌 대작전. 4, 산과 하늘",글: 김강현  ; 그림: 김기수,서울문화사,J 372.42-쿠829-4,[달성]어린이자료실,9
72,72,BPG000192317,"쿠키런 어드벤처 : 쿠키들의 신나는 세계여행. 1, 런던",송도수 글  ; 서정은 그림,서울문화사,J 980.24-쿠829-1,[달성]어린이자료실,9
73,73,BPG000192318,"쿠키런 어드벤처. 2, 베이징",송도수 글 ; 서정은 그림,서울문화사,J 980.24-쿠829-2,[달성]어린이자료실,9
74,74,BPG000192259,"쿠키런 서바이벌 대작전. 3, 도시 편",김강현 글 ; 김기수 그림,서울문화사,J 372.42-쿠829-3,[달성]어린이자료실,9
75,75,BPG000203764,"쿠키런 서바이벌 대작전. 19, 어둠 지대 편",김강현 글  ; 김기수 그림,서울문화사,J 372.42-쿠829-19,[달성]어린이자료실,9
76,76,BPG000201134,"(코믹 메이플스토리) 수학도둑. 61, 종합편",송도수 글 ; 서정 엔터테인먼트 그림,서울문화사,J 410-송225ㅅ-61,[달성]어린이자료실,9
77,77,BPG000194721,"(코믹 메이플스토리) 수학도둑 : 창의사고력 강화, 수리논술력을 키워 주는 스토리텔링 수학의 선구자!. 54, 창의편",글: 송도수  ; 그림: 서정 엔터테인먼트,서울문화사,J 410-송225ㅅ-54,[달성]어린이자료실,9
78,78,BPG000187806,(퀴즈!) 과학상식 : 황당? 연산 수학,지음: 도기성,글송이,J 400-도19ㄱ,[달성]어린이자료실,9
79,79,BPG000202950,"(코믹 메이플스토리) 수학도둑. 64, 종합편",송도수 글 ; 서정 엔터테이먼트 그림,서울문화사,J 410-송225ㅅ-64,[달성]어린이자료실,9
80,80,BPG000192261,"쿠키런 서바이벌 대작전 : 안전상식 학습만화. 5, 화재 편",김강현 글 ; 김기수 그림,서울문화사,J 372.42-쿠829-5,[달성]어린이자료실,9
81,81,BPG000201602,"그리스 로마 신화 : 만화로 읽는 초등 인문학. 4, 올림포스 십이 신",박시연 글  ; 최우빈 그림,아울북,J 219-그239-4,[달성]어린이자료실,9
82,82,BPG000193527,(쿠키런) 한자런  : 달리는 쿠키들의 한자 대모험. 1-10,글: 조주희  ; 그림: 이태영,서울문화사,J 711.4-조77ㅎ-2,[달성]어린이자료실,9
83,83,BPG000198504,"쿠키런 어드벤처 : 쿠키들의 신나는 세계여행. 24, 피렌체",송도수 글 ; 서정은 그림,서울문화사,J 980.24-쿠829-24,[달성]어린이자료실,9
84,84,BPG000200087,"놓지 마 과학!. 6, 정신이 실험에 정신 놓다","글, 그림: 신태훈 ; 나승훈",위즈덤하우스,J 400-신832ㄴ-6,[달성]어린이자료실,9
85,85,BPG000202329,(드래곤 빌리지) 한자 배틀 : 신나고 재미있게 익히는 한자 학습만화. 3,김정욱 글 ; 김기수 그림,학산문화사,J 711.47-김73ㅎ-3,[달성]어린이자료실,9
86,86,BPG000202305,"쿠키런 서바이벌 대작전. 18, 강풍 편",김강현 글 ; 김기수 그림,서울문화사,J 372.42-쿠829-18,[달성]어린이자료실,9
87,87,BPG000193529,(쿠키런) 한자런  : 달리는 쿠키들의 한자 대모험. 1-10,글: 조주희  ; 그림: 이태영,서울문화사,J 711.4-조77ㅎ-4,[달성]어린이자료실,9
88,88,BPG000185566,터닝메카드 배틀 수학왕. 3,이정태 글·그림,서울문화사,J 410-터219-3,[달성]어린이자료실,9
89,89,BPG000184548,(코믹 메이플 스토리) 수학도둑. 51,송도수 글 ; 서정 엔터테인먼트 그림,서울문화사,J 410-송225ㅅ-51,[달성]어린이자료실,9
90,90,BPG000172516,"마인드 스쿨. 7, 예의 좀 지키라니까!",김미영 글·그림,고릴라박스,J 190-김39ㅁ,[달성]어린이자료실,9
91,91,BPG000176700,"마법 천자문 . 30, 눈을 떠라, 전설의 수호자! 용룡",올댓스토리 지음 ; 홍거북 그림 ; 김창환 감수,아울북,J 711.47-올222ㅁ-30,[달성]어린이자료실,9
92,92,BPG000182331,"퀴즈! 과학상식. 10, 로봇",도기성 지음,글송이,J 400-과91-10,[달성]어린이자료실,9
93,93,BPG000163219,구름빵 과일 좋아! 채소 좋아!,백희나 ; 김향수 원작  ; GIMC ; DPS 글.그림,한솔수북,MC 813.8-백98ㄱ,[달성]어린이자료실,9
94,94,BPG000229703,포켓몬의 탄생 : 포켓몬 크리에이터 다지리 사토시,다나카 아키라 만화 ; 기쿠타 히로유키 구성 ; 조은정 옮김,대원키즈,J 991.3-다211ㅍ,[달성]어린이자료실,9
95,95,BPG000228122,꽁꽁꽁 좀비,윤정주 글·그림,책읽는곰,MC 813.8-윤73ㄲ=2,[달성]어린이자료실,9
96,96,BPG000227955,"마인드스쿨. 1-5,9-10",네온비 글 ;  도도 그림,고릴라박스,J 190-마69-4,[달성]어린이자료실,9
97,97,BPG000228041,(퀴즈!) 과학상식 : 세계 불가사의 수학,권찬호 지음 ; 차현진 그림,글송이,J 408-권811ㄱ,[달성]어린이자료실,9
98,98,BPG000231506,달콩이네 떡집,김리리 글 ; 김이랑 그림,비룡소,J 813.8-김239ㅁ-5,[달성]어린이자료실,9
99,99,BPG000230965,흔한남매 : 겨울밤 대소동,흔한남매 원작 ; 한바리 글 ; 유난희 그림,미래엔,J 813.8-흔91ㅎ,[달성]어린이자료실,9
100,100,BPG000227954,"마인드스쿨. 1-5,9-10",네온비 글 ;  도도 그림,고릴라박스,J 190-마69-3,[달성]어린이자료실,9
101,,,,,,,,
102,,,,,,,,
103,,,,,,,,
