﻿,0,1,2,3,4,5
0,소관부처,자격종목,등급,자격관리자,유효 공인기간,비고
1,금융위원회,재무설계사,등급없음,한국 FPSB,2007-06-01~2010-05-31,2010년 공인기간만료(금융위원회)
2,과학기술정보통신부,공무원정보이용능력평가(NIT),등급없음,(사)한국정보통신산업협회,2003-02-17~2013-02-16,2013년 공인기간만료(방송통신위원회)
3,과학기술정보통신부,정보보호전문가(SIS),1급,(사)한국인터넷진흥원,2005-02-17~2014-11-16,1급 공인기간 만료(미래창조과학부)
4,과학기술정보통신부,정보보호전문가(SIS),2급,(사)한국인터넷진흥원,2004-01-20~2016-09-29,2급 공인기간 만료(미래창조과학부)
5,교육부,한자능력급수,4급,한국어문회,2001-01-01~2005-02-09,2005년 공인등급변경(교육과학기술부)
6,교육부,공용한자검정,"특1급, 2급, 3급",(사)한중문자교육협회,2011-11-17~2012-05-24,2012년 공인취소(교육과학기술부)
7,교육부,한자한문학습지도사,"1급, 2급, 3급",한국교육문화회,2010-11-24~2012-11-23,2012년 공인기간만료(교육과학기술부)
8,교육부,한국한자어능력인증시험,"1급, 2급, 3급, 4급",(주)조선에듀케이션,2014-11-17~2015-11-16,2015년 공인기간만료(교육부)
9,교육부,한자급수자격검정,"사범, 1급, 준1급, 2급, 준2급",(사)대한민국한자교육연구회,2004-01-27~2016-02-09,"2016년 공인기간만료(교육부), 2016년 10월 01일 신규공인"
10,교육부,실용영어,"1급, 2급, 3급",(사)한국외국어평가원,2002-01-01~2017-02-09,2017년 공인기간만료(교육부)
11,교육부,실용한자,"1급, 2급, 3급, 4급",(사)한국외국어평가원,2004-01-27~2017-02-09,2017년 공인기간만료(교육부)
12,교육부,Mate Speaking,"Expert expert, Expert emerging, Commanding High, Commanding Mid, Commanding Low, Commanding Emerging, Moderate High, Moderate Mid",숙명여자대학교,2006-02-10~2019-02-09,2019년 공인기간만료(교육부)
13,교육부,Mate Writing,"Expert expert, Commanding High, Commanding Commanding, Moderate High, Moderate Mid",숙명여자대학교,2006-02-10~2019-02-09,2019년 공인기간만료(교육부)
14,교육부,한자급수인증,장원,한국교육문화회,2018-11-24~2019-12-31,2019년 공인기간만료(교육부)
15,교육부,한자급수인증,"1급, 2급, 3급",한국교육문화회,2019-01-07~2019-12-31,2019년 공인기간만료(교육부)
16,교육부,한자능력자격,"1급, 2급, 준2급, 3급",(사)한국한자한문능력개발원,2017-02-10~2020-02-09,2020년 공인기간만료(교육부)
17,교육부,YBM商務漢檢,"1급, 2급, 3급",(주)와이비엠,2009-09-21~2021-08-01,2021년 08월 01일 공인자격 폐지(교육부)
18,교육부,영어회화평가시험 ESPT,"general 1급, general 2급",(주)이에스피평가아카데미,2019-02-10~2019-12-31,2019년 공인기간만료(교육부)
19,행정안전부,정책분석평가사,등급없음,㈜한국정책능력진흥원,2003-02-14~2005-05-08,2005년 공인취소(행정안전부)
20,산업통상자원부,사출금형제작사,등급없음,대한상공회의소,2000-12-22~2011-02-26,2011년 공인기간만료(고용노동부)
21,산업통상자원부,산업기계정비사,등급없음,대한상공회의소,2000-12-22~2011-02-26,2011년 공인기간만료(고용노동부)
22,산업통상자원부,전기계측제어사,등급없음,대한상공회의소,2000-12-22~2011-02-26,2011년 공인기간만료(고용노동부)
23,산업통상자원부,프레스금형제작사,등급없음,대한상공회의소,2000-12-22~2011-02-26,2011년 공인기간만료(고용노동부)
24,산업통상자원부,패션스타일리스트,등급없음,(사)한국직업연구진흥원,2010-11-17~2014-11-16,2014년 공인기간만료(산업통상자원부)
25,산업통상자원부,빌딩경영관리사,등급없음,(재)한국산업교육원,2010-11-17~2018-12-31,2018년 공인기간만료(산업통상자원부)
26,문화체육관광부,한국어교육능력,등급없음,(재)한국어세계화재단,2006-02-17~2011-02-16,2011년 공인기간만료(고용노동부)
27,문화체육관광부,국어능력인증시험,"1급, 2급, 3급, 4급, 5급",(재)한국언어문화연구원,2018-01-01~2019-12-31,2019년 공인기간만료(문화체육관광부)
28,고용노동부,회계정보처리사,등급없음,(사)교육소프트웨어진흥센터,2000-12-22~2003-01-28,2003년 공인취소(고용노동부)
29,고용노동부,공작기계절삭가공사,등급없음,대한상공회의소,2000-12-22~2011-02-08,2011년 공인기간만료(고용노동부)
30,고용노동부,기계 및 시스템제어사,등급없음,대한상공회의소,2000-12-22~2011-02-08,2011년 공인기간만료(고용노동부)
31,고용노동부,기계전자제어사,등급없음,대한상공회의소,2000-12-22~2011-02-08,2011년 공인기간만료(고용노동부)
32,고용노동부,산업전자기기제작사,등급없음,대한상공회의소,2000-12-22~2011-02-08,2011년 공인기간만료(고용노동부)
33,고용노동부,자동화설비제어사,등급없음,대한상공회의소,2000-12-22~2011-02-08,2011년 공인기간만료(고용노동부)
34,고용노동부,치공구제작사,등급없음,대한상공회의소,2000-12-22~2011-02-08,2011년 공인기간만료(고용노동부)
35,고용노동부,CNC기계절삭가공사,등급없음,대한상공회의소,2000-12-22~2011-02-08,2011년 공인기간만료(고용노동부)
36,고용노동부,펜글씨검정,"1급, 2급, 3급",(사)대한글씨검정교육회,2000-12-22~2011-02-08,2011년 공인기간만료(고용노동부)
37,고용노동부,기계설계제도사,등급없음,대한상공회의소,2000-12-22~2014-02-08,2014년 공인기간만료(고용노동부)
38,고용노동부,컴퓨터 운용사,등급없음,대한상공회의소,2000-12-22~2017-02-08,"2017년 공인기간만료(고용고용노동부), 2017-02-09 공인자격폐지"
39,고용노동부,가구설계제도사,등급없음,대한상공회의소,2000-12-22~2017-02-08,"2017년 공인기간만료(고용고용노동부), 2017-02-09 공인자격폐지"
40,고용노동부,문서실무사,"1급, 2급, 3급, 4급",(사)한국정보관리협회,2000-12-22~2018-02-08,2018년 공인기간만료(고용고용노동부)
41,조달청,구매자재관리사,등급없음,(사)한국구매자재관리협회,2000-12-27~2007-12-26,2007년 공인기간만료(조달청)
