﻿,0,1,2,3,4,5,6,7
0,순위,등록번호,청구기호,서명,저자,발행자,자료실,대출횟수
1,1,BDS000429932,J 400-신832ㄴ-5,"놓지 마 과학!. 5, 정신이 태양계에 정신 놓다",신태훈 ; 나승훈 글·그림,위즈덤하우스,[수성]어린이자료실,12
2,2,BDS000478926,J 400-신832ㄴ-4,"놓지 마 과학!. 4, 정신이 소화에 정신 놓다",신태훈 ; 나승훈 글·그림,위즈덤하우스,[수성]어린이자료실,12
3,3,BDS000479014,J 711.47-한71-15,"(신비아파트)한자귀신. 15, 로봇의 마음",김강현 지음 ; 김기수 그림,서울문화사,[수성]어린이자료실,11
4,4,BDS000490239,J 833.8-엉223-2,"(전설의 모험왕) 엉덩이 댄디. 2, 해적의 보물을 찾아라!",트롤 원작 ; 하루하라 로빈슨 글·구성 ; 기쿠치 아키히로 그림 ; 김정화 옮김,MiraeN·아이세움,[수성]어린이자료실,11
5,5,BDS000469659,J 980.24-쿠829-12,"쿠키런 어드벤처 : 쿠키들의 신나는 세계여행. 12, 암스테르담",송도수 글 ; 서정은 그림,서울문화사,[수성]어린이자료실,11
6,6,BDS000477854,J 710-나58ㄴ-1,"놓지 마 어휘. [1], 한자어 1",신태훈 ; 나승훈 [공]지음·그림 ; 정상은 감수,주니어김영사,[수성]어린이자료실,10
7,7,BDS000473885,J 813.8-백211ㅎ-6=3,흔한남매. 6,흔한남매 원작 ; 백난도 글 ; 유난희 그림,MiraeN·아이세움,[수성]어린이자료실,10
8,8,BDS000475412,J 711.4-한71-13,"(신비아파트) 한자 귀신. 13, 타락한 신선",김강현 글 ; 김기수 그림,서울문화사,[수성]어린이자료실,10
9,9,BDS000490297,J 981.102-픽53-6,"픽셀리 초능력 히어로즈. 6, 평창·속초·강릉 투어",김강현 글 ; 유희석 그림,서울문화사,[수성]어린이자료실,10
10,10,BDS000490127,J 813.8-밍15-7,밍꼬발랄 공소시효. 7,밍꼬발랄 원작 ; 백승하 글 ; 라임 스튜디오 그림,겜툰,[수성]어린이자료실,10
11,11,BDS000490249,J 833.8-히235ㅊ-1,"청의 왕. 1, 탑의 소녀",히로시마 레이코 지음 ; 이소담 옮김,소미미디어,[수성]어린이자료실,10
12,12,BDS000446093,J 400-신832ㄴ-9,"놓지 마 과학!. 9, 정신이 곤충에 정신 놓다","글·그림: 신태훈, 나승훈",위즈덤하우스,[수성]어린이자료실,10
13,13,BDS000437650,J 400-신832ㄴ-7,"놓지 마 과학!. 7, 정신이 모험에 정신 놓다",신태훈  ; 나승훈 글·그림,위즈덤하우스,[수성]어린이자료실,10
14,14,BDS000480715,J 813.8-흔91ㅂ-2,(흔한남매) 별난 방탈출 : 탈출 미션 스토리북. 2,흔한남매 원작 ; 김언정 글 ; 차차 그림,Mirae N 아이세움,[수성]어린이자료실,10
15,15,BDS000484491,J 400-신832ㄴ-15=2,"놓지 마 과학!. 15, 사라진 마이아사우라의 호박장식을 찾아라",신태훈 ; 나승훈 [공]지음·그림,위즈덤하우스,[수성]어린이자료실,10
16,16,BDS000484136,J 400-신832ㄴ-15,"놓지 마 과학!. 15, 사라진 마이아사우라의 호박장식을 찾아라",신태훈 ; 나승훈 [공]지음·그림,위즈덤하우스,[수성]어린이자료실,10
17,17,BDS000427349,J 452.42-달825ㅎ,협곡에서 살아남기,달콤팩토리 글 ; 한현동 그림,Mirean아이세움,[수성]어린이자료실,10
18,18,BDS000489922,J 911-설39ㅅ-19,"설민석의 한국사 대모험. 19, 고려 편-왕건, 새로운 세상을 열다!","설민석,스토리박스 글 ; 정현희 그림",아이휴먼,[수성]어린이자료실,10
19,19,BDS000488431,J 404-과91-2=3,"(흔한남매) 과학 탐험대. 2, 지구와 달","흔한남매 원작 ; 이재국,이현진 [공] 글 ; 김덕영 그림",주니어김영사,[수성]어린이자료실,10
20,20,BDS000489908,J 400-신832ㄴ-16,"놓지 마 과학!. 16, 으스스 숲 캠핑장의 검은 그림자","신태훈,나승훈 글·그림",위즈덤하우스,[수성]어린이자료실,10
21,21,BDS000487041,836-마58ㅅ,생각하고 싶어서 떠난 핀란드 여행 : 마스다 미리 그림 에세이,마스다 미리 지음 ; 홍은주 옮김,이봄,[수성]1자료실,10
22,22,BDS000488467,J 813.8-백211ㅎ-9,흔한남매. 9,흔한남매 원작 ; 백난도 글 ;  유난희 그림,아이세움,[수성]어린이자료실,10
23,23,BDS000488846,J 911-설39ㅅ-18,"설민석의 한국사 대모험. 18, 후삼국 편-온달의 기묘한 시간 여행",설민석 ; 스토리박스 [공]지음 ; 정현희 그림,아이휴먼,[수성]어린이자료실,10
24,24,BDS000488857,J 980.24-쿠829-47,"쿠키런 어드벤처. 47, 버섯왕의 부활-대단한 지구 랜드마크",송도수 글 ; 서정은 그림,서울문화사,[수성]어린이자료실,10
25,25,BDS000488503,J 711.4-쿠829-9,"쿠키런 한자런 : 달리는 쿠키들의 한자 대모험. 9, 더욱 더 열정이 넘치는 레이스를 펼쳐라! : 더울 열! 熱",조주희 글 ; 이태영 그림,서울문화사,[수성]어린이자료실,10
26,26,BDS000487293,MC 813.8-진57ㄷ,두근두근 2424 : 진수경 그림책,진수경 글·그림,봄개울,[수성]유아자료실,9
27,27,BDS000488441,J 594-백75ㄷ-4,"(백종원의) 도전 요리왕. 4, 미국",백종원 ; 남지은 글 ; 이정태 그림,위즈덤하우스 미디어그룹,[수성]어린이자료실,9
28,28,BDS000489926,J 410-수91-4,(수학도둑) 수학동화. 4,여운방 ; 송도수 ;  서정 엔터테인먼트,서울문화사,[수성]어린이자료실,9
29,29,BDS000488807,J 909-김39ㄱ-2=3,"Go Go 카카오프렌즈 : 세계 역사 문화 체험 학습만화. 2, 영국",김미영 글 ; 김정한 그림,아울북,[수성]어린이자료실,9
30,30,BDS000487500,MC 808.91-북18-81,"북극곰 무지개 그림책. 81, 커다랗고 커다란 물고기",다카시나 마사노부 글 ; 아라이 료지 그림 ; 김보나 옮김,북극곰,[수성]유아자료실,9
31,31,BDS000487421,MC 808.91-북18-68,"북극곰 무지개 그림책. 68, 완벽한 바나바","테리 펜,에릭 펜,데빈 펜 글·그림 ; 이순영 옮김",북극곰,[수성]유아자료실,9
32,32,BDS000489149,MC 808.91-네43-65,"네버랜드 우리 걸작 그림책. 65, 고민 해결사 펭귄 선생님",강경수 글·그림,시공주니어,[수성]유아자료실,9
33,33,BDS000487196,J 710-불15-3,(흔한남매)불꽃 튀는 우리말. 3,흔한남매 원작 ; 한은호 글 ; 유희석 그림,다산어린이,[수성]어린이자료실,9
34,34,BDS000486340,J 714-설39-2,"설민석의 고사성어 대격돌. 2, 악전고투! 정조대왕, 전염병에 맞서 싸우다","설민석,스토리콘 [공]글 ; 김문식 그림",한솔수북,[수성]어린이자료실,9
35,35,BDS000487618,J 511-정72ㅇ-7,"(정재승의)인간탐구보고서. 7, 인간은 타고난 거짓말쟁이다","정재은,이고은 글 ; 김현민 그림 ; 정재승 기획",아울북,[수성]어린이자료실,9
36,36,BDS000487205,MC 813.8-전58ㄱ,건전지 아빠 : 전승배·강인숙 그림책,"전승배,강인숙 지음",창비,[수성]유아자료실,9
37,37,BDS000488845,J 911-설39ㅅ-17=2,"설민석의 한국사 대모험. 17, 6·25 전쟁 편-황금순 할머니의 소원",설민석 ; 스토리박스 글 ; 정현희 그림,아이휴먼,[수성]어린이자료실,9
38,38,BDS000486268,J 813.8-김239ㅇ,양순이네 떡집,김리리 지음 ; 김이랑 그림,비룡소,[수성]어린이자료실,9
39,39,BDS000487263,J 813.8-최68ㄴ=2,내 멋대로 행운 뽑기,최은옥 지음 ; 김무연 그림,주니어김영사,[수성]어린이자료실,9
40,40,BDS000488195,J 813.8-이57ㅇ,엄마 귓속에 젤리,이수용 글 ; 최보윤 그림,우리학교,[수성]어린이자료실,9
41,41,BDS000488442,J 594-백75ㄷ-5=2,"(백종원의) 도전 요리왕 : 음식으로 맛보는 세계 역사 문화 체험. 5, 태국",백종원 ; 남지은 글 ;  이정태 그림,위즈덤하우스,[수성]어린이자료실,9
42,42,BDS000488444,J 594-백75ㄷ-7=2,"(백종원의) 도전 요리왕. 7, 대한민국 2","백종원,남지은 [공] 지음 ; 이정태 그림",위즈덤하우스,[수성]어린이자료실,9
43,43,BDS000488651,J 813.8-김91ㅅ-5,"소능력자들.5. 5, 출동,소벤저스","김하연 지음 ; 송효정 그림,",마술피리,[수성]어린이자료실,9
44,44,BDS000488538,MC 813.8-허61ㄲ,꿈의 집 : 허아성 그림책,허아성 글·그림,책읽는곰,[수성]유아자료실,9
45,45,BDS000488504,J 711.4-쿠829-10,"쿠키런 한자런 : 달리는 쿠키들의 한자 대모험. 10, 새로운 경기가 열리는 얼음나라를 향해 달려라! 얼음 빙!",조주희 글 ; 이태영 그림,서울문화사,[수성]어린이자료실,9
46,46,BDS000488500,J 711.4-쿠829-6,"쿠키런 한자런 : 달리는 쿠키들의 한자 대모험. 6, 열심히 달려 쳇 알의 주인이 되어라!! 주인주! (主)",조주희 글 ; 이태영 그림,서울문화사,[수성]어린이자료실,9
47,47,BDS000488498,J 711.4-쿠829-4,"쿠키런 한자런 : 달리는 쿠키들의 한자 대모험. 4, 힘을 합쳐 이겨라! 이길 승(勝)!",조주희 글 ; 이태영 그림,서울문화사,[수성]어린이자료실,9
48,48,BDS000488725,MC 808.91-네43-73,"네버랜드 우리 걸작 그림책=The universe delivery services. 73, 우주 택배",이수현 글·그림,시공주니어,[수성]유아자료실,9
49,49,BDS000490039,J 710-전53-2,(쿠키런 킹덤) 전설의 언어술사. 2,전판교 글 ; 정수영 그림,서울문화사,[수성]어린이자료실,9
50,50,BDS000488475,J 710-나58ㄴ-1=2,"놓지 마 어휘. [1], 한자어 1",신태훈 ; 나승훈 [공]지음·그림 ; 정상은 감수,주니어 김영사,[수성]어린이자료실,9
51,51,BDS000488460,J 594.5-조72ㅇ-15,"요리스타 청. 15, 마지막 이야기",조재호 지음 ; 은하수 그림,주니어김영사,[수성]어린이자료실,9
52,52,BDS000487119,J 400-신832ㄴ-8,"놓지 마 과학!. 8, 정신이 실험에 정신 놓다","신태훈,나승훈 [공]지음·그림",위즈덤하우스,[수성]어린이자료실,9
53,53,BDS000488456,J 594.5-조72ㅇ-11,"요리스타 청. 11, 다시 찾은 의궤",조재호 글 ; 은하수 그림,주니어김영사,[수성]어린이자료실,9
54,54,BDS000418496,J 400-신832ㄴ-3,"놓지 마 과학!. 3, 정신이 공룡에 정신 놓다",신태훈 ; 나승훈 글·그림,위즈덤하우스,[수성]어린이자료실,9
55,55,BDS000484462,J 388.6-한211ㅇ=2,(읽으면서 바로 써먹는) 어린이 수수께끼,한날 글.그림,파란정원,[수성]어린이자료실,9
56,56,BDS000484417,J 219.2-박59ㄱ-11=2,"그리스 로마 신화 : 만화로 읽는 초등 인문학. 11, 에로스의 탄생과 아폴론의 눈물",박시연 글 ; 최우빈 그림,아울북,[수성]어린이자료실,9
57,57,BDS000481853,J 980.24-쿠827-45,"쿠키런 어드벤처. 45, 신기한 보물창고 박물관",송도수 지음 ; 서정은 그림,서울문화사,[수성]어린이자료실,9
58,58,BDS000480295,J 594-백75ㄷ-7,"(백종원의) 도전 요리왕. 7, 대한민국 2","백종원,남지은 [공] 지음 ; 이정태 그림",위즈덤하우스,[수성]어린이자료실,9
59,59,BDS000484440,J 320-섀843ㅇ-3=2,(만화) 열두 살에 부자가 된 키라. 3,보도 섀퍼 원작 ; 권용찬 글 ; 유연경 그림,아울북,[수성]어린이자료실,9
60,60,BDS000484438,J 320-섀843ㅇ-1=2,(만화) 열두 살에 부자가 된 키라. 1,보도 섀퍼 원작 ; 권용찬 글 ; 김수지 그림,아울북,[수성]어린이자료실,9
61,61,BDS000484669,J 710-나58ㄴ-2,"놓지 마 어휘. [2], 한자어 2",신태훈 ; 나승훈 [공]지음·그림 ; 정상은 감수,주니어김영사,[수성]어린이자료실,9
62,62,BDS000484408,J 219.2-박59ㄱ-2=2,그리스 로마 신화 : 만화로 읽는 초등 인문학. 2,박시연 글 ; 최우빈 그림,아울북,[수성]어린이자료실,9
63,63,BDS000484343,J 219.2-박59ㄱ-24,"그리스 로마 신화. 24, 헤라클레스의 마지막 원정",박시연 글 ; 최우빈 그림,아울북,[수성]어린이자료실,9
64,64,BDS000481814,J 408-드232-15,"드래곤빌리지 학습도감. 15, AI개미",하이브로 지음,하이브로,[수성]어린이자료실,9
65,65,BDS000481947,MC 813.8-윤73ㄲ,꽁꽁꽁 좀비,윤정주 지음·그림,책읽는곰,[수성]유아자료실,9
66,66,BDS000484372,MC 813.8-김64ㅇ,야구장 가는 날,김영진 지음,길벗어린이,[수성]유아자료실,9
67,67,BDS000436496,J 511.6-곰225ㄱ-2,기생충 세계에서 살아남기. 1-2,글: 곰돌이co.  ; 그림: 한현동,MiraeN아이세움,[수성]어린이자료실,9
68,68,BDS000442676,J 400-신832ㄴ-8,"놓지 마 과학!. 8, 정신이 화석에 정신 놓다",신태훈  ; 나승훈 글·그림,위즈덤하우스,[수성]어린이자료실,9
69,69,BDS000455072,J 400-신832ㄴ-11,"놓지 마 과학! . 11, 정신이 코딩에 정신 놓다1",신태훈 ; 나승훈[공저],위즈덤하우스,[수성]어린이자료실,9
70,70,BDS000444647,J 400-신832ㄴ-1=2,"놓지 마 과학!. 1, 정신이 달에 정신 놓다",글·그림: 신태훈 ; 나승훈,위즈덤하우스,[수성]어린이자료실,9
71,71,BDS000454800,J 813.8-백211ㅎ-2,흔한남매 . 2,흔한남매 원작  ; 백난도 글  ; 유난희 그림,미래엔,[수성]어린이자료실,9
72,72,BDS000490814,813.7-이67ㅎ-1,"황제 : 대한민국, 새로운 기를 받다. 1, 대륙진출",이원호 지음,한결미디어,[수성]1자료실,9
73,73,BDS000490106,J 813.8-임68ㄷ,동희의 오늘,임은하 글 ; 임나운 그림,문학동네,[수성]어린이자료실,9
74,74,BDS000490216,J 813.8-전94ㅇ,"우리 반 에이다 : 에이다 러브레이스, 게임을 만들다!",전혜진 글 ; 안병현 그림,리틀씨앤톡,[수성]어린이자료실,9
75,75,BDS000490229,J 833.8-히235ㅈ-12,(이상한 과자 가게)전천당. 12,히로시마 레이코 글 ; 쟈쟈 그림 ; 김정화 옮김,길벗스쿨,[수성]어린이자료실,9
76,76,BDS000490123,J 813.8-밍15-3,밍꼬발랄 공소시효. 3,밍꼬발랄 원작 ; 주상일 글 ; 라임스튜디오 그림,겜툰,[수성]어린이자료실,9
77,77,BDS000490816,J 710-불15-4,(흔한남매)불꽃 튀는 우리말. 4,흔한남매 원작 ; 한은호 글 ; 유희석 그림,다산어린이,[수성]어린이자료실,9
78,78,BDS000490258,MC 813.8-흥98ㅍ,팔팔어묵탕 : 흥흥 그림책,흥흥 지음,씨드북,[수성]유아자료실,9
79,79,BDS000490121,J 813.8-밍15-1,밍꼬발랄 공소시효. 1,밍꼬발랄 원작 ; 주상일 글 ; 라임스튜디오 그림,겜툰,[수성]어린이자료실,9
80,80,BDS000490812,813.7-이67ㅎ-2,"황제 : 대한민국, 새로운 기를 받다. 2, 정복자",이원호 지음,한결미디어,[수성]1자료실,9
81,81,BDS000490701,J 909-김39ㄱ-22,"Go Go 카카오프렌즈 : 세계 역사 문화 체험 학습만화. 22, 페루",김미영 글 ; 김정한 그림,아울북,[수성]어린이자료실,9
82,82,BDS000471311,J 657.1-허841-3,스타 크리에이터 허팝=Star creator Heopop : 유튜브 영상 코믹북. 3,허팝 원작 ; 최진규 만화 구성,서울문화사,[수성]어린이자료실,9
83,83,BDS000473784,J 408-과91-4,"(카카오프렌즈) 과학 탐정단 : 미스터리 과학 학습만화. 4, 놀이공원",글: 김승현 ; 그림: 최우빈,대원키즈,[수성]어린이자료실,9
84,84,BDS000472866,J 410-송225ㅅ-5=2,(코믹 메이플 스토리) 수학도둑 : 기본편. 5,송도수 글 ; 서정은 그림 ; 여운방 감수,서울문화사,[수성]어린이자료실,9
85,85,BDS000474206,J 408-도839-3=2,"도티&잠뜰. 3, 3D 프린터-상상하여 출력하라!",글 이봄 ; 그림 최대식,대원키즈,[수성]어린이자료실,9
86,86,BDS000473399,J 688.6-코211-1,(명탐정) 코난 : 17기. 1,학산문화사 [편],학산문화사,[수성]어린이자료실,9
87,87,BDS000473890,J 909-김39ㄱ-15=3,"GO GO 카카오프렌즈 15 : 세계 역사 문화 체험 학습만화. 15, 브라질",김미영 글 ; 김정한 그림,북이십일 아울북,[수성]어린이자료실,9
88,88,BDS000463964,J 657.1-허841ㅅ-1,스타 크리에이터 허팝 : 유튜브 영상 코믹북. 1,허팝 원작 ; 최진규 만화·구성,서울문화사,[수성]어린이자료실,9
89,89,BDS000463279,J 833.8-히235ㅈ-5=2,(이상한 과자 가게) 전천당. 5,히로시마 레이코 글 ; 쟈쟈 그림 ; 김정화 옮김,길벗스쿨,[수성]어린이자료실,9
90,90,BDS000465768,J 539-팝825ㄱ-2,고층 건물에서 살아남기. 2,팝콘스토리 글 ; 한현동 그림,MiraeN·아이세움,[수성]어린이자료실,9
91,91,BDS000463682,J 219.2-박59ㄱ-16,"그리스 로마 신화 : 만화로 읽는 초등 인문학. 16, 페르세우스, 영웅 신화의 시작",박시연 글 ; 최우빈 그림,아울북,[수성]어린이자료실,9
92,92,BDS000470244,J 688.6-코211-2,(명탐정) 코난 : 17기. 2,학산문화사 [편],학산문화사,[수성]어린이자료실,9
93,93,BDS000467627,J 813.8-백211ㅎ-1=3,흔한남매. 1,흔한남매 원작 ; 백난도 글 ; 유난희 그림,아이세움,[수성]어린이자료실,9
94,94,BDS000469565,J 909-김39ㄱ-3=3,"Go Go 카카오프렌즈 : 세계 역사 문화 체험 학습만화. 3, 일본",글: 김미영 ; 그림: 김정한,아울북,[수성]어린이자료실,8
95,95,BDS000467628,J 813.8-백211ㅎ-2=3,흔한남매. 2,흔한남매 원작 ; 백난도 글 ; 유난희 그림,미래엔,[수성]어린이자료실,8
96,96,BDS000469566,J 909-김39ㄱ-4=2,"Go Go 카카오프렌즈 : 세계 역사 문화 체험 학습만화. 4, 미국 U.S.A",김미영 글 ; 김정한 그림,아울북,[수성]어린이자료실,8
97,97,BDS000468710,J 408-흔91-1,(흔한남매의) 흔한 호기심 : 일상에서 만나는 과학 상식. 1,흔한남매 원작 ; 안치현 글 ; 유난희 그림,아이세움,[수성]어린이자료실,8
98,98,BDS000469673,J 980.24-쿠829-26,"쿠키런 어드벤처 : 쿠키들의 신나는 세계여행. 26, 리스본",송도수 글 ; 서정은 그림,서울문화사,[수성]어린이자료실,8
99,99,BDS000469576,J 909-김39ㄱ-14=2,"Go Go 카카오프렌즈 : 세계 역사 문화 체험 학습만화. 14, 그리스",글: 김미영 ; 그림: 김정한,아울북,[수성]어린이자료실,8
100,100,BDS000467548,J 833.8-히235ㅈ-1=2,(이상한 과자 가게) 전천당. 1,히로시마 레이코 글 ; 쟈쟈 그림 ; 김정화 옮김,길벗스쿨,[수성]어린이자료실,8
101,101,BDS000465237,J 813.8-이58ㅊ-1,"천하무적 개냥이 수사대. 1, 토깽이 박물관 도난 사건",이승민 글 ; 하민석 그림,위즈덤하우스,[수성]어린이자료실,8
102,102,BDS000469674,J 980.24-쿠829-27,"쿠키런 어드벤처 : 쿠키들의 신나는 세계여행. 27, 부산",송도수 글 ; 서정은 그림,서울문화사,[수성]어린이자료실,8
103,103,BDS000465203,J 810-몬58ㅂ-2,"브레드 이발소. 2, 맛있게 꾸며주는 이발의 달인",몬스터스튜디오 원작 ; 미디어 S 구성,형설출판사,[수성]어린이자료실,8
104,104,BDS000469653,J 980.24-쿠829-6=2,"쿠키런 어드벤처 : 쿠키들의 신나는 세계여행. 6, 아테네",송도수 글 ; 서정은 그림,서울문화사,[수성]어린이자료실,8
105,105,BDS000459887,J 813.8-백211ㅎ-2=2,흔한남매. 2,흔한남매 원작 ; 백난도 글 ; 유난희 그림,미래엔,[수성]어린이자료실,8
106,106,BDS000469561,J 408-흔91-1=2,(흔한남매의) 흔한 호기심 : 일상에서 만나는 과학 상식. 1,흔한남매 원작 ; 안치현 글 ; 유난희 그림,아이세움,[수성]어린이자료실,8
107,107,BDS000467630,J 813.8-백211ㅎ-4=2,흔한남매. 4,흔한남매 원작 ; 백난도 글 ; 유난희 그림,아이세움,[수성]어린이자료실,8
108,108,BDS000469655,J 980.24-쿠829-8=2,"쿠키런 어드벤처 : 쿠키들의 신나는 세계여행. 8, 워싱터 D.C",송도수 글 ; 서정은 그림,서울문화사,[수성]어린이자료실,8
109,109,BDS000464421,J 813.8-백211ㅎ-4,흔한남매. 4,흔한남매 원작 ; 백난도 글 ; 유난희 그림,아이세움,[수성]어린이자료실,8
110,110,BDS000464086,J 810-몬58ㅂ-4=2,"브레드 이발소. 4, 개성만점 베이커리타운",몬스터스튜디오 원작 ; 임광천 구성,형설아이,[수성]어린이자료실,8
111,111,BDS000466436,J 400-신832ㄴ-14,"놓지 마 과학!. 14, 정신이 바이러스에 정신 놓다","신태훈,나승훈 [공]글·그림",위즈덤하우스,[수성]어린이자료실,8
112,112,BDS000469662,J 980.24-쿠829-15,"쿠키런 어드벤처 : 쿠키들의 신나는 세계여행. 15, 도쿄",송도수 글 ; 서정은 그림,서울문화사,[수성]어린이자료실,8
113,113,BDS000469686,J 980.24-쿠829-39,"쿠키런 어드벤처 : 쿠키들의 신나는 세계여행. 39, 제주도",송도수 글 ; 서정은 그림,서울문화사,[수성]어린이자료실,8
114,114,BDS000469522,J 833.8-히235ㅈ-3=3,(이상한 과자 가게) 전천당. 3,히로시마 레이코 글 ; 쟈쟈 그림 ; 김정화 옮김,길벗스쿨,[수성]어린이자료실,8
115,115,BDS000478099,J 833.8-히235ㅈ-4=5,(이상한 과자 가게) 전천당. 4,히로시마 레이코 글 ; 쟈쟈 그림 ; 김정화 옮김,길벗스쿨,[수성]어린이자료실,8
116,116,BDS000472926,J 410-송225ㅅ-65=2,(코믹 메이플 스토리) 수학도둑 : 종합편. 65,송도수 글 ;  서정 엔터테인먼트 그림 ; 여운방 감수,서울문화사,[수성]어린이자료실,8
117,117,BDS000473694,J 833.8-히235ㅈ-3=4,(이상한 과자 가게) 전천당. 3,히로시마 레이코 글 ; 쟈쟈 그림 ; 김정화 옮김,길벗스쿨,[수성]어린이자료실,8
118,118,BDS000475400,J 711.4-한71-1,"(신비아파트) 한자 귀신. 1, 1001개의 구슬",김강현 글 ; 김기수 그림,서울문화사,[수성]어린이자료실,8
119,119,BDS000475372,J 408-흔91-2=2,(흔한남매의) 흔한호기심. 2,흔한남매 원작 ; 안치현 글 ; 유난희 그림,미래엔,[수성]어린이자료실,8
120,120,BDS000474287,J 816.7-흔91ㅇ-2,(흔한남매) 안 흔한 일기. 2,흔한남매 원작 ; 강효미 글 ; 조병주 그림,미래엔,[수성]어린이자료실,8
121,121,BDS000475411,J 711.4-한71-12,"(신비아파트)한자 귀신. 12, 영혼이 모이는 동굴",김강현 글 ; 김기수 그림,서울문화사,[수성]어린이자료실,8
122,122,BDS000475322,J 400-신832ㄴ-2,"놓지 마 과학. 2, 정신이 탁구에 정신 놓다",신태훈 ; 나승훈 지음,위즈덤하우스,[수성]어린이자료실,8
123,123,BDS000471234,J 594-백75ㄷ-6,"(백종원의) 도전 요리왕 : 음식으로 맛보는 세계 역사 문화 체험. 6, 대한민국1",글: 백종원 ; 남지은 ; 그림: 이정태,위즈덤하우스,[수성]어린이자료실,8
124,124,BDS000478162,J 909-팝825ㅅ-19,싱가포르에서 보물찾기. 19,안치현 지음 ; 강경효 그림,아이세움,[수성]어린이자료실,8
125,125,BDS000472867,J 410-송225ㅅ-6=2,(코믹 메이플 스토리) 수학도둑 : 기본편. 6,송도수 글 ; 서정은 그림 ; 여운방 감수,서울문화사,[수성]어린이자료실,8
126,126,BDS000475390,J 980.24-쿠829-42,"쿠키런 어드벤처 : 쿠키들의 신통방통 지리 여행. 42, 미지의 세계 동굴-사라진 페이",송도수 글 ; 서정은 그림,서울문화사,[수성]어린이자료실,8
127,127,BDS000475702,J 833.8-트235ㅇ-10=2,"(추리 천재)엉덩이 탐정. 10, 사랑의 포로 사건",트롤 지음 ; 김정화 옮김,미래엔,[수성]어린이자료실,8
128,128,BDS000470850,J 813.8-백211ㅎ-6,흔한남매. 6,흔한남매 원작 ; 백난도 글 ; 유난희 그림,MiraeN·아이세움,[수성]어린이자료실,8
129,129,BDS000490269,J 818-흔91ㅎ=2,흔한남매 겨울밤 대소동,흔한남매 원작 ; 한바리 글 ; 유난희 그림,MiraeN·아이세움,[수성]어린이자료실,8
130,130,BDS000490124,J 813.8-밍15-4,밍꼬발랄 공소시효. 4,밍꼬발랄 원작 ; 주상일 글 ; 라임스튜디오 그림,겜툰,[수성]어린이자료실,8
131,131,BDS000490110,J 843-먼822ㅁ-2,"(이사도라 문)마녀 요정 미라벨. 2, 규칙을 깨다",해리엇 먼캐스터 지음 ; 심연희 옮김,을파소,[수성]어린이자료실,8
132,132,BDS000490122,J 813.8-밍15-2,밍꼬발랄 공소시효. 2,밍꼬발랄 원작 ; 주상일 글 ; 라임스튜디오 그림,겜툰,[수성]어린이자료실,8
133,133,BDS000490296,J 981.102-픽53-5,"픽셀리 초능력 히어로즈. 5, 경주 투어",김강현 글 ; 유희성 그림,서울문화사,[수성]어린이자료실,8
134,134,BDS000490266,J 813.8-홍39ㅎ,행운 없는 럭키 박스,홍민정 글 ; 박영 그림,잇츠북어린이,[수성]어린이자료실,8
135,135,BDS000490257,MC 833.8-우59ㅍ,판다 빵집,우시쿠보 료타 글·그림 ; 황진희 옮김,주니어RHK,[수성]유아자료실,8
136,136,BDS000490087,MC 813.8-안214ㄴ,눈아이 : 안녕달 그림책,안녕달 [지음],창비,[수성]유아자료실,8
137,137,BDS000490783,J 510-의51-5,"의사 어벤저스 : 어린이 의학 동화. 5, 뼈 질환, 실력을 키워라",고희정 글 ; 조승연 그림,가나,[수성]어린이자료실,8
138,138,BDS000491161,J 813.8-천96ㄱ-4,"건방이의 초강력 수련기 : season Ⅱ. 4, 파란 마스크",천효정 글 ; 이정태 그림,비룡소,[수성]어린이자료실,8
139,139,BDS000490211,J 833.8-히235ㅇ-10,요괴의 아이를 돌봐드립니다. 10,히로시마 레이코 글 ; 미노루 그림 ; 김지영 옮김,넥서스Friends,[수성]어린이자료실,8
140,140,BDS000490784,J 833.8-히235ㅈ-12,(이상한 과자가게) 천정당. 12,히로시마 레이코 글 ; 쟈쟈 그림 ; 김정화 옮김,길벗스쿨,[수성]어린이자료실,8
141,141,BDS000490782,J 510-의51-4,"의사 어벤저스 : 어린이 의학 동화. 4, 소화기 질환, 마음의 장벽을 넘어라!",고희정 글 ; 조승연 그림,가나,[수성]어린이자료실,8
142,142,BDS000490779,J 510-의51-1,"의사 어벤저스 : 어린이 의학 동화. 1, 전염병, 응급 센터를 폐쇄하라!",고희정 글 ; 조승연 그림,가나,[수성]어린이자료실,8
143,143,BDS000490817,J 404-과91-3,"(흔한남매) 과학 탐험대. 3, 인체","흔한남매 원작 ; 이재국,이현진 [공] 글 ; 김덕영 그림",주니어김영사,[수성]어린이자료실,8
144,144,BDS000490727,J 813.8-김239ㄷ,달콩이네 떡집,김리리 글 ; 김이랑 그림,비룡소,[수성]어린이자료실,8
145,145,BDS000490754,843.6-바213ㅅ,세이프,S. K. 바넷 지음 ; 김효정 옮김,인플루엔셜,[수성]1자료실,8
146,146,BDS000456848,J 190-마69-10=3,"마인드스쿨 . 10, 공부하기 싫단 말이야!",조주희 글·그림,고릴라박스,[수성]어린이자료실,8
147,147,BDS000450536,J 810-몬58ㅂ-1,"브레드 이발소. 1, 컵케이크들의 화려한 변신",원작: 몬스터스튜디오  ; 구성: 미디어 S,형설출판사,[수성]어린이자료실,8
148,148,BDS000457662,J 477-곰225ㅇ-2,"아쿠아리움에서 살아남기  : 서바이벌 만화 과학상식 . 1,2",곰돌이 co. 글  ;  한현동 그림,MiraeN아이세움,[수성]어린이자료실,8
149,149,BDS000456842,J 190-마69-4=2,"마인드스쿨 . 4, 정리 정돈은 어려워!",남지은 글  ; 김인호 그림,고릴라박스,[수성]어린이자료실,8
150,150,BDS000450502,J 400-신832ㄴ-10,"놓지 마 과학! . 10 , 정신이 동물에 정신 놓다",글·그림: 신태훈 ; 나승훈,위즈덤하우스,[수성]어린이자료실,8
151,151,BDS000457661,J 477-곰225ㅇ-1,"아쿠아리움에서 살아남기  : 서바이벌 만화 과학상식 . 1,2",곰돌이 co. 글  ;  한현동 그림,MiraeN아이세움,[수성]어린이자료실,8
152,152,BDS000458637,J 594-백75ㄷ-3,"(백종원의) 도전 요리왕  : 음식으로 맛보는 세계 역사 문화 체험 . 3, 이탈리아",백종원 ; 남지은 [공]글  ; 이정태 그림,위즈덤하우스,[수성]어린이자료실,8
153,153,BDS000456956,J 813.8-안819ㄹ-5,"레이튼 미스터리 탐정사무소  : 카트리에일의 수수께끼 파일 . 5 , 천재 분석관 제럴딘 로이어",글: 안치현  ; 그림: 팀키즈,Mirae N 아이세움,[수성]어린이자료실,8
154,154,BDS000453134,J 813.8-안819ㄹ-2,레이튼 미스터리 탐정사무소  : 카트리에일의 수수께끼 파일. 2-3,글: 안치현 ; 그림: 팀키즈,Mirae N 아이세움,[수성]어린이자료실,8
155,155,BDS000454597,J 813.8-백211ㅎ-1,흔한남매 . 1,흔한남매 원작  ; 백난도 글  ; 유난희 그림,아이세움,[수성]어린이자료실,8
156,156,BDS000457613,J 813.8-안819ㄹ-6,"레이튼 미스터리 탐정사무소  : 카트리에일의 수수께끼 파일 . 6, 유령의 집",글: 안치현  ; 그림: 팀키즈,Mirae N 아이세움,[수성]어린이자료실,8
157,157,BDS000441421,J 558-곰225ㅂ-2,비행기 사고에서 살아남기. 2,글: 곰돌이 co. ; 그림: 한현동,MiraeN아이세움,[수성]어린이자료실,8
158,158,BDS000440156,J 558-곰225ㅂ-1,비행기 사고에서 살아남기. 1,글: 곰돌이 co. ; 그림: 한현동,MiraeN아이세움,[수성]어린이자료실,8
159,159,BDS000436420,J 219.2-박59ㄱ-4,"그리스 로마 신화  : 만화로 읽는 초등 인문학. 4, 올림포스 십이 신",글: 박시연 ; 그림: 최우빈,아울북,[수성]어린이자료실,8
160,160,BDS000436495,J 511.6-곰225ㄱ-1,기생충 세계에서 살아남기. 1-2,글: 곰돌이co.  ; 그림: 한현동,MiraeN아이세움,[수성]어린이자료실,8
161,161,BDS000443652,J 219.2-박59ㄱ-7,"그리스 로마 신화  : 만화로 읽는 초등 인문학. 7, 새로운 인간의 시대",글: 박시연  ; 그림: 최우빈,아울북,[수성]어린이자료실,8
162,162,BDS000479280,J 911-설39ㅅ-16,"설민석의 한국사 대모험. 16, 독도 편-사라진 천사옥대를 찾아라!","설민석,스토리박스 [공] 지음 ; 정현희 그림",아이휴먼,[수성]어린이자료실,8
163,163,BDS000483135,J 400-고17-1,"고구마 탐정. 1, 수학 - 사각형 씨의 위대한 유산",서지원 글 ; 이승연 그림,스푼북,[수성]어린이자료실,8
164,164,BDS000484528,J 472-에18-4,에그박사 : 자연 생물 관찰 만화. 4,에그박사 원작 ; 박송이 글 ; 홍종현 그림,Mirae N 아이세움,[수성]어린이자료실,8
165,165,BDS000482127,J 813.8-설98ㅈ,조선 흡혈귀전 : 흡혈귀 감별사의 탄생,설흔 지음 ; 고상미 그림,위즈덤하우스,[수성]어린이자료실,8
166,166,BDS000481711,J 980-정18-14,"정글의 법칙 : 시즌 3. 14, 멕시코 편",SBS 정글의 법칙 제작팀 원작 ; 김난영 글 ; 이정태 그림,김영사,[수성]어린이자료실,8
167,167,BDS000484625,J 813.8-흔91ㅂ-1=2,(흔한남매) 별난 방탈출 : 탈출 미션 스토리북. 1,흔한남매 원작 ; 김언정 글 ; 차차 그림,Mirae N 아이세움,[수성]어린이자료실,8
168,168,BDS000484626,J 813.8-흔91ㅂ-2=2,(흔한남매) 별난 방탈출 : 탈출 미션 스토리북. 2,흔한남매 원작 ; 김언정 글 ; 차차 그림,Mirae N 아이세움,[수성]어린이자료실,8
169,169,BDS000483347,J 833.8-히235ㅅ-5=2,"십 년 가게. 5, 한가할 때도 있습니다",히로시마 레이코 글 ; 사다케 미호 그림 ; 이소담 옮김,위즈덤하우스,[수성]어린이자료실,8
170,170,BDS000484902,MC 813.8-황53ㅅ,소꿉놀이가 끝나면,황선미 글 ; 김동성 그림,사계절,[수성]유아자료실,8
171,171,BDS000484957,J 833.8-히235ㅈ-11=3,(이상한 과자 가게) 전천당. 11,히로시마 레이코 글 ; 쟈쟈 그림 ; 김정화 옮김,길벗스쿨,[수성]어린이자료실,8
172,172,BDS000484461,J 388.6-한211ㅇ=3,(읽으면서 바로 써먹는) 어린이 속담,한날 글·그림,파란정원,[수성]어린이자료실,8
173,173,BDS000481809,J 400-신832ㄴ-6,"놓지 마 과학!. 6, 정신이 실험에 정신 놓다","신태훈,나승훈 [공]지음·그림",위즈덤하우스,[수성]어린이자료실,8
174,174,BDS000484423,J 219.2-박59ㄱ-17,"(만화로 읽는 초등 인문학)그리스 로마 신화. 17, 페가수스를 길들인 영웅, 벨레로폰테스",박시연 글 ; 최우빈 그림,아울북,[수성]어린이자료실,8
175,175,BDS000484418,J 219.2-박59ㄱ-12=2,"그리스 로마 신화 : 만화로 읽는 초등 인문학. 12, 에로스와 프시케의 진정한 사랑",박시연 글 ; 최우빈 그림,아울북,[수성]어린이자료실,8
176,176,BDS000484939,J 813.8-백73ㅇ,완벽한 생일 소동,백정애 글 ; 백지원 그림,봄봄(봄봄출판사),[수성]어린이자료실,8
177,177,BDS000483395,J 833.8-히235ㅇ-1=2,"유령 고양이 후쿠코. 1, 내 그림자를 돌려줘!",히로시마 레이코 지음 ; 바라마쓰 히토미 그림 ; 고향옥 옮김,주니어김영사,[수성]어린이자료실,8
178,178,BDS000481760,J 813.8-백211ㅎ-8,흔한남매. 8,흔한남매 원작 ; 백난도 글 ; 유난희 그림,아이세움,[수성]어린이자료실,8
179,179,BDS000483167,J 410-송225ㅅ-83,(코믹 메이플스토리) 수학도둑. 83,송도수 지음 ; 서정 엔터테인먼트 그림,서울문화사,[수성]어린이자료실,8
180,180,BDS000484912,J 833.8-이819ㅅ-2,"시간표 소년. 2, 사라져 가는 국어를 구해 줘!",이치노세 미요 글 ; 에노키 노토 그림 ; 황세정 번역,서울문화사,[수성]어린이자료실,8
181,181,BDS000480291,J 408-흔91-3,(흔한남매의) 흔한 호기심 : 일상에서 만나는 과학 상식. 3,흔한남매 원작 ; 안치현 지음 ; 유난희 그림,Mirae N 아이세움,[수성]어린이자료실,8
182,182,BDS000484465,J 372-쿠829-36,"쿠키런 서바이벌 대작전. 36, 시간여행자의 등장 편",김강현 글 ; 김기수 그림,서울문화사,[수성]어린이자료실,8
183,183,BDS000481925,J 813.8-천96ㄱ-3,"건방이의 초강력 수련기 : season 2. 3, 심해의 괴물",천효정 지음 ; 이정태 그림,비룡소,[수성]어린이자료실,8
184,184,BDS000484429,J 219.2-박59ㄱ-23=2,"그리스 로마 신화. 23, 거신족의 역습",박시연 지음 ; 최우빈 그림,아울북,[수성]어린이자료실,8
185,185,BDS000484526,J 472-에18-2=3,에그박사 : 자연 생물 관찰 만화. 2,에그박사 원작 ; 박송이 글 ; 홍종현 그림,Mirae N 아이세움,[수성]어린이자료실,8
186,186,BDS000484525,J 472-에18-1=2,에그박사 : 자연 생물 관찰 만화. 1,에그박사 원작 ; 박송이 지음 ; 홍종현 그림,아이세움,[수성]어린이자료실,8
187,187,BDS000483400,J 833.8-히235ㅈ-11=2,(이상한 과자 가게) 전천당. 11,히로시마 레이코 글 ; 쟈쟈 그림 ; 김정화 옮김,길벗스쿨,[수성]어린이자료실,8
188,188,BDS000482168,J 909-김39ㄱ-20,"Go Go 카카오프렌즈 : 세계 역사 문화 체험 학습만화. 20, 한국3",김미영 지음 ; 김정한 그림,아울북,[수성]어린이자료실,8
189,189,BDS000478966,J 980.24-쿠827-44,"쿠키런 어드벤처 : 쿠키들의 신통방통 지리 여행. 44, 이상한 나라의 쿠키들",송도수 지음 ; 서정은 그림,서울문화사,[수성]어린이자료실,8
190,190,BDS000483433,J 813.8-백211ㅎ-8=2,흔한남매. 8,흔한남매 원작 ; 백난도 글 ; 유난희 그림,아이세움,[수성]어린이자료실,8
191,191,BDS000483823,J 813.8-흔91ㅂ-3,(흔한남매) 별난 방탈출 : 탈출 미션 스토리북. 3,흔한남매 원작 ; 김언정 글 ; 차차 그림,Mirae N 아이세움,[수성]어린이자료실,8
192,192,BDS000480018,843.6-헤69ㅁ,미드나잇 라이브러리,매트 헤이그 지음 ; 노진선 옮김,인플루엔셜,[수성]1자료실,8
193,193,BDS000484789,J 710-불15-2,(흔한남매)불꽃 튀는 우리말. 2,흔한남매 원작 ; 한은호 글 ; 유희석 그림,다산어린이,[수성]어린이자료실,8
194,194,BDS000484407,J 219.2-박59ㄱ-1=2,"그리스 로마 신화 : 만화로 읽는 초등 인문학. 1, 신들의 대전쟁",박시연 글 ; 최우빈 그림,아울북,[수성]어린이자료실,8
195,195,BDS000483001,J 320-섀843ㅇ-3,(만화) 열두 살에 부자가 된 키라. 3,보도 섀퍼 원작 ; 권용찬 글 ; 유연경 그림,아울북,[수성]어린이자료실,8
196,196,BDS000481838,J 833.8-구225ㅇ,우당탕탕 야옹이와 바다 끝 괴물,구도 노리코 지음·그림 ; 윤수정 옮김,책읽는곰,[수성]어린이자료실,8
197,197,BDS000478977,J 594-단71-2,(브레드이발소 윌크가 들려주는) 단짠단짠 디저트의 역사. 2,몬스터스튜디오 원작 지음·그림,북센스,[수성]어린이자료실,8
198,198,BDS000484788,J 710-불15-1=3,(흔한남매) 불꽃 튀는 우리말. 1,흔한남매 원작 ; 한은호 글 ; 유희석 그림,다산어린이,[수성]어린이자료실,8
199,199,BDS000484848,MC 813.8-얄231-3,"얄라차 생쥐 형제 : 겨울. 3, 노을 수프",문채빈 지음,미래엔,[수성]유아자료실,8
200,200,BDS000478925,J 400-신832ㄴ,"놓지 마 과학!. 3, 정신이 공룡에 정신 놓다",신태훈 ; 나승훈 글·그림,위즈덤하우스,[수성]어린이자료실,8
