﻿,0,1,2,3,4,5,6,7,8,9,10,11,12
0,도서관명,소재지,도서관 유형,휴관일,운영 시간,열람 좌석수,장서수,대출 가능권수 (가능일수),전화번호,운영 기관명,부지면적 (연면적),홈페이지,데이터 기준일자
1,완주군립 중앙도서관,전라북도 완주군 용진읍 지암로 61,공공 도서관,"자료실: 월요일, 법정공휴일,공부방: 법정공휴일",08:00 ~ 22:00,259,80196,5 (20),063-290-2653,완주군청,54118 (2410),http://lib.wanju.go.kr,2022-03-31
2,완주군립 둔산영어도서관,전라북도 완주군 봉동읍 둔산2로 62,공공 도서관,"자료실: 일요일, 법정공휴일, 공부방: 법정공휴일",08:00 ~ 22:00,197,54712,5 (20),063-290-2242,완주군청,1850 (1389),http://lib.wanju.go.kr,2022-03-31
3,완주군립 삼례도서관,전라북도 완주군 삼례읍 삼봉로 215-12,공공 도서관,"자료실: 일요일, 법정공휴일, 공부방: 법정공휴일",08:00 ~ 22:00,68,99606,5 (20),063-290-2643,완주군청,4830 (889),http://lib.wanju.go.kr,2022-03-31
4,완주군립 고산도서관,전라북도 완주군 고산면 고산로 69-13,공공 도서관,"자료실: 일요일, 법정공휴일, 공부방: 법정공휴일",08:00 ~ 22:00,139,71603,5 (20),063-290-2647,완주군청,1653 (1213),http://lib.wanju.go.kr,2022-03-31
5,완주군립 콩쥐팥쥐도서관,전라북도 완주군 이서면 갈산로 40,공공 도서관,"자료실: 일요일, 법정공휴일, 공부방: 법정공휴일",08:00 ~ 22:00,521,33520,5 (20),063-290-2659,완주군청,1917 (4262),http://lib.wanju.go.kr,2022-03-31
6,모악 작은도서관,전라북도 완주군 구이면 구이로 1482 (구이행정복지센터2층),작은 도서관,"법정공휴일, 토요일, 일요일",09:00 ~ 18:00,20,11133,5 (20),063-223-4167,구이모악 (민간위탁),106,http://lib.wanju.go.kr,2022-03-31
7,배꽃뜰 작은도서관,전라북도 완주군 이서면 이서로 55 (이서행정복지센터3층),작은 도서관,"법정공휴일, 일요일, 월요일",09:00 ~ 18:00,30,13475,5 (20),063-222-1919,비채나누 (민간위탁),145,http://lib.wanju.go.kr,2022-03-31
8,기찻길 작은도서관,전라북도 완주군 상관면 신리로 109 (상관행정복지센터3층),작은 도서관,"법정공휴일, 토요일, 일요일",09:00 ~ 18:00,20,12825,5 (20),063-231-3200,손애손 (민간위탁),192,http://lib.wanju.go.kr,2022-03-31
9,철쭉 작은도서관,전라북도 완주군 소양면 소양로231 (소양교육문화지원센터2층),작은 도서관,"법정공휴일, 일요일, 월요일",09:00 ~ 18:00,15,8436,5 (20),063-247-8866,소꿈사 협동조합 (민간위탁),155,http://lib.wanju.go.kr,2022-03-31
10,화산골 작은도서관,전라북도 완주군 화산면 화산로 830-14 (화산행정복지센터2층),작은 도서관,"법정공휴일, 토요일, 일요일",09:00 ~ 18:00,15,7075,5 (20),063-263-1199,스케치북 (민간위탁),138,http://lib.wanju.go.kr,2022-03-31
11,경천애인 작은도서관,전라북도 완주군 경천면 대둔산로 256 (경천문화복지센터1층),작은 도서관,"법정공휴일, 토요일, 일요일",09:00 ~ 18:00,30,5768,5 (20),063-262-2987,경천너는꽃 (민간위탁),99,http://lib.wanju.go.kr,2022-03-31
12,용꿈 작은도서관,전라북도 완주군 용진읍 완주로 174 (용진행정복지센터3층),작은 도서관,"법정공휴일, 토요일, 일요일",09:00 ~ 18:00,20,4404,5 (20),063-241-2756,용꿈 (민간위탁),99,http://lib.wanju.go.kr,2022-03-31
