﻿,0,1,2,3,4
0,그룹아이디,코드값,코드명,코드설명,사용여부
1,BBS001,005-01,초등독서회,참여마당 > 독서회 게시판 분류,Y
2,BBS001,005-02,청소년독서회,참여마당 > 독서회 게시판 분류,Y
3,BBS001,005-03,성인독서회,참여마당 > 독서회 게시판 분류,Y
4,LIB001,1,중앙도서관,중앙도서관,Y
5,LIB001,2,매곡도서관,매곡도서관,Y
6,LIB001,3,기적의도서관,기적의도서관,Y
7,LIB001,4,농소1동도서관,농소1동도서관,Y
8,LIB001,5,농소3동도서관,농소3동도서관,Y
9,LIB001,6,염포양정도서관,염포양정도서관,Y
10,LIB001,7,명촌어린이도서관,명촌어린이도서관,Y
11,LIB002,1,푸른작은도서관,푸른작은도서관,Y
12,LIB002,10,햇살작은도서관,햇살작은도서관,Y
13,LIB002,11,꿈꾸는작은도서관,꿈꾸는작은도서관,Y
14,LIB002,12,아름드리작은도서관,아름드리작은도서관,Y
15,LIB002,13,극동푸른작은도서관,극동푸른작은도서관,Y
16,LIB002,2,책가방작은도서관,책가방작은도서관,Y
17,LIB002,3,책사랑작은도서관,책사랑작은도서관,Y
18,LIB002,4,책누리작은도서관,책누리작은도서관,Y
19,LIB002,5,책놀이터작은도서관,책놀이터작은도서관,Y
20,LIB002,6,다울림작은도서관,다울림작은도서관,Y
21,LIB002,7,책마루작은도서관,책마루작은도서관,Y
22,LIB002,8,가온누리작은도서관,가온누리작은도서관,Y
23,LIB002,9,양정작은도서관,양정작은도서관,Y
