﻿,0,1,2,3,4,5,6
0,포지션,이름,부서,나이,가입기간,참여도,비고
1,내야수,갈문주,생산부,31,4년,C급,-
2,외야수,길주병,생산부,41,8년,C급,-
3,외야수,김빈우,경리부,32,5년,A급,총무
4,포수,김신수,생산부,30,6년,B급,-
5,외야수,나대영,생산부,26,2년,A급,-
6,내야수,민조항,영업부,27,3년,B급,-
7,내야수,박평천,총무부,43,8년,A급,회장
8,투수,왕전빈,경리부,26,1년,C급,-
9,투수,이해탁,총무부,32,6년,A급,-
10,포수,허웅진,구매부,34,8년,A급,감독
