﻿,0,1,2,3,4,5
0,구분코드,이름,성별,국가,출전시간,점수
1,101S,김한응,남,한국,오전 10:00,87
2,102S,한성현,남,일본,오전 10:10,69
3,103S,김영득,남,중국,오전 10:20,99
4,104S,정은희,여,한국,오전 10:30,46
5,105S,김양현,남,중국,오전 10:40,79
6,106S,이미라,여,미국,오전 10:50,87
7,107S,심지영,남,일본,오전 11:00,92
8,108S,고수정,여,한국,오후 2:00,91
9,101F,유응구,여,일본,오후 3:00,85
10,102F,이병열,남,중국,오후 4:00,76
,,,,,,
,,,,,,
,,,,,,
,,,,,,
