﻿,0,1,2,3,4
0,학과,직급,성명,개설강좌,연구논문
1,비서학과,조교수,이상봉, 3 ,4
2,비서학과,조교수,정은미, 4 ,3
3,비서학과,조교수,이나영, 4 ,3
4,비서학과,부교수,장기웅, 3 ,1
5,비서학과,부교수,한성현, 2 ,7
6,무역학과,조교수,신경국, 3 ,2
7,무역학과,조교수,조상진, 3 ,4
8,무역학과,부교수,방극준, 3 ,3
9,경제학과,조교수,정태은, 3 ,5
10,경제학과,부교수,황선철, 2 ,4
11,경영학과,조교수,유봉선, 4 ,9
