﻿,0,1,2,3,4
0,거래일,고객명,차종,금액,담당자
1,21-Jan-05,신현학,카렌스,"12,000,000.00",김정민
2,02-Feb-05,배영진,SM3,"15,000,000.00",김남일
3,16-Feb-05,김진호,산타페,"21,000,000.00",정진교
4,28-Feb-05,양미라,마티즈,"11,500,000.00",박경림
5,01-Mar-05,정경호,마티즈,"11,500,000.00",이기찬
6,24-Mar-05,사미자,클릭,"8,000,000.00",정진교
7,26-Mar-05,고아라,SM3,"15,000,000.00",박경림
8,02-Apr-05,김기범,레저용,"21,000,000.00",김정민
9,08-Apr-05,김희철,마티즈,"11,500,000.00",김남일
