﻿,0,1,2,3,4
0,제품코드,제품명,단가,등록일자,수량누계
1,A-150,개비콘정,45,09-Mar-02,289
2,C-140,구아브라신캅셀,220,06-May-03,410
3,A-180,글라부놀점안액,1166,29-Jul-01,224
4,A-128,가브로마이신주,628,28-Sep-02,218
5,C-161,그리코민정,79,06-May-03,468
6,A-182,글라지드정,76,29-Jul-01,425
7,A-124,가네이드에프연질캅셀,165,29-Jul-01,250
8,C-168,그린페지정,71,29-Jul-01,320
9,D-344,나릴정5mg,272,28-Sep-02,222
10,A-140,각시원정,42,06-May-03,470
11,A-141,간필정,161,29-Jul-01,219
12,A-161,게로비솔주250ml,6971,09-Mar-02,444
