﻿,0,1,2,3,4
0,대상,강좌명,강사명,수강료,정원
1,초등학생,국어,김예선,"70,000",15
2,초등학생,영어,민정희,"150,000",10
3,초등학생,수학,이수진,"100,000",15
4,중학생,국어,이숙경,"100,000",25
5,중학생,논술,양정남,"150,000",15
6,중학생,영어,황정인,"130,000",15
7,중학생,영어회화,이민경,"200,000",10
8,중학생,원어민영어,K.퍼거슨,"250,000",10
9,중학생,수학,우상진,"100,000",25
10,고등학생,국어,이국진,"100,000",25
11,고등학생,논술,조민기,"150,000",10
12,고등학생,영어,민영화,"150,000",15
13,고등학생,영어회화,이민경,"200,000",10
14,고등학생,원어민영어,S.제시카,"300,000",10
15,고등학생,수학,이태화,"100,000",25
