﻿,0,1,2,3,4
0,구분기호,등급,평점,주연,대표 연기자
1,A-101,전체,8.7,"설경수, 송병호",설경수
2,A-102,청소년관람불가,5.4,이효영와 트위스터,이효영와 트위스터
3,A-103,15세,9.55,"이경구, 강수동",이경구
4,A-104,청소년관람불가,7.8,박정진,박정진
5,A-105,15세,8.85,"최수정, 백준걸",최수정
6,A-106,전체,9.91,이도현,이도현
7,A-107,전체,7.65,"윤수민, 이연정",윤수민
8,A-108,15세,6.5,한미우,한미우
9,A-109,청소년관람불가,7.8,안은미,안은미
10,A-110,청소년관람불가,8.812,"정태수, 민영기",정태수
,,,,,
,,,,,
,,,,,
,,,,,
