﻿,0,1,2,3,4,5,6,7,8,9,10,11
0,번호,이름,구분,고사장,DB,전산구조,운영체제,SW공학,데이터통신,합계,평균,비고
1,1,강아선,전문대졸,영동1시험장,71,64,91,35,97,358,71.6,과락
2,2,강자유,대졸,부산1시험장,70,89,65,53,38,315,63,과락
3,3,강차선,대재,영동1시험장,53,87,95,93,55,383,76.6,합격
4,4,계숙희,직업학교,부산1시험장,59,77,89,80,50,355,71,합격
5,5,기하수,경력,영동2시험장,54,40,47,91,63,295,59,불합격
6,6,김래혁,전문대졸,영동2시험장,100,38,100,51,91,380,76,과락
7,7,김미수,대졸,영동2시험장,87,54,64,92,54,351,70.2,합격
8,8,김부여,대재,영동2시험장,97,88,81,77,53,396,79.2,합격
9,9,김사우,대재,영동1시험장,59,41,100,77,54,331,66.2,합격
10,10,박순여,직업학교,영동2시험장,68,77,52,54,64,315,63,합격
