﻿,0,1,2,3,4,5,6,7,8,9,10,11,12,13,14,15,16,17,18
0,학년,반,이름,3/3,3/10,3/17,3/24,3/31,4/7,4/14,4/21,4/28,5/5,5/12,5/19,5/26,6/2,6/9,출석수
1,1,사랑반,김영서,O,O,O,O,O,O,O,O,O,O,O,O,O,O,O,15
2,1,사랑반,이환,O,O,,O,O,O,O,O,,O,O,O,O,O,O,13
3,1,사랑반,김유준,,O,O,O,O,O,O,O,O,O,,O,O,,O,12
4,1,화평반,김지환,O,O,O,O,O,O,O,O,O,O,O,O,O,O,O,15
5,1,화평반,원가은,,O,O,O,O,O,O,O,O,O,O,O,O,O,O,14
6,1,화평반,김서찬,O,O,O,O,O,O,,,O,O,O,O,O,O,O,13
7,1,화평반,노재현,,O,O,O,,O,O,O,O,O,,O,O,,O,11
8,1,희락반,최예진,O,O,O,O,O,O,O,O,O,O,O,O,O,O,O,15
9,1,희락반,전준호,O,O,O,O,O,O,O,O,O,O,O,O,O,O,O,15
10,1,희락반,김우인,O,O,O,,O,,,,O,,O,O,O,O,O,10
11,2,양선반,신지섭,O,O,O,O,O,O,O,O,O,O,O,O,O,O,O,15
12,2,양선반,정승우,O,O,O,O,O,,O,O,O,O,O,O,O,O,,13
