﻿,0,1,2,3
0,제품명,제약회사,2005년실적,2006년실적
1,강남아테놀올정,강남제약,120,163
2,건웅 노플록사신정 100mg,건웅제약,120,134
3,건웅 노플록사신캅셀,건웅제약,123,115
4,게론-지현탁액,건일제약,150,224
5,경남염산라니티딘정300mg,경남제약,121,116
6,경동세파트리진캅셀,경동제약,120,268
7,그린지현탁액,경동제약,124,89
8,고려은단파모티딘정40mg,고려은단,235,224
9,고려 아시클로버크림,고려제약,200,151
10,광명피록시캄근육주사,광명제약,214,115
11,국제 니페디핀연질캅셀 10mg,국제약품,80,268
