﻿,0,1,2,3,4
0,근태일자,이름,직급,근태명,횟수
1,27-Apr-05,한광태,상무이사,병가,3
2,12-Feb-05,이재영,과장,교육,1
3,17-Apr-05,이재영,과장,교육,2
4,28-Apr-05,이재영,과장,출산휴가,1
5,17-Apr-05,손서진,대리,년차,1
6,02-Feb-05,최세창,대리,년차,1
7,13-Feb-05,최세창,대리,포상휴가,1
8,23-Feb-05,최세창,대리,포상휴가,1
9,15-Mar-05,최세창,대리,조퇴,1
10,16-Mar-05,최세창,대리,조퇴,1
11,22-Apr-05,이명호,대리,결근,1
12,23-Apr-05,이명호,대리,결근,2
13,04-Feb-05,이인규,주임,병가,1
14,12-Feb-05,이인규,주임,병가,1
15,16-Apr-05,이인규,주임,병가,2
16,27-Feb-05,조상은,주임,지각,1
17,28-Feb-05,조상은,주임,지각,1
