﻿,0,1,2,3,4,5
0,학번,성명,학년,평점,이메일,학과
1,0316005,유빈,4,4,turanturi@somedays.not,컴퓨터학과
2,0416004,강기석,3,3,bbc@callaway.not,컴퓨터학과
3,0516003,박철수,2,4,dmb@coloring.not,컴퓨터학과
4,0616001,김유림,1,2,abc@naver.not,컴퓨터학과
5,0616002,이상호,1,2,fmd@yahii.not,컴퓨터학과
6,0616004,김재준,2,3,kkkim@doradora.not,경영학과
7,0616007,이상벽,2,2,bblee@somedays.not,경영학과
8,0616008,김재동,2,3,dogin@somedays.not,경영학과
9,0616010,유재식,3,4,syou12@somedays.not,경영학과
10,0717001,신입선,2,0,seo@sang.not,회계학과
