﻿,0,1,2,3,4,5,6
0,학과코드,학과이름,학과담당교수,학번,성명,성별,학년
1,A101,멀티미디어,문수민,02215101,홍민철,남,2
2,A101,멀티미디어,문수민,02215102,이상문,남,2
3,C302,웹정보수리,김미정,02215103,성미영,여,2
4,A101,멀티미디어,문수민,02215104,박세철,남,2
5,B201,정보처리,박상돈,02215105,최희준,남,3
6,C302,웹정보수리,김미정,02215106,문영철,남,3
7,B201,정보처리,박상돈,02215107,양희진,여,3
8,A101,멀티미디어,문수민,02215108,이상은,여,4
9,A101,멀티미디어,문수민,02215109,최부길,남,4
10,A101,멀티미디어,문수민,02215110,노민영,여,4
