﻿,0,1,2,3,4
0,순번,도서명,출판일,분류,저자
1,1,남극탐구,12-Mar-22,"역사,지리.관광",양연영
2,2,내일,10-Jun-94,순수과학,최정선
3,3,달나라여행,06-Mar-00,기술과학,남유리
4,4,댄스종류,03-Mar-52,예술,김현임
5,5,만화로보는,27-Feb-72,문학,정유진
6,6,블란서어,02-Mar-62,언어,정우리
7,7,생태계,25-Feb-82,순수과학,김예정
8,8,신세계,07-Mar-42,문학,도유희
9,9,아시아여행,22-Feb-92,"역사,지리.관광",정화선
10,10,영어,27-Oct-00,언어,이은주
