﻿,0,1,2,3,4
0,성명,강좌코드,강좌명,전공,총수강인원
1,윤여송,eng-02,사무영어,영어영문학,14
2,황선철,eng-02,사무영어,비서학,19
3,방극준,eng-03,영작문연습,영어영문학,22
4,김경신,cs-01,인터넷 개론,전산학,35
5,우상호,MIS-01,인터넷비지니스,경영학,36
6,김우식,eng-02,사무영어,비서학,37
7,이원섭,mgm-01,경영학개론,경영학,19
8,이준성,mgm-01,경영학개론,경영학,12
9,최준성,mgm-01,경영학개론,경영학,19
10,김광래,MIS-02,인터넷 마케팅,경영학,22
