﻿,0,1,2,3
0,도서명,분류,출판사,저자
1,남극탐구,"역사,지리.관광",보통출판,양연영
2,우리가족 최고,순수과학,우수도서,최정선
3,달나라여행,기술과학,상공출판사,남유리
4,댄스종류,예술,상공출판사,남유리
5,만화로보는,문학,우수도서,정유진
6,블란서어,언어,최고출판사,정우리
7,생태계,순수과학,도서출판미안,박세람
8,신세계,문학,최고출판사,정영웅
9,중국 역사,"역사,지리.관광",최고출판사,정화선
