﻿,0,1,2,3,4
0,강사코드,성명,강좌명,전공,총시간
1,a-001,김동협,인터넷비지니스,경영학,9
2,a-002,이상훈,인터넷 활용,전산학,6
3,a-003,박은진,인터넷 개론,전자공학,12
4,a-004,민병철,인터넷 마케팅,경영학,9
5,a-005,김경하,인터넷비지니스,경제학,6
6,a-006,우근선,미인회화,영어영문학,3
7,a-007,구완진,인터넷비지니스,경제학,6
8,a-027,노창용,인터넷 활용,전자공학,3
9,a-015,조은영,미인회화,영어영문학,3
