﻿,0,1,2,3,4,5,6
0,고객ID,이름,프로그램명,주민등록번호,년도구분,주소,E-MAIL
1,P100,최다영,꽃꽃이,801123-1201056,2017,서울특별시 성북구 길음로,cdy@ho.net
2,P101,김철수,독서,810915-2014234,2017,경상북도 경산시 남산면 갈지로,kcs@nm.com
3,P102,이찬영,컴퓨터활용,610807-1023432,2017,서울특별시 도봉구 도담로,lcy@jo.com
4,P103,박삼수,노래교실,750524-1234565,2017,충청북도 증평군 증평읍 중앙로,pss@gol.com
5,P104,조성민,가정상담,561106-1203432,2017,경기도 의정부시 평화로,jsm@go.co.kr
6,P105,이지영,꽃꽃이,821205-1876543,2018,충청북도 괴산군 감물면 감물로,lgy@aol.com
7,P106,박지수,독서,580228-1238276,2018,인천광역시 강화군 강화읍 갑룡길,pjs@niver.com
8,P107,김혜원,컴퓨터활용,441023-1435786,2018,광주광역시 광산구 고봉로,khw@dim.com
9,P108,김민철,노래교실,751123-1198762,2018,서울특별시 관악구 과천대로,kmc@sangong.com
