﻿,0,1,2,3,4,5,6
0,사번,입사일자,성명,성별,부서코드,근무년수,전공학과
1,00026001,01-Jan-20,김예쁜,여,C302,4,유아교육학
2,00026002,05-Jan-20,정호순,여,C304,4,유아교육학
3,02215101,06-Feb-20,홍만철,남,A101,2,경영학과
4,02215102,07-Feb-20,이상화,남,C302,2,경영학과
5,02215103,01-May-20,주미영,여,C302,2,경영학과
6,99024004,04-Jun-20,김상훈,남,B201,5,전산학과
7,99024005,05-Jun-20,이윤철,남,A101,3,전산학과
8,99024006,06-Jun-20,박민자,여,B201,5,전산학과
