﻿,0,1,2,3,4
0,도서명,출판사,저자,금액,권장
1,유럽기행,교양도서,김지연,14700,전체
2,유채화,상공출판사,정영애,11330,청소년
3,음악사,우수도서,김우승,30000,청소년
4,이데올로기,우수도서,김송지,5400,전체
5,정치연구,최고출판사,정은승,11990,전체
6,종교생활,보통출판,김화훈,23300,아동
7,종교연구,보통출판,김영훈,9800,청소년
8,지구,보통출판,추유주,17770,청소년
9,철학자,최고출판사,양지웅,12000,아동
