﻿,0,1,2,3
0,제품명,납품단가,납품일자,거래처명
1,커플러,₩35,11-Mar-21,평촌전기
2,커플러,₩35,11-Mar-21,구리전기
3,커플러,₩35,11-Mar-21,의정부전기
4,PCB,₩65,16-Mar-21,강화전기
5,PCB,₩65,16-Mar-21,강릉전기
6,PCB,₩65,16-Mar-21,산본전기
7,와이어,₩40,01-Apr-21,서울전기
8,와이어,₩40,01-Apr-21,정화전기
9,와이어,₩40,10-Apr-21,여수전기
10,감쇠기,₩52,15-Apr-21,진해전기
11,감쇠기,₩52,15-Apr-21,청주전기
12,파워코드,₩70,10-May-21,한성전기
13,파워코드,₩70,10-May-21,독도전기
