﻿,0,1,2,3,4,5
0,분류,프로그램명,요일,시간,수강료,인원
1,성인건강,탁구오전3,월수금,11:00,38000,7
2,성인건강,탁구저녁4,화목,20:30,30000,6
3,성인건강,헬스,월~토,6:00,45000,10
4,성인골프,골프1,월수금,6:00,80000,5
5,성인골프,골프10,화목토,10:00,80000,5
6,성인댄스,댄스스포츠A,월금,13:00,30000,6
7,성인댄스,밸리댄스-초급,월수금,20:00,30000,6
8,성인미술,유화입문,수,13:00,20000,7
9,어린이,신나는연극놀이,월,15:00,0,5
10,어린이,유아영어발레(3-5세),월,15:00,20000,5
11,어린이,차이홍중국어1,월,14:00,30000,5
12,어린이,차이홍중국어2,월,15:30,30000,5
13,어린이,키즈무예(태견),월수,17:00,20000,6
