﻿,0,1,2,3,4
0,순번,날짜,항목,금액,출금항목
1,1,13-Sep-05,핸드폰 요금,62110,이체
2,2,14-Sep-05,화장품,30500,국민
3,3,16-Sep-05,서초구 경인차량,54000,비씨
4,4,16-Sep-05,아이리버양재(리시버),310000,비씨
5,5,17-Sep-05,이단 coupler,100000,이체
6,6,17-Sep-05,난곡기업(시골),17550,비씨
7,7,17-Sep-05,coupler 3종세트,36000,국민
8,8,17-Sep-05,추석 인사,300000,이체
9,9,17-Sep-05,꽃무늬 rack,17550,국민
10,10,20-Sep-05,야채및과일,13150,국민
