﻿,0,1,2,3,4,5,6,7,8
0,주문번호,금액,회원ID,주문일,배송주소,배송연락처,배송업체,제품명,제품_정가
1,B860,60000,star110,21-Mar-06,서울 서대문구 대현동,(02)345-2323,삼성택배,샴페인글래스,5000
2,B860,30000,star110,21-Mar-06,서울 서대문구 대현동,(02)345-2323,삼성택배,비어글래스,7500
3,B900,30000,jskim,21-Mar-06,인천 연수구 청학동,(032)230-6589,한진택배,향초,1500
4,B900,37500,jskim,21-Mar-06,인천 연수구 청학동,(032)230-6589,한진택배,사각초,2500
5,B900,100000,jskim,21-Mar-06,인천 연수구 청학동,(032)230-6589,한진택배,앤틱시계,20000
6,B980,40000,isan,01-Apr-06,인천 계양구 작전동,(032)540-2389,우체국택배,앤틱시계,20000
7,C200,60000,white,05-Apr-06,서울 서초구 서초동,(02)545-9876,삼성택배,머그,5000
8,C200,60000,white,05-Apr-06,서울 서초구 서초동,(02)545-9876,삼성택배,워터글래스,6000
9,C320,24000,dsjin,05-Apr-06,경기 수원시 권선구,(031)320-6767,로젠택배,다기주전자,24000
10,C355,95000,chaehee,15-Apr-06,서울 동작구 사당동,(02)567-2225,삼성택배,물컵,9500
