﻿,0,1,2,3,4,5
0,순번,제목,내용,조회수,입력일자,수정일자
1,24,2020년 대학도서관 직무향상 교육과정 관련 안내,2020년 대학도서관 직무향상 교육과정 관련 안내,261,2020-03-09 00:00,2020-03-09 00:00
2,25,2020년 대학도서관 직무향상 교육과정 운영 안내(상반기),2020년 대학도서관 직무향상 교육과정 운영 안내(상반기),240,2020-04-16 00:00,2020-04-16 00:00
3,26,2020년 대학도서관 직무향상 6월 교육 안내,2020년 대학도서관 직무향상 6월 교육 안내,119,2020-06-04 00:00,2020-06-04 00:00
4,27,2020년 대학도서관 직무향상 7월 교육 안내,2020년 대학도서관 직무향상 7월 교육 안내,91,2020-07-03 00:00,2020-07-03 00:00
5,28,2020년 대학도서관 직무향상 8월 교육 안내,2020년 대학도서관 직무향상 8월 교육 안내,216,2020-07-14 00:00,2020-07-14 00:00
6,29,2020년 대학도서관 직무향상 9월 교육 안내,2020년 대학도서관 직무향상 9월 교육 안내,97,2020-09-28 00:00,2020-09-28 00:00
7,30,2020년 대학도서관 직무향상 10월 교육 안내,2020년 대학도서관 직무향상 10월 교육 안내,167,2020-09-28 00:00,2020-09-28 00:00
