﻿,0,1,2,3,4,5
0,번호,체험처명,체험지역,주소,등록일,등록자유형
1,1,아산시청,충남 아산시,충청남도 아산시 온천동 시민로 456,2015-02-25,체험처
2,2,아산시청소년교육문화센터,충남 아산시,충청남도 아산시 권곡동,2015-03-10,센터 운영자
3,3,청양군청,충남 청양군,충청남도 청양군 청양읍 문화예술로 222,2015-03-10,체험처
4,4,홍성군청소년수련관,충남 홍성군,충청남도 홍성군 홍성읍 문화로33번길 33,2015-03-19,체험처
5,5,고암이응노생가기념관,충남 홍성군,충청남도 홍성군 홍북면 이응노로 61-7,2015-03-20,체험처
6,6,금산다락원,충남 금산군,충청남도 금산군 금산읍 금산로 1559,2015-04-03,센터 운영자
7,7,금산군농업기술센터,충남 금산군,충청남도 금산군 군북면 내부리,2015-04-03,센터 운영자
8,8,금산군의회,충남 금산군,충청남도 금산군 금산읍 상리,2015-04-03,센터 운영자
9,9,금산군 청소년상담복지센터(금산청소년미래센터),충남 금산군,충청남도 금산군 금산읍 인삼로 17,2015-04-03,센터 운영자
10,10,추부도서관,충남 금산군,충청남도 금산군 추부면 마전리,2015-04-03,센터 운영자
11,11,금산기적의도서관,충남 금산군,충청남도 금산군 금산읍 상리,2015-04-03,센터 운영자
12,12,금산 인삼고을도서관,충남 금산군,충청남도 금산군 금산읍 중도리,2015-04-03,센터 운영자
13,13,진산도서관,충남 금산군,충청남도 금산군 진산면 읍내리,2015-04-03,센터 운영자
14,14,부여군청소년수련원,충남 부여군,충청남도 부여군 충화면 충신로 618,2015-04-04,센터 운영자
15,15,예산군청,충남 예산군,충청남도 예산군 예산읍 군청로 22,2015-04-04,센터 운영자
16,16,백제문화단지,충남 부여군,충청남도 부여군 규암면 백제문로 455,2015-05-08,체험처
17,17,충청남도 논산시청,충남 논산시,충청남도 논산시 시민로210번길 9,2015-05-19,체험처
18,18,천안시노인종합복지관,충남 천안시,충청남도 천안시 서북구 쌍용동 미라11길 16,2015-06-20,센터 운영자
19,19,천안시 청소년상담복지센터,충남 천안시,충청남도 천안시 동남구 문화동 중앙로 111,2015-06-20,센터 운영자
20,20,계룡시청,충남 계룡시,충청남도 계룡시 금암동 계룡시청,2015-06-30,체험처
21,21,충청남도청소년진흥원 성문화센터,충남 천안시,충청남도 천안시 서북구 성정동 동서대로 115,2015-07-13,체험처
22,22,천안시영상미디어센터,충남 천안시,충청남도 천안시 동남구 원성동,2015-07-14,체험처
23,23,예산군의회,충남 예산군,충청남도 예산군 예산읍,2015-07-29,센터 운영자
24,24,금산산림문화타운,충남 금산군,충청남도 금산군 남이면 느티골길 200,2015-08-10,센터 운영자
25,25,천안시태조산청소년수련관,충남 천안시,충청남도 천안시 동남구 유량동 태조산길 261,2015-08-11,센터 운영자
26,26,청양군보건의료원,충남 청양군,충청남도 청양군 청양읍 칠갑산로 7길 54,2015-08-20,센터 운영자
27,27,서천군청소년수련관,충남 서천군,충청남도 서천군 장항읍 장항산단로34번길 60-23,2015-08-20,센터 운영자
28,28,서천군청소년문화센터,충남 서천군,충청남도 서천군 서천읍,2015-08-20,센터 운영자
29,29,농업기술센터,충남 서천군,충청남도 서천군 서천읍,2015-08-20,센터 운영자
30,30,서천군보건소,충남 서천군,충청남도 서천군 서천읍,2015-08-20,센터 운영자
31,31,공공시설사업소,충남 서천군,충청남도 서천군 장항읍,2015-08-20,센터 운영자
32,32,자원순환사업소,충남 서천군,충청남도 서천군 서천읍,2015-08-20,센터 운영자
33,33,천안시청 체육교육과,충남 천안시,충청남도 천안시 동남구 원성동 중앙로 118,2015-08-20,체험처
34,34,마서면사무소,충남 서천군,충청남도 서천군 마서면,2015-08-23,센터 운영자
35,35,아산시노인종합복지관,충남 아산시,충청남도 아산시 온천동 남산로 10,2015-08-28,체험처
36,36,보령시청소년수련관,충남 보령시,충청남도 보령시 성주면 성주7리,2015-08-28,센터 운영자
37,37,공주시농업기술센터,충남 공주시,충청남도 공주시 우성면 내산목천길 52-15,2015-09-01,체험처
38,38,금산군청,충남 금산군,충청남도 금산군 금산읍 군청길 13,2015-09-02,센터 운영자
39,39,충청남도논산소방서,충남 논산시,충청남도 논산시 내동 대학로 17,2015-09-07,체험처
40,40,논산시보건소,충남 논산시,충청남도 논산시 관촉동 논산대로 382,2015-09-08,체험처
41,41,부여군청,충남 부여군,충청남도 부여군 부여읍 사비로 33,2015-09-09,체험처
42,42,아산 코미디홀,충남 아산시,충청남도 아산시 도고면 신언리,2015-09-15,센터 운영자
43,43,천안시의회,충남 천안시,충청남도 천안시 서북구 불당동 번영로 156,2015-09-15,센터 운영자
44,44,서천군청,충남 서천군,충청남도 서천군 서천읍 군청로 57,2015-09-17,체험처
45,45,서천소방서,충남 서천군,충청남도 서천군 장항읍 장항로 37,2015-09-17,체험처
46,46,부여군굿뜨래경영사업소,충남 부여군,충청남도 부여군 부여읍 가탑로 75,2015-09-18,센터 운영자
47,47,옹기 및 발효음식 전시체험관,충남 아산시,충청남도 아산시 도고면 도고산로 810,2015-09-23,센터 운영자
48,48,당진시다문화가족지원센터,충남 당진시,충청남도 당진시 수청동 시청1로 38,2015-09-24,센터 운영자
49,49,문화관광과(심훈기념관),충남 당진시,충청남도 당진시 송악읍 부곡리,2015-10-01,센터 운영자
50,50,문화관광과(합덕수리민속박물관),충남 당진시,충청남도 당진시 합덕읍 합덕리,2015-10-01,센터 운영자
51,51,보령시청,충남 보령시,충청남도 보령시 명천동 성주산로 77,2015-10-06,체험처
52,52,서천문예의전당,충남 서천군,충청남도 서천군 서천읍,2015-10-13,센터 운영자
53,53,장항도서관,충남 서천군,충청남도 서천군 장항읍,2015-10-13,센터 운영자
54,54,서천군 장애인 종합 복지관,충남 서천군,충청남도 서천군 종천면,2015-10-13,센터 운영자
55,55,칠갑산 천문대,충남 청양군,충청남도 청양군 정산면 한티고개길 178-46,2015-10-19,센터 운영자
56,56,태안농업기술센터(태안군청소속),충남 태안군,충청남도 태안군 태안읍 송암리,2015-10-24,체험처
57,57,청양교육지원청,충남 청양군,충청남도 청양군 청양읍 중앙로 252,2015-10-28,센터 운영자
58,58,공주시청,충남 공주시,충청남도 공주시 봉황로 1,2015-11-04,체험처
59,59,서산시청소년상담복지센터,충남 서산시,충청남도 서산시 동문동 서령로 136,2015-11-09,센터 운영자
60,60,(재)아산문화재단,충남 아산시,충청남도 아산시 염치읍 은행나무길 293,2015-11-12,센터 운영자
61,61,아산시종합일자리지원센터,충남 아산시,충청남도 아산시 시장길 29,2015-11-25,센터 운영자
62,62,서산농업기술센터,충남 서산시,충청남도 서산시 인지면 무학재1길 99,2015-11-25,센터 운영자
63,63,서산문화원(영상미디어센터),충남 서산시,충청남도 서산시 부춘공원2로 11,2015-11-25,센터 운영자
64,64,태안문화예술센터(패총박물관),충남 태안군,충청남도 태안군 고남면 고남리,2015-11-26,체험처
65,65,태안군청(태안군청소년수련관),충남 태안군,충청남도 태안군 태안읍 군청로 1,2015-11-30,체험처
66,66,부춘동행정복지센터,충남 서산시,충청남도 서산시 읍내동 문화로 54,2015-11-30,센터 운영자
67,67,서산시청,충남 서산시,충청남도 서산시 안견로 252,2015-12-07,센터 운영자
68,68,태안소방서,충남 태안군,충청남도 태안군 태안읍 동백로 100,2015-12-18,체험처
69,69,천안시체육회(수영),충남 천안시,충청남도 천안시 서북구 백석동 1~699,2015-12-21,센터 운영자
70,70,천안시체육회(복싱),충남 천안시,충청남도 천안시 서북구 백석동 1~699,2015-12-21,센터 운영자
71,71,천안박물관,충남 천안시,충청남도 천안시 동남구 삼룡동 천안대로 429-13,2016-01-05,체험처
72,72,당진시청소년상담복지센터,충남 당진시,충청남도 당진시 읍내동,2016-01-07,체험처
73,73,보령시청소년상담복지센터,충남 보령시,충청남도 보령시 동대동 문화원길 9,2016-01-12,센터 운영자
74,74,보령시청소년문화의집,충남 보령시,충청남도 보령시 동대동 문화원길 9,2016-01-12,센터 운영자
75,75,서산시청 자원순환과,충남 서산시,충청남도 서산시 읍내동 관아문길 1,2016-01-12,센터 운영자
76,76,보령시농업기술센터,충남 보령시,충청남도 보령시 주포면 충서로 3220,2016-01-18,센터 운영자
77,77,서산시립도서관,충남 서산시,충청남도 서산시 읍내동 부춘공원2로 26,2016-01-18,센터 운영자
78,78,예산군농업기술센터,충남 예산군,충청남도 예산군 신암면,2016-01-21,센터 운영자
79,79,해미면사무소,충남 서산시,충청남도 서산시 해미면 남문2로 109,2016-01-21,센터 운영자
80,80,보령문화의전당,충남 보령시,충청남도 보령시 대천동 대흥로 63,2016-01-22,센터 운영자
81,81,합덕청소년문화의집,충남 당진시,충청남도 당진시 합덕읍 문화길 39,2016-01-27,센터 운영자
82,82,당진시 보건소,충남 당진시,충청남도 당진시 서부로 56,2016-01-28,센터 운영자
83,83,당진항만관광공사,충남 당진시,충청남도 당진시 신평면 삽교천3길 79,2016-01-29,센터 운영자
84,84,기지시줄다리기박물관,충남 당진시,충청남도 당진시 송악읍 안틀모시길 11,2016-01-29,센터 운영자
85,85,충청남도서부장애인종합복지관,충남 보령시,충청남도 보령시 주교면 보령북로 404,2016-02-01,체험처
86,86,태안문화예술센터(군립중앙도서관),충남 태안군,충청남도 태안군 태안읍 백화로 184,2016-02-02,체험처
87,87,당진시건강가정지원센터,충남 당진시,충청남도 당진시 시청1로 38,2016-02-06,센터 운영자
88,88,천안시 서북구보건소,충남 천안시,충청남도 천안시 서북구 번영로 156,2016-02-11,센터 운영자
89,89,문화시설사업소,충남 서산시,충청남도 서산시 해미면 남문2로 143,2016-02-12,센터 운영자
90,90,천안시청,충남 천안시,충청남도 천안시 서북구 번영로 156,2016-02-15,센터 운영자
91,91,서산시장애인복지관,충남 서산시,충청남도 서산시 호수공원14로 6,2016-02-16,센터 운영자
92,92,예산군청소년수련관,충남 예산군,충청남도 예산군 예산읍 벚꽃로 214,2016-02-16,센터 운영자
93,93,충청남도 천안의료원,충남 천안시,충청남도 천안시 동남구 충절로 537,2016-02-17,체험처
94,94,충청남도서산의료원,충남 서산시,충청남도 서산시 중앙로 149,2016-03-07,체험처
95,95,신동엽문학관,충남 부여군,충청남도 부여군 부여읍 신동엽길 12,2016-03-25,체험처
96,96,천안시청소년수련관,충남 천안시,충청남도 천안시 동남구 중앙로 111,2016-03-25,체험처
97,97,충청남도역사문화연구원,충남 공주시,충청남도 공주시 연수원길 103,2016-03-26,체험처
98,98,충청남도의회,충남 예산군,충청남도 예산군 삽교읍 도청대로 600,2016-03-30,센터 운영자
99,99,(재)충남테크노파크,충남 천안시,충청남도 천안시 서북구 직산읍 직산로 136,2016-03-30,체험처
100,100,충청남도청,충남 홍성군,충청남도 홍성군 홍북면 충남대로 21,2016-03-31,체험처
101,101,청양보건의료원,충남 청양군,충청남도 청양군 청양읍 칠갑산로7길 54,2016-04-05,센터 운영자
102,102,천안동남소방서,충남 천안시,충청남도 천안시 동남구 천안대로 580,2016-04-05,체험처
103,103,동문2동주민센터,충남 서산시,충청남도 서산시 율지6로 6,2016-04-18,센터 운영자
104,104,(재)충청남도경제진흥원,충남 아산시,충청남도 아산시 염치읍 은행나무길 223,2016-04-19,체험처
105,105,충청남도서산소방서,충남 서산시,충청남도 서산시 호수공원14로 26-4,2016-04-19,체험처
106,106,서산지역사회교육협의회,충남 서산시,충청남도 서산시 시장6로 35,2016-04-20,센터 운영자
107,107,충청남도농업기술원,충남 예산군,충청남도 예산군 신암면 추사로 167,2016-04-25,체험처
108,108,서산시보건소,충남 서산시,충청남도 서산시 호수공원6로 6,2016-04-25,체험처
109,109,천안시시설관리공단(한들문화센터),충남 천안시,충청남도 천안시 서북구 음봉로 861-50,2016-05-03,체험처
110,110,홍성군청,충남 홍성군,충청남도 홍성군 홍성읍 아문길 27,2016-05-07,체험처
111,111,부여군청 세도면사무소,충남 부여군,충청남도 부여군 세도면 세도중앙로 8,2016-05-09,체험처
112,112,"천안시시설관리공단(종합운동장,국민체육센터수영장)",충남 천안시,충청남도 천안시 서북구 번영로 208,2016-05-09,체험처
113,113,팔봉면사무소,충남 서산시,충청남도 서산시 팔봉면 팔봉1로 392,2016-05-09,센터 운영자
114,114,부여소방서,충남 부여군,충청남도 부여군 규암면 계백로 17,2016-05-10,체험처
115,115,청양소방서,충남 청양군,충청남도 청양군 청양읍 칠갑산로 148,2016-05-10,체험처
116,116,인지면사무소,충남 서산시,충청남도 서산시 인지면 무학로 1677,2016-05-10,체험처
117,117,서산시 지곡면 행정복지센터,충남 서산시,충청남도 서산시 지곡면 화천1로 76,2016-05-11,체험처
118,118,시초면사무소,충남 서천군,충청남도 서천군 시초면 시초북로 37,2016-05-16,체험처
119,119,서천군청 안전총괄과,충남 서천군,충청남도 서천군 서천읍 군청로 57,2016-05-17,체험처
120,120,서천군청 투자유치과,충남 서천군,충청남도 서천군 서천읍 군청로 57,2016-05-17,체험처
121,121,서천군청 민원실,충남 서천군,충청남도 서천군 서천읍 군청로 57,2016-05-17,체험처
122,122,서천군 장항읍사무소,충남 서천군,충청남도 서천군 장항읍 장항로 208,2016-05-18,체험처
123,123,한산면사무소,충남 서천군,충청남도 서천군 한산면 한마로61번길 10,2016-05-19,체험처
124,124,서천군농업기술센터,충남 서천군,충청남도 서천군 마서면 장서로 689,2016-05-20,체험처
125,125,서천군청 사회복지실,충남 서천군,충청남도 서천군 서천읍 군청로 43,2016-05-20,체험처
126,126,서천군청 재무과,충남 서천군,충청남도 서천군 서천읍 군청로 57,2016-05-20,체험처
127,127,성연면사무소,충남 서산시,충청남도 서산시 성연면 마루들길 15,2016-05-23,체험처
128,128,충청남도 서천소방서,충남 서천군,충청남도 서천군 장항읍 장항로 37,2016-05-23,체험처
129,129,서천기후변화교육센터,충남 서천군,충청남도 서천군 마서면 장산로 849,2016-05-23,체험처
130,130,서천군청 도시건축과,충남 서천군,충청남도 서천군 서천읍 군청로 57,2016-05-23,체험처
131,131,딸기연구소(충남농업기술원),충남 논산시,충청남도 논산시 부적면 계백로 1403-7,2016-05-24,체험처
132,132,부석면행정복지센터,충남 서산시,충청남도 서산시 부석면 취평2길 26-13,2016-05-24,체험처
133,133,아산시보건소,충남 아산시,충청남도 아산시 번영로224번길 20,2016-05-27,체험처
134,134,예산소방서,충남 예산군,충청남도 예산군 오가면 오가중앙로 111,2016-06-07,체험처
135,135,충남산림자원연구소 태안사무소,충남 태안군,충청남도 태안군 안면읍 조운막터길 37-2,2016-06-08,체험처
136,136,내포문화진흥원,충남 홍성군,충청남도 홍성군 홍성읍 대학길 25,2016-06-13,체험처
137,137,부여군농업기술센터,충남 부여군,충청남도 부여군 규암면 흥수로 488,2016-06-24,체험처
138,138,양화면사무소,충남 부여군,충청남도 부여군 양화면 입포로53번길 6,2016-06-24,체험처
139,139,부여읍사무소,충남 부여군,충청남도 부여군 부여읍 사비로 36,2016-06-24,체험처
140,140,임천면사무소,충남 부여군,충청남도 부여군 임천면 성흥로97번길 23,2016-06-24,체험처
141,141,천안홍대용과학관,충남 천안시,충청남도 천안시 동남구 수신면 장산서길 113,2016-06-24,체험처
142,142,부여군장애인종합복지관,충남 부여군,충청남도 부여군 규암면 흥수로 816,2016-06-24,체험처
143,143,정림사지박물관,충남 부여군,충청남도 부여군 부여읍 정림로 83,2016-06-24,체험처
144,144,부여군사적관리소,충남 부여군,충청남도 부여군 장암면 의자로 1059,2016-06-24,체험처
145,145,부여군 굿뜨래경영사업소,충남 부여군,충청남도 부여군 부여읍 가탑로 75,2016-06-27,체험처
146,146,은산면사무소,충남 부여군,충청남도 부여군 은산면 충의로 690,2016-06-27,체험처
147,147,(재)충청남도평생교육진흥원,충남 홍성군,충청남도 홍성군 홍북면 상하천로 58,2016-06-27,체험처
148,148,충청남도 축산기술연구소,충남 청양군,충청남도 청양군 정산면 큰백길 117-75,2016-06-28,체험처
149,149,부여군의회,충남 부여군,충청남도 부여군 부여읍 사비로 33,2016-06-28,체험처
150,150,홍성의료원,충남 홍성군,충청남도 홍성군 홍성읍 조양로 224,2016-06-28,체험처
151,151,천안시문화도서관사업소(쌍용도서관),충남 천안시,충청남도 천안시 서북구 월봉4로 153,2016-06-30,체험처
152,152,충청남도청소년진흥원 상담복지센터,충남 천안시,충청남도 천안시 서북구 서부대로 766,2016-07-01,체험처
153,153,천안시 동남구 풍세면사무소,충남 천안시,충청남도 천안시 동남구 풍세면 상정1길 3,2016-07-04,체험처
154,154,천안시 서북구 직산읍사무소,충남 천안시,충청남도 천안시 서북구 직산읍 삼은4길 2,2016-07-05,체험처
155,155,천안시 서북구 부성2동주민센터,충남 천안시,충청남도 천안시 서북구 부성7길 39-5,2016-07-05,체험처
156,156,충청남도 보건환경연구원,충남 홍성군,충청남도 홍성군 홍북면 홍예공원로 8,2016-07-05,체험처
157,157,천안시 서북구 성환읍사무소,충남 천안시,충청남도 천안시 서북구 성환읍 성환13길 7,2016-07-07,체험처
158,158,천안시 서북구 성정1동주민센터,충남 천안시,충청남도 천안시 서북구 성정8길 5,2016-07-08,체험처
159,159,천안시 동남구 중앙동주민센터,충남 천안시,충청남도 천안시 동남구 원성천1길 17,2016-07-08,체험처
160,160,천안시 동남구 원성1동주민센터,충남 천안시,충청남도 천안시 동남구 성황로 125,2016-07-10,체험처
161,161,충청남도 수산자원연구소,충남 보령시,충청남도 보령시 웅천읍 갓골큰길 162,2016-07-11,체험처
162,162,천안시 서북구 부성1동주민센터,충남 천안시,충청남도 천안시 서북구 부대중앙길 51,2016-07-12,체험처
163,163,천안시 동남구청,충남 천안시,충청남도 천안시 동남구 대흥로 258,2016-07-13,체험처
164,164,천안시 서북구 입장면사무소,충남 천안시,충청남도 천안시 서북구 입장면 입장로 129,2016-07-13,체험처
165,165,천안시 동남구 광덕면사무소,충남 천안시,충청남도 천안시 동남구 광덕면 신흥리3길 33,2016-07-15,체험처
166,166,천안시 동남구 봉명동주민센터,충남 천안시,충청남도 천안시 동남구 봉정로 39,2016-07-15,체험처
167,167,천안시 동남구 문성동주민센터,충남 천안시,충청남도 천안시 동남구 문화로 15,2016-07-15,체험처
168,168,천안시청(공보관실),충남 천안시,충청남도 천안시 서북구 번영로 156,2016-07-15,체험처
169,169,천안시 서북구 성정2동주민센터,충남 천안시,충청남도 천안시 서북구 서부8길 29,2016-07-15,체험처
170,170,천안시 동남구 목천읍사무소,충남 천안시,충청남도 천안시 동남구 목천읍 서리1길 41-7,2016-07-15,체험처
171,171,천안시청(축산식품과),충남 천안시,충청남도 천안시 서북구 번영로 156,2016-07-18,체험처
172,172,천안시농업기술센터,충남 천안시,충청남도 천안시 동남구 목천읍 목천안터1길 15,2016-07-18,체험처
173,173,천안시 동남구 원성2동주민센터,충남 천안시,충청남도 천안시 동남구 고재15길 15,2016-07-18,체험처
174,174,천안시 서북구 쌍용2동행정복지센터,충남 천안시,충청남도 천안시 서북구 쌍용14길 70,2016-07-19,체험처
175,175,천안시립교향악단,충남 천안시,충청남도 천안시 서북구 번영로 208,2016-07-21,체험처
176,176,천안시청(행정지원과),충남 천안시,충청남도 천안시 서북구 번영로 156,2016-07-21,체험처
177,177,천안시 동남구 신안동주민센터,충남 천안시,충청남도 천안시 동남구 먹거리11길 45,2016-07-22,체험처
178,178,천안시 서북구 불당동주민센터,충남 천안시,충청남도 천안시 서북구 번영로 100,2016-07-22,체험처
179,179,당진청소년문화의집,충남 당진시,충청남도 당진시 무수동7길 142-26,2016-07-23,센터 운영자
180,180,천안시문화도서관사업소 사적관리과,충남 천안시,충청남도 천안시 동남구 병천면 유관순길 38,2016-07-28,체험처
181,181,천안시 동남구 성남면사무소,충남 천안시,충청남도 천안시 동남구 성남면 신사대화로 149,2016-07-29,체험처
182,182,아산시시설관리공단,충남 아산시,충청남도 아산시 배미로 154,2016-08-03,체험처
183,183,충청남도종합건설사업소,충남 예산군,충청남도 예산군 예산읍 형제고개로 920,2016-08-03,체험처
184,184,천안시문화도서관사업소(중앙도서관),충남 천안시,충청남도 천안시 동남구 중앙로 118,2016-08-04,체험처
185,185,충남창조경제혁신센터,충남 아산시,충청남도 아산시 배방읍 희망로 100,2016-08-11,체험처
186,186,논산시농업기술센터,충남 논산시,충청남도 논산시 부적면 백일헌로 3,2016-08-24,체험처
187,187,보령시평생학습관,충남 보령시,충청남도 보령시 목장길 66,2016-08-30,체험처
188,188,서산문화복지센터,충남 서산시,충청남도 서산시 서령로 136,2016-08-30,체험처
189,189,보령시보건소,충남 보령시,충청남도 보령시 남포면 보령남로 234,2016-08-31,체험처
190,190,보령시국민체육센터,충남 보령시,충청남도 보령시 남포면 보령남로 347,2016-09-01,체험처
191,191,부여군청소년상담복지센터,충남 부여군,충청남도 부여군 부여읍 의열로 43,2016-09-02,센터 운영자
192,192,보령시체육회,충남 보령시,충청남도 보령시 성주산로 77,2016-09-22,체험처
193,193,보령시중앙도서관,충남 보령시,충청남도 보령시 천변북길 121,2016-09-29,체험처
194,194,보령시죽정도서관,충남 보령시,충청남도 보령시 체육관길 17,2016-09-29,체험처
195,195,부여군청소년문화의집,충남 부여군,충청남도 부여군 부여읍 의열로 43,2016-10-05,센터 운영자
196,196,보령문화예술회관,충남 보령시,충청남도 보령시 성주산로 101,2016-10-10,체험처
197,197,석남동행정복지센터,충남 서산시,충청남도 서산시 남부순환로 982,2016-10-10,체험처
198,198,부여군청 세계유산사업단,충남 부여군,충청남도 부여군 부여읍 부소로 15,2016-10-11,체험처
199,199,예산군청소년미래센터,충남 예산군,충청남도 예산군 고덕면 대천2길 5-4,2016-12-08,체험처
200,200,부여군청 문화관광과,충남 부여군,충청남도 부여군 부여읍 사비로 33,2016-12-12,체험처
201,201,계룡소방서,충남 계룡시,충청남도 계룡시 두마면 사계로 46,2016-12-16,체험처
202,202,천안시청 허가민원과,충남 천안시,충청남도 천안시 서북구 번영로 156,2016-12-21,체험처
203,203,천안시 서북구 성거읍,충남 천안시,충청남도 천안시 서북구 성거읍 봉주로 469,2016-12-29,체험처
204,204,예산군보건소,충남 예산군,충청남도 예산군 예산읍 아리랑로 147,2017-02-10,체험처
205,205,고북면행정복지센터,충남 서산시,충청남도 서산시 고북면 고북1로 294,2017-02-16,체험처
206,206,금산청소년미래센터,충남 금산군,충청남도 금산군 금산읍 인삼로 17,2017-02-22,체험처
207,207,홍성군농업기술센터,충남 홍성군,충청남도 홍성군 홍성읍 내포로 230,2017-02-24,체험처
208,208,풍세면 진로·직업 체험,충남 천안시,충청남도 천안시 동남구 풍세면 상정1길 3,2017-02-24,체험처
209,209,(재)충남연구원 (충청남도 서해안기후환경연구소),충남 홍성군,충청남도 홍성군 홍북읍 홍예로 360,2017-02-27,체험처
210,210,아산시시설관리공단(생생환경체험교실),충남 아산시,충청남도 아산시 배미로 154,2017-02-28,체험처
211,211,천안시 동남구 신방동행정복지센터,충남 천안시,충청남도 천안시 동남구 천안천변길 129-41,2017-03-02,체험처
212,212,천안시청 U-20월드컵지원단,충남 천안시,충청남도 천안시 서북구 번영로 208,2017-03-02,체험처
213,213,(재)백제고도문화재단,충남 부여군,충청남도 부여군 부여읍 가탑로 75,2017-04-24,체험처
214,214,아산시자원봉사센터,충남 아산시,충청남도 아산시 시민로329번길 101,2017-04-26,체험처
215,215,금산국제인삼약초연구소,충남 금산군,충청남도 금산군 금산읍 인삼광장로 25,2017-05-02,센터 운영자
216,216,수석동행정복지센터,충남 서산시,충청남도 서산시 무석1로 2,2017-11-13,체험처
217,217,유류피해극복기념관,충남 태안군,충청남도 태안군 소원면 천리포1길 120,2018-01-18,체험처
218,218,충청남도 충청소방학교,충남 천안시,충청남도 천안시 동남구 태조산길 269,2018-03-15,체험처
219,219,운산면행정복지센터,충남 서산시,충청남도 서산시 운산면 운암로 1016,2018-04-25,체험처
220,220,동문1동행정복지센터,충남 서산시,충청남도 서산시 학동3로 53,2018-05-02,체험처
221,221,대산읍사무소,충남 서산시,충청남도 서산시 대산읍 구진로 42-4,2018-05-16,체험처
222,222,금산문화의집,충남 금산군,충청남도 금산군 금산읍 방아동4길 17,2018-06-30,센터 운영자
223,223,천안의료원,충남 천안시,충청남도 천안시 동남구 충절로 537,2018-07-02,체험처
224,224,당진1동 행정복지센터,충남 당진시,충청남도 당진시 당진중앙1로 33,2018-08-10,체험처
225,225,충남신용보증재단,충남 아산시,충청남도 아산시 염치읍 은행나무길 223,2018-08-10,체험처
226,226,직산읍사무소,충남 천안시,충청남도 천안시 서북구 직산읍 삼은4길 2,2018-08-30,체험처
227,227,보령시수화통역센터,충남 보령시,충청남도 보령시 천변북길 121,2018-09-12,체험처
228,228,충남창조경제혁신센터,충남 천안시,충청남도 당진시 당진중앙1로 59,2019-03-15,체험처
229,229,충남문화재단,충남 홍성군,충청남도 홍성군 홍북읍 상하천로 58,2019-03-20,체험처
230,230,해미면행정복지센터,충남 서산시,충청남도 서산시 해미면 남문2로 109,2020-06-23,체험처
231,231,서산시의회,충남 서산시,충청남도 서산시 관아문길 1,2020-06-29,체험처
232,232,당진시농업기술센터,충남 당진시,충청남도 당진시 구봉로 46,2020-07-08,체험처
233,233,홍주성역사관,충남 홍성군,충청남도 홍성군 홍성읍 아문길 20,2020-08-14,체험처
234,234,(재)천안문화재단,충남 천안시,충청남도 천안시 서북구 성정8길 5,2021-10-13,체험처
