﻿,0,1,2,3,4,5,6,7,8
0,순위,등록번호,서명,저자,발행자,청구기호,대출횟수,대출시작,대출종료
1,1,AL0000001030,나는 습관을 조금 바꾸기로 했다,사사키 후미오 지음 ; 정지영 옮김,쌤앤파커스,KD 325.211-사52ㄴ,25,2020-10-01,2021-09-30
2,2,AL0000001817,(학년이 올라갈수록 영어가 더 즐거워지는)아이주도 초등 영어의 힘,신혜영 지음,유노라이프,KD 375.474-신94ㅇ,23,2020-10-01,2021-09-30
3,3,AL0000001395,집공부 : 진짜 공부 잘하는 아이들의 비밀,손지숙 지음,봄풀,KD 373.4-손78ㅈ,21,2020-10-01,2021-09-30
4,4,AL0000001681,(끝없는 집안일을 반으로 줄이는) 하루 10분 꼼수 살림법,김영은 지음,청림,KD 591-김64ㅎ,21,2020-10-01,2021-09-30
5,5,AL0000001921,공부하기가 죽기보다 싫을 때 읽는 책,"권혁진 지음 ; 미토스,강희연 그림",다연,KD 373.4-권94ㄱ,16,2020-10-01,2021-09-30
6,6,AL0000001218,공부머리 독서법 : 실현 가능하고 지속 가능한 독서 교육의 모든 것,최승필 지음,책구루,KD 029.8-최57ㄱ,14,2020-10-01,2021-09-30
7,7,AL0000001945,너무 재밌어서 잠 못 드는 뇌과학,테오 컴퍼놀 지음 ; 하연희 옮김,생각의길,KD 511.1813-컴894ㄴ,11,2020-10-01,2021-09-30
8,8,AL0000001673,학력은 가정에서 자란다! : 심정섭의 입시현장보고서,심정섭 지음,진서원,KD 378.9-심74ㅎ,10,2020-10-01,2021-09-30
9,9,AL0000001719,이 한마디가 나를 살렸다 : 100번 넘어져도 101번 일으켜 세워준 김미경의 말,김미경 지음,21세기북스,KD 325.211-김38ㅇ,10,2020-10-01,2021-09-30
10,10,AL0000000566,대학일기. 1 : 자까 만화,자까 지음,RHK(알에이치코리아),KD 657.3-자12ㄷ-1,9,2020-10-01,2021-09-30
11,11,AL0000001693,나는 인생에서 중요한 것만 남기기로 했다 : 단순한 삶이 불러온 극적인 변화,에리카 라인 지음이미숙 옮김,갤리온 웅진씽크빅,KD 325.211-라68ㄴ,9,2020-10-01,2021-09-30
12,12,AL0000002190,딱 1년만 계획적으로 살아보기 : 1년에 하나씩은 꼭 이뤄내는 소소하지만 가장 확실한 방법,임다혜 지음,잇콘,KD 325.211-임22ㄸ,9,2020-10-01,2021-09-30
13,13,AL0000000339,건강한 급식이 먹기 싫어?,양은진 글 ; 봄 그림,꿈꾸는사람들,KD 813.8-양67ㄱ,8,2020-10-01,2021-09-30
14,14,AL0000001468,"Go go 카카오 프렌즈. 10:, 이집트(Egypt) : 세계 역사 문화 체험 학습만화",김미영 글 ; 김정한 그림,아울북,KD 980.24-김38ㄱ-10,8,2020-10-01,2021-09-30
15,15,AL0000001675,말투를 바꿨더니 아이가 공부를 시작합니다,"정재영,이영재 [공]지음",알에이치코리아,KD 598.1-이64ㅁ,8,2020-10-01,2021-09-30
16,16,AL0000002180,달러구트 꿈 백화점 : 주문하신 꿈은 매진입니다 : 이미예 장편소설,이미예 지음,팩토리나인,KD 813.7-이38ㄷ,8,2020-10-01,2021-09-30
17,17,AL0000001022,"Go go 카카오 프렌즈. 3, 일본(Japan) : 세계 역사 문화 체험 학습만화",김미영 글 ; 김정한 그림,아울북,KD 980.24-김38ㄱ-3,7,2020-10-01,2021-09-30
18,18,AL0000001575,"(신비아파트) 한자 귀신 : 오싹 공포 한자 학습 만화. 8, 혼돈의 도시",김강현 글김기수 그림,서울문화사,KD 711.4-오52ㅅ-8,7,2020-10-01,2021-09-30
19,19,AL0000002104,5번 레인,은소홀 글 ; 노인경 그림,문학동네,KD 813.8-은55ㅇ,7,2020-10-01,2021-09-30
20,20,AL0000002141,구미호 식당 : 박현숙 장편소설,박현숙 지음,특별한서재,KD 813.6-박94ㄱ,7,2020-10-01,2021-09-30
21,21,AL0000002162,"나를 나답게 만드는 것들 : 유전자, 세균, 그리고 나를 나답게 만드는 특이한 힘들에 관하여",빌 설리번 지음 ; 김성훈 옮김,브론스테인,KD 472-설298ㄴ,7,2020-10-01,2021-09-30
22,22,AL0000002257,소원 떡집,김리리 글 ; 이승현 그림,비룡소,KD 813.8-김298ㅅ,7,2020-10-01,2021-09-30
23,23,AL0000000567,대학일기. 2 : 자까 만화,자까 지음,RHK(알에이치코리아),KD 657.3-자12ㄷ-2,6,2020-10-01,2021-09-30
24,24,AL0000001101,"보노보노, 오늘 하루는 어땠어? : 이가라시 미키오 만화",이가라시 미키오 지음 ; 고주영 옮김,놀,KD 838-이12ㅂ,6,2020-10-01,2021-09-30
25,25,AL0000001169,"(신비아파트)한자귀신. 2, 저주의 대가",김강현 지음 ; 김기수 그림,서울문화사,KD 711.4-오52ㅅ-2,6,2020-10-01,2021-09-30
26,26,AL0000001442,천년의 질문. 1 : 조정래 장편소설,조정래 지음,해냄,KD 813.7-조74ㅊ-1,6,2020-10-01,2021-09-30
27,27,AL0000001460,흔한남매. 2,흔한남매 원작 ; 백난도 글 ; 유난희 그림,미래엔,KD 813.8-흔92ㅎ-2,6,2020-10-01,2021-09-30
28,28,AL0000002007,식물의 책 : 식물세밀화가 이소영의 도시식물 이야기,이소영 지음,책읽는수요일,KD 480-이55ㅅ,6,2020-10-01,2021-09-30
29,29,AL0000001761,(매일 흔들리지만 그래도)나에게 시간을 주기로 했다,오리여인 지음,수오서재,KD 818-오298ㄴ,6,2020-10-01,2021-09-30
30,30,AL0000000237,"총, 균, 쇠 : 무기·병균·금속은 인류의 운명을 어떻게 바꿨는가",재레드 다이아몬드 지음 ; 김진준 옮김,문학사상사,KD 389-다68ㅊ,5,2020-10-01,2021-09-30
31,31,AL0000000349,묘지 공주,차율이 글 ; 박병욱 그림,고래가숨쉬는도서관,KD 813.8-차66ㅁ,5,2020-10-01,2021-09-30
32,32,AL0000000396,인간 실격,다자이 오사무 지음 ; 김춘미 옮김,민음사,KD 833.6-다72ㅇ,5,2020-10-01,2021-09-30
33,33,AL0000001014,"설민석의 한국사 대모험. 8, 위기극복 편-온달, 두 마리 토끼를 잡아라!","설민석, 스토리박스 글 ; 정현희 그림",아이휴먼,KD 911-설38ㅅ-8=2,5,2020-10-01,2021-09-30
34,34,AL0000001018,"Go go 카카오 프렌즈. 1, 프랑스(France) : 세계 역사 문화 체험 학습만화",김미영 글 ; 김정한 그림,아울북,KD 980.24-김38ㄱ-1,5,2020-10-01,2021-09-30
35,35,AL0000001168,"(신비아파트)한자귀신. 1, 1001개의 구슬",김강현 지음 ; 김기수 그림,서울문화사,KD 711.4-오52ㅅ-1,5,2020-10-01,2021-09-30
36,36,AL0000001399,(추리 천재)엉덩이 탐정과 카레 사건,트롤 글·그림 ; 김정화 옮김,미래엔,KD 833.8-트295ㅇ,5,2020-10-01,2021-09-30
37,37,AL0000001459,흔한남매. 1,흔한남매 원작 ; 백난도 글 ; 유난희 그림,미래엔,KD 813.8-흔92ㅎ-1,5,2020-10-01,2021-09-30
38,38,AL0000001466,"Go go 카카오 프렌즈. 8:, 인도((India) : 세계 역사 문화 체험 학습만화",김미영 글 ; 김정한 그림,아울북,KD 980.24-김38ㄱ-8,5,2020-10-01,2021-09-30
39,39,AL0000001467,"Go go 카카오 프렌즈. 9:, 스페인(Spain) : 세계 역사 문화 체험 학습만화",김미영 글 ; 김정한 그림,아울북,KD 980.24-김38g-9,5,2020-10-01,2021-09-30
40,40,AL0000001584,그만해!,끌로드 스탕케 지음바투 그림,반올림,KD 863-스882ㄱ,5,2020-10-01,2021-09-30
41,41,AL0000001714,먼 바다 : 공지영 장편소설,공지영 지음,해냄,KD 813.7-공78ㅁ,5,2020-10-01,2021-09-30
42,42,AL0000001907,405호실의 기적 : 쥘리앵 상드렐 장편소설,쥘리앵 상드렐 지음 ; 유민정 옮김,달의시간,KD 863-상27ㅅ,5,2020-10-01,2021-09-30
43,43,AL0000001910,ETF 투자 무작정 따라하기 : 한 번에 잃을 걱정 없이 작은 돈으로 시작하는 주식투자,윤재수 지음,길벗,KD 327.856-윤73ㅇ,5,2020-10-01,2021-09-30
44,44,AL0000001759,밤은 이야기하기 좋은 시간이니까요 : 이도우 산문집,이도우 지음,위즈덤하우스,KD 814.7-이25ㅂ,5,2020-10-01,2021-09-30
45,45,AL0000001774,나의 최소 취향 이야기 : 내 삶의 균형을 찾아가는 취향수집 에세이,신미경 지음,상상,KD 818-신38ㄴ,5,2020-10-01,2021-09-30
46,46,AL0000001792,말하지 않고 동물과 대화하는 법 : 동물과 마음을 나누고 싶은 당신을 위한 실질적인 가이드,피 호슬리 지음 ; 정지인 옮김,김영사,KD 527.386-호57ㅁ,5,2020-10-01,2021-09-30
47,47,AL0000001846,나는 불평을 그만두기로 했다 : 내 삶이 즐거워지는 21일 프로젝트,크리스틴 르위키 지음 ; 조민영 옮김,한빛비즈,KD 325.211-르66ㄴ,5,2020-10-01,2021-09-30
48,48,AL0000002085,"(독해력과 공부력을 키우는)머리읽기 독서법 : 인문학부터 한국사, 세계사, 교과 연계 독서까지",전수경 지음,BM성안당,KD 029.8-전56ㅁ,5,2020-10-01,2021-09-30
49,49,AL0000002114,"Go Go 카카오 프렌즈 : 세계 역사 문화 체험 학습만화. 12, 터키",김미영 글 ; 김정한 그림,아울북,KD 980.24-김38ㄱ-12,5,2020-10-01,2021-09-30
50,50,AL0000002255,(소란스러운 세상 속)혼자를 위한 책 : INFJ 데비 텅 카툰 에세이,데비 텅 지음 ; 최세희 옮김,윌북,KD 848-텅24ㅎ,5,2020-10-01,2021-09-30
