﻿,0,1,2,3
0,과정 아이디,부서 아이디,타입 코드,등록일시
1,(OSMD) 파이썬 프로그래밍 1,능력개발교육원,자체,2021-09-15
2,정보 보안 실무 1,전산정보팀,자체,2021-09-15
3,고객중심의 마케팅전략,직업능력심사평가원,자체,2021-09-15
4,고객중심의 마케팅전략,산학협력단,자체,2021-09-15
5,(청강)NCS 직업기초능력향상 PROJECT : 기술능력,교양학부,자체,2021-09-15
6,C# 프로그래밍 1,컴퓨터공학부,자체,2021-09-15
7,C프로그래밍 2,컴퓨터공학부,자체,2021-09-15
8,HRD특론,교양학부,자체,2021-09-15
9,AVR기반 모바일 로보틱스 기초,능력개발교육원,자체,2021-09-15
