﻿,0,1,2
0,학기 아이디,과목 코드,가중치
1,상시,이러닝,0
2,상시,기술공학,0
3,상시,서비스,0
4,상시,사회,0
5,13기,비즈니스,0
6,22기,VT,0
7,1기,기타,100
8,2기,이러닝,0
9,0기 (삼성협력사),기술공학,0
10,1기,서비스,0
11,1기 (한국기술교육대학교),사회,0
12,1기 (삼성협력사),비즈니스,0
13,1기 (지오메디칼),VT,0
14,1기 ((주)광진),기타,0
15,1기 (이화전기공업(주)),이러닝,0
16,1기 (진영지앤티),기술공학,0
17,1기 (ABB코리아),서비스,0
18,1기 (한국서부발전),사회,0
19,1기 (핵심 직무),비즈니스,0
20,1기 (성광제약㈜),VT,0
21,1기 (쏘테크),기타,0
22,1기 (㈜명정보기술),이러닝,0
23,1기 (에스넷시스템(주)),기술공학,0
24,1기 ((주)삼성디스플레이),서비스,0
25,1기 (한기대 IPP센터),사회,0
26,10기,비즈니스,0
27,10기 (삼성협력사),VT,0
28,10기 (핵심 직무),기타,0
29,100기,이러닝,0
30,100기 (삼성협력사),기술공학,0
31,100기 (지오메디칼),서비스,0
32,100기 ((주)광진),사회,0
33,100기 (ABB코리아),비즈니스,0
34,101기,VT,0
35,102기,기타,0
36,11기,이러닝,0
37,11기 (삼성협력사),기술공학,0
38,11기 (핵심 직무),서비스,0
39,12기,사회,0
40,12기 (삼성협력사),비즈니스,0
41,12기 (핵심 직무),VT,0
42,13기,기타,0
43,13기 (핵심 직무),이러닝,0
44,14기,기술공학,0
45,14기 (핵심 직무),서비스,0
46,15기,사회,0
47,15기 (핵심 직무),비즈니스,0
48,16기,VT,0
49,16기 (핵심 직무),기타,0
50,17기,이러닝,0
51,18기,기술공학,0
52,19기,서비스,0
53,19기 (쏘테크),사회,0
54,2기,비즈니스,0
55,2기 (삼성협력사),VT,0
56,2기 (지오메디칼),기타,0
57,2기 ((주)광진),이러닝,0
58,2기 (이화전기공업(주)),기술공학,0
59,2기 (ABB코리아),서비스,0
60,2기 (한국서부발전),사회,0
61,2기 (핵심 직무),비즈니스,0
62,2기 (쏘테크),VT,0
63,20기,기타,0
64,20기 (삼성협력사),이러닝,0
65,200기,기술공학,0
66,21기,서비스,0
67,25기,사회,0
68,25기 (한국기술교육대학교),비즈니스,0
69,3기,VT,0
70,3기 (삼성협력사),기타,0
71,3기 (지오메디칼),이러닝,0
72,3기 ((주)광진),기술공학,0
73,3기 (이화전기공업(주)),서비스,0
74,3기 (핵심 직무),사회,0
75,300기,비즈니스,0
76,301기 (한국기술교육대학교),VT,0
77,4기,기타,0
78,4기 (삼성협력사),이러닝,0
79,4기 ((주)광진),기술공학,0
80,4기 (핵심 직무),서비스,0
81,5기,사회,0
82,5기 (한국기술교육대학교),비즈니스,0
83,5기 (삼성협력사),VT,0
84,5기 (지오메디칼),기타,0
85,5기 ((주)광진),이러닝,0
86,5기 (핵심 직무),기술공학,0
87,6기,서비스,0
88,6기 (test_),사회,0
89,6기 (삼성협력사),비즈니스,0
90,6기 ((주)광진),VT,0
91,6기 (핵심 직무),기타,0
92,7기,이러닝,0
93,7기 (삼성협력사),기술공학,0
94,7기 ((주)광진),서비스,0
95,7기 (핵심 직무),사회,0
96,8기,비즈니스,0
97,8기 (삼성협력사),VT,0
98,8기 (핵심 직무),기타,0
99,9기,이러닝,0
100,9기 (삼성협력사),기술공학,0
101,9기 (핵심 직무),서비스,0
102,1기,사회,0
103,1기 (test_),비즈니스,0
104,1기 (한국기술교육대학교),VT,0
105,1기 (삼성협력사),기타,0
106,1기 ((주)광진),이러닝,0
107,1기 (핵심 직무),기술공학,0
108,1기 (쏘테크),서비스,0
109,1기 ((주)삼성디스플레이),사회,0
110,1기 (한기대 IPP센터),비즈니스,0
111,1기 (유라코퍼레이션),VT,0
112,1기 (동부대우전자),기타,0
113,10기,이러닝,0
114,10기 (핵심 직무),기술공학,0
115,11기,서비스,0
116,11기 (핵심 직무),사회,0
117,111기 (삼성협력사),비즈니스,0
118,12기,VT,0
119,12기 (핵심 직무),기타,0
120,122기,이러닝,0
121,122기 (삼성협력사),기술공학,0
122,100기,서비스,0
123,13기,사회,0
124,13기 (핵심 직무),비즈니스,0
125,14기 (핵심 직무),VT,0
126,15기 (핵심 직무),기타,0
127,16기 (삼성협력사),이러닝,0
128,16기 (핵심 직무),기술공학,0
129,17기 (핵심 직무),서비스,0
130,18기 (삼성협력사),사회,0
131,18기 (핵심 직무),비즈니스,0
132,19기 (핵심 직무),VT,0
133,2기,기타,0
134,2기 (삼성협력사),이러닝,0
135,2기 ((주)광진),기술공학,0
136,2기 (핵심 직무),서비스,0
137,2기 ((주)삼성디스플레이),사회,0
138,20기 ((주)광진),비즈니스,0
139,20기 (핵심 직무),VT,0
140,21기 (핵심 직무),기타,0
141,22기 (핵심 직무),이러닝,0
142,23기 (핵심 직무),기술공학,0
143,24기 (핵심 직무),서비스,0
144,25기 (핵심 직무),사회,0
145,26기 (핵심 직무),비즈니스,0
146,27기 (핵심 직무),VT,0
147,3기,기타,0
148,3기 (삼성협력사),이러닝,0
149,3기 ((주)광진),기술공학,0
150,3기 (핵심 직무),서비스,0
151,3기 ((주)삼성디스플레이),사회,0
152,333기 ((주)광진),비즈니스,0
153,4기,VT,0
154,4기 (삼성협력사),기타,0
155,4기 ((주)광진),이러닝,0
156,4기 (핵심 직무),기술공학,0
157,5기,서비스,0
158,5기 (삼성협력사),사회,0
159,5기 (핵심 직무),비즈니스,0
160,555기 (삼성협력사),VT,0
161,6기,기타,0
162,6기 (test_),이러닝,0
163,6기 (삼성협력사),기술공학,0
164,6기 (핵심 직무),서비스,0
165,7기,사회,0
166,7기 (삼성협력사),비즈니스,0
167,7기 ((주)광진),VT,0
168,7기 (핵심 직무),기타,0
169,8기,이러닝,0
170,8기 (삼성협력사),기술공학,0
171,8기 (핵심 직무),서비스,0
172,9기,사회,0
173,100기 (삼성협력사),비즈니스,0
174,9기 (핵심 직무),VT,0
175,99기 (삼성협력사),기타,0
176,999기 (삼성협력사),이러닝,0
177,101기,기술공학,0
178,2016-333,서비스,0
179,13기,사회,0
180,28기(핵심 직무),비즈니스,0
181,29기(핵심 직무),VT,0
182,14기,기타,0
183,15기,이러닝,0
184,2016-9기 (삼성협력사),기술공학,0
185,2016-2 (유라코퍼레이션),서비스,0
186,2016-10(청강),사회,0
187,Oct-16,비즈니스,0
188,16기,VT,0
189,2016-10기 (삼성협력사),기타,0
190,17기,이러닝,0
191,2016-5기(과락),기술공학,0
192,2016-5기,서비스,0
193,2016-4기,사회,0
194,Aug-16,비즈니스,0
195,Dec-16,VT,0
196,2016-5기 ((주)광진),기타,0
197,Jan-16,이러닝,0
198,2016-11기 (삼성협력사),기술공학,0
199,2016-111,서비스,0
200,2016-135 최서희테스트,사회,0
201,1기,비즈니스,0
202,2016-12기(삼성협력사),VT,0
203,2기,기타,0
204,2017-1기 ((주)광진),이러닝,0
205,2017-1기 (유라코퍼레이션),기술공학,0
206,2017-1기 ((주)삼성디스플레이),서비스,0
207,3기,사회,0
208,4기,비즈니스,0
209,2017-1기(삼성협력사),VT,0
210,Jan-17,기타,0
211,Jan-17,이러닝,0
212,2017-2(핵심테스트),기술공학,0
213,2017-100(핵심직무),서비스,0
214,2017-51기,사회,0
215,2017-1기(핵심직무),비즈니스,0
216,2017-909,VT,0
217,2017-2기 ((주)광진),기타,0
218,2017-2기(핵심직무),이러닝,0
219,2017-2기(삼성협력사),기술공학,0
220,2017-03 신규평생과정 진도테스트,서비스,0
221,2017-3기(핵심직무),사회,0
222,2017-4기(핵심직무),비즈니스,0
223,5기,VT,0
224,2017-1기(폴리텍),기타,0
225,2017-5기(핵심직무),이러닝,0
226,2017-1(스마트훈련),기술공학,0
227,6기,서비스,0
228,2017-3기 ((주)광진),사회,0
229,2017-3기(삼성협력사),비즈니스,0
230,2017-6기(핵심직무),VT,0
231,7기,기타,0
232,2017-7기(핵심직무),이러닝,0
233,2017-8기(핵심직무),기술공학,0
234,2017-4기 ((주)광진),서비스,0
235,8기,사회,0
236,2017-4기(삼성협력사),비즈니스,0
237,2017-2기 ((주)삼성디스플레이),VT,0
238,2017-5기 ((주)광진),기타,0
239,9기,이러닝,0
240,2017-1기,기술공학,0
241,2017-9기(핵심직무),서비스,0
242,2017-2기 (유라코퍼레이션),사회,0
243,2017-1기(이너비즈),비즈니스,0
244,2017-5기(삼성협력사),VT,0
245,2017-10기(핵심직무),기타,0
246,2017-11(최서희 테스트),이러닝,0
247,2017-6기 ((주)광진),기술공학,0
248,2017-11기(핵심직무),서비스,0
249,2017-2기,사회,0
250,10기,비즈니스,0
251,2017-12121 테스트,VT,0
252,2017-6기(삼성협력사),기타,0
253,2017-105,이러닝,0
254,2017-2기(이너비즈),기술공학,0
255,2017-4(OT),서비스,0
256,2017-106(기수복사테스트),사회,0
257,2017-1004(기수복사테스트),비즈니스,0
258,2017-1234,VT,0
259,2017-12기(핵심직무),기타,0
260,2017-100,이러닝,0
261,2017-13기(핵심직무),기술공학,0
262,11기,서비스,0
263,2017-7기 ((주)광진),사회,0
264,2017-7기(삼성협력사),비즈니스,0
265,2017-8(고윤희테스트),VT,0
266,2017-3기 ((주)삼성디스플레이),기타,0
267,2017-14기 (핵심직무),이러닝,0
268,2017-3기(이너비즈),기술공학,0
269,2017-3기,서비스,0
270,2017-09(청강),사회,0
271,2017-1기(스테코),비즈니스,0
272,2017-15기(핵심직무),VT,0
273,12기,기타,0
274,2017-8기 ((주)광진),이러닝,0
275,2017-8기(삼성협력사),기술공학,0
276,13기,서비스,0
277,2017-16기(핵심직무),사회,0
278,2017-4기(이너비즈),비즈니스,0
279,2017-17기(핵심직무),VT,0
280,2017-107기,기타,0
281,2017-100기,이러닝,0
282,Jan-17,기술공학,0
283,14기,서비스,0
284,2017-18기(핵심직무),사회,0
285,2017-9기(삼성협력사),비즈니스,0
286,2017-2기(스테코),VT,0
287,2017-5기(이너비즈),기타,0
288,15기,이러닝,0
289,16기,기술공학,0
290,2017-10기(삼성협력사),서비스,0
291,2017-4기 ((주)삼성디스플레이),사회,0
292,2017-6기(이너비즈),비즈니스,0
293,2017-1기(한국원자력안전기술원),VT,0
294,17기,기타,0
295,Feb-17,이러닝,0
296,2017-9기 ((주)광진),기술공학,0
297,2017-11기(삼성협력사),서비스,0
298,1기,사회,0
299,2017-12기(삼성협력사),비즈니스,0
300,2017-1기(HS하이테크),VT,0
301,2018-1차 ((주) 광진),기타,0
302,2기,이러닝,0
303,2018-1차(광주광역시도시철도공사),기술공학,0
304,2018-1차(삼성협력사),서비스,0
305,2018-1(한국기술교육대학교),사회,0
306,2018-1차(삼성디스플레이),비즈니스,0
307,2018-1기(테스트),VT,0
308,2018-1차(HS하이테크),기타,0
309,DEFAULT,이러닝,0
310,2018-2(강서캠퍼스),기술공학,0
311,2018-1(강릉캠퍼스),서비스,0
312,2018-3(광주캠퍼스),사회,0
313,2018-4(구미캠퍼스),비즈니스,0
314,2018-5(김제캠퍼스),VT,0
315,2018-6(남인천캠퍼스),기타,0
316,2018-7(대구캠퍼스),이러닝,0
317,2018-8(대전캠퍼스),기술공학,0
318,2018-9(동부산캠퍼스),서비스,0
319,2018-10(서울정수캠퍼스),사회,0
320,2018-11(섬유패션캠퍼스),비즈니스,0
321,2018-12(성남캠퍼스),VT,0
322,2018-13(순천캠퍼스),기타,0
323,2018-14(영주캠퍼스),이러닝,0
324,2018-15(울산캠퍼스),기술공학,0
325,2018-16(원주캠퍼스),서비스,0
326,2018-17(융기원),사회,0
327,2018-18(익산캠퍼스),비즈니스,0
328,2018-19(인천캠퍼스),VT,0
329,2018-20(제주캠퍼스),기타,0
330,2018-21(진주캠퍼스),이러닝,0
331,2018-22(창원캠퍼스),기술공학,0
332,2018-23(춘천캠퍼스),서비스,0
333,2018-24(포항캠퍼스),사회,0
334,2018-25(홍성캠퍼스),비즈니스,0
335,2018-26(화성캠퍼스),VT,0
336,3기,기타,0
337,2018-1차(한국철도공사),이러닝,0
338,2018-27(목포캠퍼스),기술공학,0
339,2018-1차(TPC메카트로닉스),서비스,0
340,2018-2차 ((주) 광진),사회,0
341,4기,비즈니스,0
342,2018-2차(HS하이테크),VT,0
343,2018-2차(삼성협력사),기타,0
344,2018-2 테스트용 기수,이러닝,0
345,2018-3 법정교육 테스트,기술공학,0
346,Jan-18,서비스,0
347,2018-0(test),사회,0
348,전공역량 이러닝,비즈니스,0
349,2018-2차(TPC메카트로닉스),VT,0
350,2018-5기,기타,0
351,2018-3차(HS하이테크),이러닝,0
352,2018-3차 ((주) 광진),기술공학,0
353,2018-3차(삼성협력사),서비스,0
354,2018-1차(아이언밸리),사회,0
355,2018-1차(유라코퍼레이션),비즈니스,0
356,2018-1차(이너비즈),VT,0
357,2018-2차(광주광역시도시철도공사),기타,0
358,패키지 2기,이러닝,0
359,6기,기술공학,0
360,2018-4차 ((주) 광진),서비스,0
361,7기,사회,0
362,2018-2차(삼성디스플레이),비즈니스,0
363,2018-4차(HS하이테크),VT,0
364,패키지 1기,기타,0
365,2018-4차(삼성협력사),이러닝,0
366,메이커 과정,기술공학,0
367,Apr-18,서비스,0
368,8기,사회,0
369,2018-3차(TPC메카트로닉스),비즈니스,0
370,2018-5차(HS하이테크),VT,0
371,2018-5차(삼성협력사),기타,0
372,2018-5차 ((주) 광진),이러닝,0
373,9기,기술공학,0
374,2018-3차(광주광역시도시철도공사),서비스,0
375,2018-2차(유라코퍼레이션),사회,0
376,2018-6차 ((주) 광진),비즈니스,0
377,전공역량 이러닝,VT,0
378,메이머스트 채용연계형 1차,기타,0
379,2018-6차(삼성협력사),이러닝,0
380,2018-6차(HS하이테크),기술공학,0
381,10기,서비스,0
382,test,사회,0
383,메이머스트 재직자교육 1차,비즈니스,0
384,2018-999,VT,0
385,Feb-18,기타,0
386,2018-4차(TPC메카트로닉스),이러닝,0
387,2018-0816,기술공학,0
388,11기,서비스,0
389,2018-7차(HS하이테크),사회,0
390,2018-3차(삼성디스플레이),비즈니스,0
391,2018-51(화성캠퍼스),VT,0
392,2018-47(제주캠퍼스),기타,0
393,2018-46(인천캠퍼스),이러닝,0
394,2018-45(익산캠퍼스),기술공학,0
395,2018-44(융기원),서비스,0
396,2018-7차 ((주) 광진),사회,0
397,2018-28(강릉캠퍼스),비즈니스,0
398,2018-29(강서캠퍼스),VT,0
399,2018-30(광주캠퍼스),기타,0
400,2018-31(구미캠퍼스),이러닝,0
401,2018-32(김제캠퍼스),기술공학,0
402,2018-33(남인천캠퍼스),서비스,0
403,2018-34(달성캠퍼스),사회,0
404,2018-35(대전캠퍼스),비즈니스,0
405,2018-36(동부산캠퍼스),VT,0
406,2018-37(부산캠퍼스),기타,0
407,2018-38(서울정수캠퍼스),이러닝,0
408,2018-39(섬유패션캠퍼스),기술공학,0
409,2018-40(성남캠퍼스),서비스,0
410,2018-41(순천캠퍼스),사회,0
411,2018-42(영주캠퍼스),비즈니스,0
412,2018-43(원주캠퍼스),VT,0
413,2018-48(창원캠퍼스),기타,0
414,2018-49(춘천캠퍼스),이러닝,0
415,2018-50(홍성캠퍼스),기술공학,0
416,2018-4차(광주광역시도시철도공사),서비스,0
417,2018-7차(삼성협력사),사회,0
418,2018-52(신기술교육원),비즈니스,0
419,2018-8차 ((주) 광진),VT,0
420,12기,기타,0
421,2018-1 실습 중심! 파이썬을 이용한 자동화 스크립트,이러닝,0
422,[메이커 선택] 파이썬을 이용한 자동화 스크립트,기술공학,0
423,2018-1차(월튼블록체인연구교육원),서비스,0
424,2018-2차(아이언밸리),사회,0
425,2018-5차(TPC메카트로닉스),비즈니스,0
426,2018-99기 (테스트),VT,0
427,13기,기타,0
428,2018-8차(삼성협력사),이러닝,0
429,전공역량 이러닝,기술공학,0
430,2018-6 IT기반 파이썬 메이커 과정,서비스,0
431,2018-2차(월튼블록체인연구교육원),사회,0
432,14기,비즈니스,0
433,교직원 1회차,VT,0
434,2018-15,기타,0
435,15기,이러닝,0
436,채용연계형 2차,기술공학,0
437,2018-8차,서비스,0
438,2018-9차 삼성협력사,사회,0
439,16기,비즈니스,0
440,2018-98(테스트),VT,0
441,2018-5기,기타,0
442,교직원 2회차,이러닝,0
443,17기,기술공학,0
444,2018-2차(한국철도공사),서비스,0
445,18기,사회,0
446,2018-4차(삼성디스플레이),비즈니스,0
447,2018-10차 삼성협력사,VT,0
448,2018-10차 삼성협력사,기타,0
449,2018-501,이러닝,0
450,Jan-18,기술공학,0
451,전공역량 이러닝,서비스,0
452,교직원 3회차,사회,0
453,Oct-18,비즈니스,0
454,2018-111,VT,0
455,2018-9차((주)광진),기타,0
456,19기,이러닝,0
457,20기,기술공학,0
458,2018-11차 삼성협력사,서비스,0
459,교직원 4회차,사회,0
460,2018-10차((주)광진),비즈니스,0
461,1기,VT,0
462,2018-12차 삼성협력사,기타,0
463,2019-1(교무팀/강사),이러닝,0
464,2019-1차((주)광진),기술공학,0
465,2019-1차(삼성협력사),서비스,0
466,2기,사회,0
467,2019-1차(삼성디스플레이),비즈니스,0
468,3기,VT,0
469,2019-1(강릉),기타,0
470,2019-2(강서),이러닝,0
471,4기,기술공학,0
472,2019-3(광주),서비스,0
473,2019-4(구미),사회,0
474,2019-5(남인천),비즈니스,0
475,2019-6(달성),VT,0
476,2019-7(대구),기타,0
477,2019-8(대전),이러닝,0
478,2019-9(동부산),기술공학,0
479,2019-10(섬유패션),서비스,0
480,2019-11(성남),사회,0
481,2019-12(순천),비즈니스,0
482,2019-13(아산),VT,0
483,2019-14(영주),기타,0
484,2019-15(울산),이러닝,0
485,2019-16(원주),기술공학,0
486,2019-17(융합기술),서비스,0
487,2019-18(익산),사회,0
488,2019-19(인천),비즈니스,0
489,2019-20(정수),VT,0
490,2019-21(제주),기타,0
491,2019-22(창원),이러닝,0
492,2019-23(춘천),기술공학,0
493,2019-24(포항),서비스,0
494,2019-25(홍성),사회,0
495,2019-26(화성),비즈니스,0
496,2019-2차((주)광진),VT,0
497,2019-1차(TPC메카트로닉스),기타,0
498,2019-1차(현대모비스),이러닝,0
499,2019-2차(삼성협력사),기술공학,0
500,Jan-19,서비스,0
501,2019-1차(광주광역시도시철도공사),사회,0
502,2019-1차(한국건설관리공사),비즈니스,0
503,2019-1차(종근당),VT,0
504,5기,기타,0
505,(test) 2019-100,이러닝,0
506,2019-1차(한국철도공사),기술공학,0
507,콘텐츠 검토,서비스,0
508,6기,사회,0
509,2019-3차((주)광진),비즈니스,0
510,2019-1차(유라코퍼레이션),VT,0
511,2019-1차(아이언밸리),기타,0
512,2019-3차(삼성협력사),이러닝,0
513,2019-1(직업훈련기관),기술공학,0
514,2019-2차(TPC메카트로닉스),서비스,0
515,2019-1(Test),사회,0
516,7기,비즈니스,0
517,Feb-19,VT,0
518,2019-2차(종근당),기타,0
519,2019-2차(광주광역시도시철도공사),이러닝,0
520,8기,기술공학,0
521,2019-4차(삼성협력사),서비스,0
522,2019-4차((주)광진),사회,0
523,2019-2차(삼성디스플레이),비즈니스,0
524,2019-1차(월튼블록체인),VT,0
525,9기,기타,0
526,2019-5차((주)광진),이러닝,0
527,2019-2차(유라코퍼레이션),기술공학,0
528,10기,서비스,0
529,2019-5차(삼성협력사),사회,0
530,2019-3차(종근당),비즈니스,0
531,(한국조폐공사) 빅데이터 분석 및 활용 기초 1기,VT,0
532,[한국조폐공사] 빅데이터 수집 및 분석 STEP1,기타,0
533,2019-1(과정심사),이러닝,0
534,Feb-19,기술공학,0
535,2019-6차((주)광진),서비스,0
536,2019-4차(종근당),사회,0
537,2019-6차(삼성협력사),비즈니스,0
538,11기,VT,0
539,12기,기타,0
540,13기,이러닝,0
541,2019-7차((주)광진),기술공학,0
542,2019-7차(삼성협력사),서비스,0
543,2019-5차(종근당),사회,0
544,2019-3차(삼성디스플레이),비즈니스,0
545,2019-3차(TPC메카트로닉스),VT,0
546,2019-27(강릉),기타,0
547,2019-28(광주),이러닝,0
548,2019-29(구미),기술공학,0
549,2019-30(김제),서비스,0
550,2019-31(남인천),사회,0
551,14기,비즈니스,0
552,2019-32(달성),VT,0
553,2019-33(대전),기타,0
554,2019-34(동부산),이러닝,0
555,2019-35(부산),기술공학,0
556,2019-36(서울강서),서비스,0
557,2019-37(서울정수),사회,0
558,2019-38(섬유패션),비즈니스,0
559,2019-39(성남),VT,0
560,2019-40(순천),기타,0
561,2019-41(영주),이러닝,0
562,2019-42(울산),기술공학,0
563,2019-43(원주),서비스,0
564,2019-44(융합기술),사회,0
565,2019-45(익산),비즈니스,0
566,2019-46(인천),VT,0
567,2019-47(제주),기타,0
568,2019-48(진주),이러닝,0
569,2019-49(창원),기술공학,0
570,2019-50(춘천),서비스,0
571,2019-51(충주),사회,0
572,2019-52(포항),비즈니스,0
573,2019-53(화성),VT,0
574,2019-000,기타,0
575,2019-95,이러닝,0
576,2019-3 오픈전 테스트,기술공학,0
577,Jan-19,서비스,0
578,2019-8차((주)광진),사회,0
579,2019-3차(광주광역시도시철도공사),비즈니스,0
580,2019-8차(삼성협력사),VT,0
581,2019-6차(종근당),기타,0
582,2019-4차(TPC메카트로닉스),이러닝,0
583,15기,기술공학,0
584,16기,서비스,0
585,2019-7차(종근당),사회,0
586,2019-9차(삼성협력사),비즈니스,0
587,2019-100(갱신 수요조사),VT,0
588,17기,기타,0
589,빅데이터 수집 및 분석,이러닝,0
590,2019-8194,기술공학,0
591,2019-8차(종근당),서비스,0
592,18기,사회,0
593,2019-10차(삼성협력사),비즈니스,0
594,2019-4차(삼성디스플레이),VT,0
595,19기,기타,0
596,Sep-19,이러닝,0
597,Oct-19,기술공학,0
598,20기,서비스,0
599,2019-11차(삼성협력사),사회,0
600,Jan-20,비즈니스,0
601,21기,VT,0
602,AI Lab 2월 이러닝 과정,기타,0
603,2019-12차(삼성협력사),이러닝,0
604,1기,기술공학,0
605,김주현 테스트,서비스,0
606,2019-1기,사회,0
607,100(테스트),비즈니스,0
608,2020-1차(삼성디스플레이 AI Lab),VT,0
609,2020-1차(삼성디스플레이),기타,0
610,2020-1차(삼성협력사),이러닝,0
611,2기,기술공학,0
612,2020-1차(배화여자대학교),서비스,0
613,훈련기관인증평가센터(집체훈련),사회,0
614,2020-1차(SK네트웍스서비스),비즈니스,0
615,3기,VT,0
616,Feb-20,기타,0
617,훈련성과평가센터,이러닝,0
618,훈련기관인증평가센터(집체훈련),기술공학,0
619,2020-91K,서비스,0
620,2020-1차(아주자동차대학),사회,0
621,2020-1차((주)광진),비즈니스,0
622,2020-2차(삼성협력사),VT,0
623,2020-2차(삼성디스플레이 AI Lab),기타,0
624,100기(코로나 대비),이러닝,0
625,훈련기관인증평가센터(원격훈련),기술공학,0
626,4기,서비스,0
627,2020-2019,사회,0
628,2020-2018,비즈니스,0
629,2020-2017,VT,0
630,2020-2016,기타,0
631,2020-2015,이러닝,0
632,2020-2014,기술공학,0
633,1기(인권센터),서비스,0
634,Jan-20,사회,0
635,Jan-20,비즈니스,0
636,Jan-20,VT,0
637,Jan-20,기타,0
638,Jan-20,이러닝,0
639,Jan-20,기술공학,0
640,Jan-20,서비스,0
641,Jan-20,사회,0
642,Jan-20,비즈니스,0
643,2020-1차(한국철도공사),VT,0
644,5기,기타,0
645,Jan-20,이러닝,0
646,Jan-20,기술공학,0
647,Jan-20,서비스,0
648,2020-3차(삼성협력사),사회,0
649,Jan-20,비즈니스,0
650,2020-2014,VT,0
651,2020-2017,기타,0
652,2020-2018,이러닝,0
653,Jan-20,기술공학,0
654,2020-2019,서비스,0
655,Jan-20,사회,0
656,2020-1차(우송정보대학),비즈니스,0
657,Jan-20,VT,0
658,Jan-20,기타,0
659,Jan-20,이러닝,0
660,2020-1차(유라코퍼레이션),기술공학,0
661,2020-2차((주)광진),서비스,0
662,2020-4차(삼성협력사),사회,0
663,2020-3차(삼성디스플레이 AI Lab),비즈니스,0
664,2020-1(평가40%),VT,0
665,2020-1차(중부기술교육원),기타,0
666,6기,이러닝,0
667,Jan-20,기술공학,0
668,2020-2019,서비스,0
669,2020-2018,사회,0
670,2020-2017,비즈니스,0
671,2020-2014,VT,0
672,2020-5차(삼성협력사),기타,0
673,2020-2015,이러닝,0
674,7기,기술공학,0
675,2020 코리아텍 온라인 인권/성평등 교육,서비스,0
676,2020-2차(중부기술교육원),사회,0
677,2020-2016,비즈니스,0
678,2020-2016,VT,0
679,2020-2016,기타,0
680,2020-2016,이러닝,0
681,2020-2015,기술공학,0
682,2020-1차(동부기술교육원),서비스,0
683,2020-3차((주)광진),사회,0
684,2020-1차(SK오앤에스),비즈니스,0
685,2020-1차(LS엠트론),VT,0
686,2020-2차(삼성디스플레이),기타,0
687,2020-6차(삼성협력사),이러닝,0
688,2020-4차(삼성디스플레이 AI Lab),기술공학,0
689,2020-1차(아이언밸리),서비스,0
690,8기,사회,0
691,2020-1차(북부기술교육원),비즈니스,0
692,Feb-20,VT,0
693,2020-7차(삼성협력사),기타,0
694,2020-2차(SK오앤에스),이러닝,0
695,9기,기술공학,0
696,Jan-20,서비스,0
697,훈련기관인증평가센터(집체훈련),사회,0
698,2020-1-2020년도 하반기 통합심사,비즈니스,0
699,Jan-20,VT,0
700,2020-3차(SK오앤에스),기타,0
701,한국전력공사,이러닝,0
702,10기,기술공학,0
703,2020-1차(한국전력공사),서비스,0
704,2020-8차(삼성협력사),사회,0
705,2020-5차(삼성디스플레이 AI Lab),비즈니스,0
706,2020-2차(유라코퍼레이션),VT,0
707,2020-78,기타,0
708,2020-4차((주)광진),이러닝,0
709,2020-2차(LS엠트론),기술공학,0
710,Jan-20,서비스,0
711,2020-2차(우송정보대학),사회,0
712,2020-1 (주)명신_단품차체품질교육(중급)_테스트,비즈니스,0
713,Jan-20,VT,0
714,2020-9차(삼성협력사),기타,0
715,2020-4차(SK오앤에스),이러닝,0
716,11기,기술공학,0
717,2020-1_simsa,서비스,0
718,[여성가족부] 2020년 한국기술교육대학교 가족친화 직장교육,사회,0
719,Jan-20,비즈니스,0
720,12기,VT,0
721,2020-2차(북부기술교육원),기타,0
722,2020-10차(삼성협력사),이러닝,0
723,2020-1차(옵트론텍),기술공학,0
724,2020-1차(한일네트웍스 주식회사),서비스,0
725,2020-6차(삼성디스플레이 AI Lab),사회,0
726,2020-5차((주)광진),비즈니스,0
727,2020-3차(LS엠트론),VT,0
728,2020-2-K-Digital 콘텐츠 훈련 심사,기타,0
729,Mar-20,이러닝,0
730,Feb-20,기술공학,0
731,13기,서비스,0
732,2020-11차(삼성협력사),사회,0
733,Jan-20,비즈니스,0
734,Feb-20,VT,0
735,Jan-20,기타,0
736,2020-12차(삼성협력사),이러닝,0
737,2020-13차(삼성협력사),기술공학,0
738,2020-5차(SK오앤에스),서비스,0
739,2020-0 [심사용],사회,0
740,Mar-20,비즈니스,0
741,14기,VT,0
742,Feb-20,기타,0
743,2020-3차(유라코퍼레이션),이러닝,0
744,Feb-20,기술공학,0
745,2020-14차(삼성협력사),서비스,0
746,2020-6차((주)광진),사회,0
747,2020-3차(삼성디스플레이),비즈니스,0
748,2020-4차(LS엠트론),VT,0
749,Sep-20,기타,0
750,2020-7차(삼성디스플레이 AI Lab),이러닝,0
751,Jan-20,기술공학,0
752,Apr-20,서비스,0
753,2020-코로나19대체원격,사회,0
754,2020-1차(서연이화),비즈니스,0
755,2020-15차(삼성협력사),VT,0
756,15기,기타,0
757,2020(2019변환 검수),이러닝,0
758,2020-2차(한국전력공사),기술공학,0
759,Feb-20,서비스,0
760,Mar-20,사회,0
761,Jan-20,비즈니스,0
762,2020-1차(남부기술교육원),VT,0
763,2020-1차(충청대학교),기타,0
764,2020-0차(글로벌상생협력센텨),이러닝,0
765,16기,기술공학,0
766,2020-16차(삼성협력사),서비스,0
767,2020-7차((주)광진),사회,0
768,2020-1기(한국알프스),비즈니스,0
769,2020-8기(삼성디스플레이 AI Lab),VT,0
770,Feb-20,기타,0
771,Feb-20,이러닝,0
772,2020-5차(LS엠트론),기술공학,0
773,Oct-20,서비스,0
774,2020-17차(삼성협력사),사회,0
775,May-20,비즈니스,0
776,2020-3차(중부기술교육원),VT,0
777,17기,기타,0
778,2020-1차(유공압건설기계학회),이러닝,0
779,2020-3차(북부기술교육원),기술공학,0
780,2020-1-공모전,서비스,0
781,2020-1차(공항철도),사회,0
782,2020-2차(서연이화),비즈니스,0
783,2020-2차(동부기술교육원),VT,0
784,2020-8차((주)광진),기타,0
785,2020-1차(TPC메카트로닉스),이러닝,0
786,2020-18차(삼성협력사),기술공학,0
787,2020-6차(LS엠트론),서비스,0
788,2020-1차(글로벌상생협력센텨),사회,0
789,18기,비즈니스,0
790,Mar-20,VT,0
791,2020-4차(유라코퍼레이션),기타,0
792,[시설관리팀]2020년도 소방훈련 온라인 교육,이러닝,0
793,2020-2차(유공압건설기계학회),기술공학,0
794,2020-19차(삼성협력사),서비스,0
795,19기,사회,0
796,2020-2차(한국철도공사),비즈니스,0
797,2020-4차(삼성디스플레이),VT,0
798,2020-1차(공무원연금공단),기타,0
799,2020-20차(삼성협력사),이러닝,0
800,2020-2차(글로벌상생협력센텨),기술공학,0
801,20기,서비스,0
802,2020-3차(한국전력공사),사회,0
803,2020-7차(LS엠트론),비즈니스,0
804,2020-2차(공무원연금공단),VT,0
805,2020-1차(한국승강기안전공단),기타,0
806,21기,이러닝,0
807,2020-21차(삼성협력사),기술공학,0
808,2020-3차(글로벌상생협력센터),서비스,0
809,2020-22차(삼성협력사),사회,0
810,22기,비즈니스,0
811,2020-8차(LS엠트론),VT,0
812,2020-6차(SK오앤에스),기타,0
813,2020-2차(평가 40%),이러닝,0
814,2020-23차(삼성협력사),기술공학,0
815,2020-4차(중부기술교육원),서비스,0
816,23기,사회,0
817,2020-1(장년고용지원담당자 직무교육),비즈니스,0
818,2020-2차(한국알프스),VT,0
819,훈련성과평가센터,기타,0
820,2020-7차(SK오앤에스),이러닝,0
821,2020-5차(유라코퍼레이션),기술공학,0
822,2020-4차(글로벌상생협력센터),서비스,0
823,2020-24차(삼성협력사),사회,0
824,1기,비즈니스,0
825,2020-9차(LS엠트론),VT,0
826,2020-5차(삼성디스플레이),기타,0
827,2021-1차(SK오앤에스),이러닝,0
828,Jan-21,기술공학,0
829,Feb-21,서비스,0
830,2021-1차(삼성협력사),사회,0
831,2021-1차(글로벌상생협력센터),비즈니스,0
832,2021-1차(공항철도),VT,0
833,2021-1차(LS엠트론),기타,0
834,2기,이러닝,0
835,2021-1차(유공압건설기계학회),기술공학,0
836,2021-1차(배화여자대학교),서비스,0
837,2021-1차(독립기념관),사회,0
838,3기,비즈니스,0
839,훈련기관인증평가센터,VT,0
840,2021-2차(SK오앤에스),기타,0
841,훈련성과평가센터,이러닝,0
842,4기,기술공학,0
843,2021-1차(유라코퍼레이션),서비스,0
844,한국기술교육대학교 경영지원팀 1차,사회,0
845,2021-2차(글로벌상생협력센터),비즈니스,0
846,2021-2차(삼성협력사),VT,0
847,2021-2차(LS엠트론),기타,0
848,2021-1차(TPC메카트로닉스),이러닝,0
849,2021-1차(평가50+시험1회),기술공학,0
850,2021-0차(글로벌상행협력센터),서비스,0
851,훈련성과평가센터,사회,0
852,2021-0차(SK오앤에스),비즈니스,0
853,2021-3차(삼성협력사),VT,0
854,5기,기타,0
855,2021-1차(한국전력공사),이러닝,0
856,2021-3차(SK오앤에스),기술공학,0
857,2021-1차(한국산림복지진흥원),서비스,0
858,2021-2차(평가40+시험 1회),사회,0
859,2021-1차(삼성디스플레이),비즈니스,0
860,2021-1차(공무원연금공단),VT,0
861,2021-3차(글로벌상생협력센터),기타,0
862,6기,이러닝,0
863,2021-4차(삼성협력사),기술공학,0
864,2021-3차(LS엠트론),서비스,0
865,온라인평생교육원 콘텐츠개발파트,사회,0
866,온라인평생교육원 법정의무교육,비즈니스,0
867,2021-2차(한국전력공사),VT,0
868,2021-4차(SK오앤에스),기타,0
869,2021-1차(아이언밸리),이러닝,0
870,훈련기관인증평가센터,기술공학,0
871,2021-5차(삼성협력사),서비스,0
872,7기,사회,0
873,8기,비즈니스,0
874,2021-1차(한국철도공사),VT,0
875,2021-6차(삼성협력사),기타,0
876,2021-1차(여수석유화학고),이러닝,0
877,Jan-21,기술공학,0
878,2021-2차(공항철도),서비스,0
879,2021-4차(LS엠트론),사회,0
880,2021-4차(글로벌상생협력센터),비즈니스,0
881,2021-2차(유라코퍼레이션),VT,0
882,STEP-Sim 2021-1,기타,0
883,2021-1차(풍산시스템),이러닝,0
884,2021-2차(유공압건설기계학회),기술공학,0
885,2021-1차(한국알프스),서비스,0
886,2021-7차(삼성협력사),사회,0
887,9기,비즈니스,0
888,직업능력심사평가원,VT,0
889,10기,기타,0
890,2021-8차(삼성협력사),이러닝,0
891,2021-5차(글로벌상생협력센터),기술공학,0
892,한국기술교육대학교 경영지원팀 2차,서비스,0
893,2021-5차(LS엠트론),사회,0
894,2021-1차(충청남도부여교육지원청),비즈니스,0
895,2021-2차(배화여자대학교),VT,0
896,2021-9차(삼성협력사),기타,0
897,May-21,이러닝,0
898,2021-1차(금화PSC),기술공학,0
899,11기,서비스,0
900,Jun-21,사회,0
901,2021-2차(삼성디스플레이),비즈니스,0
902,2021-3차(유라코퍼레이션),VT,0
903,2021-10차(삼성협력사),기타,0
904,2021-6차(글로벌상생협력센터),이러닝,0
905,12기,기술공학,0
906,2021-6차(LS엠트론),서비스,0
907,한국기술교육대학교 경영지원팀 3차,사회,0
908,2021-3차(한국전력공사),비즈니스,0
909,2021-2차(금화PSC),VT,0
910,직업능력심사평가원 2차,기타,0
911,2021-11차(삼성협력사),이러닝,0
912,13기,기술공학,0
913,2021-1차(강원테크노파크),서비스,0
914,2021-12차(삼성협력사),사회,0
915,14기,비즈니스,0
916,2021-7차(글로벌상생협력센터),VT,0
917,2021-2차(TPC메카트로닉스),기타,0
918,2021-7차(LS엠트론),이러닝,0
919,한국기술교육대학교 인권센터,기술공학,0
920,STEP-Sim 2021-2,서비스,0
921,2021-3차(유공압건설기계학회),사회,0
922,2021-2021-contest,비즈니스,0
923,2021-13차(삼성협력사),VT,0
924,15기,기타,0
925,2021-3차(평가50+시험1회),이러닝,0
926,2021-1차(한국부동산원),기술공학,0
927,2021-14차(삼성협력사),서비스,0
928,16기,사회,0
929,2021-8차(글로벌상생협력센터),비즈니스,0
930,2021-4차(유라코퍼레이션),VT,0
931,2021-2차(공무원연금공단),기타,0
932,2021-15차(삼성협력사),이러닝,0
933,17기,기술공학,0
934,2021-2차(강원테크노파크),서비스,0
935,한국기술교육대학교 인권센터 2차,사회,0
936,2021-1차(한국청소년상담복지개발원),비즈니스,0
937,18기,VT,0
938,2021-9차(글로벌상생협력센터),기타,0
939,2021-16차(삼성협력사),이러닝,0
940,한국기술교육대학교 정보화혁신팀,기술공학,0
941,2021-3차(삼성디스플레이),서비스,0
942,한국기술교육대학교 안전관리팀,사회,0
943,,,
