﻿,0,1,2
0,카테고리,프로그램,강사
1,청소년 및 성인수영,새벽 수영교실,이상현
2,청소년 및 성인수영,저녁 수영교실,이상현
3,어머니수영,어머니 수영교실,최정훈
4,실버수영,실버 수중 체조교실,안석열
5,유아수영,유아 수영교실A,권준오
6,유아수영,유아 수영교실B,권준오
7,어린이 수영,어린이 수영교실A,권준오
8,어린이 수영,어린이 수영교실B,권준오
9,어린이 수영,마스터A,최정훈
10,어린이 수영,마스터B,최정훈
11,아쿠아로빅,다이나믹,이정애
12,아쿠아로빅,아쿠아,이정애
13,곰두리수영,곰두리 수영교실,안석열
14,주말가족수영,"1,3주반, 토(월2회)",조성인
15,주말가족수영,"2,4주반, 토(월2회)",조성인
16,헬스교실,헬스교실,김재범
17,체형관리교실,성인체형 관리교실,배종윤
18,체형관리교실,여성체형관리교실,배종윤
19,체형관리교실,청소년 체형관리교실,배종윤
20,배드민턴,아침청소년 배드민턴,박한종
21,배드민턴,배드민턴,최지연
22,배드민턴,주말가족 배드민턴,박한종
23,배드민턴,주말청소년 배드민턴,최지연
24,김신욱 실내 풋살축구교실,풋살A,김신욱
25,김신욱 실내 풋살축구교실,풋살B,김신욱
26,탁구,탁구,김성희
27,농구,농구교실A,임용섭
28,농구,농구교실B,임용섭
29,농구,농구교실C,임용섭
30,농구,여학생 전용 농구교실,임용섭
31,주말체능(농구+수영),주말체능,임용섭
32,주말체력(농구+학교체력),주말체력,임용섭
