﻿,0,1,2,3,4,5
0,카테고리,상영일,제작년도,장르,제작국가,상영시간
1,아이언맨,2019-01-08,2013,액션/SF,미국,2시간 5분
2,인크레더블 헐크,2019-01-15,2008,액션/SF,미국,1시간 53분
3,겨울왕국,2019-01-22,2014,애니메이션,미국,1시간 48분
4,레고 배트맨 무비,2019-01-29,2017,애니메이션,미국,1시간 44분
5,원더우먼,2019-02-12,2017,SF,미국,2시간 21분
6,주먹왕 랄프,2019-02-19,2013,애니메이션,미국,1시간 48분
7,넛잡2,2019-02-26,2017,애니메이션,미국,1시간 31분
8,너의 이름은,2019-03-05,2018,애니메이션,일본,1시간 46분
9,앤트맨,2019-03-12,2011,액션/어드벤쳐,미국,1시간 57분
10,토르:천둥의 신,2019-03-19,2013,액션/판타지,미국,1시간 55분
11,미니언즈,2019-03-26,2015,애니메이션,미국,1시간 31분
12,미녀와야수,2019-04-30,2018,애니메이션,미국,2시간 9분
13,정글북,2019-04-02,2016,애니메이션,미국,1시간 46분
14,쥬만지:새로운 세계,2019-04-09,2015,어드벤쳐,미국,1시간 58분
15,아이언맨2,2019-04-16,2017,액션/SF,미국,2시간 5분
16,킹콩을 들다,2019-04-23,2018,드라마,한국,2시간 00분
17,슈퍼빼꼼 : 스파이 대작전,2019-05-07,2018,애니메이션,미국,1시간 17분
18,어벤져스 : 인피니티 워,2019-05-14,2018,액션/SF,미국,2시간 29분
19,앵그리버드 더 무비,2019-05-21,2018,애니메이션,"미국, 핀란드",1시간 37분
20,앤트맨과 와스프,2019-05-28,2018,SF,미국,1시간 58분
21,스키아스크래퍼,2019-06-04,2017,액션/스릴러,미국,1시간 42분
22,퍼시픽림:업라이징,2019-06-11,2018,어드벤쳐,미국,1시간 51분
23,연평해전,2019-06-18,2015,드라마,한국,2시간 10분
24,몬스터호텔3,2019-06-25,2018,애니메이션,미국,1시간 37분
25,조선명탐정:흡협괴마의 비밀,2019-07-30,2018,"모험, 코미디",한국,2시간
26,극장판 요괴워치:염라대왕과 5개의 이야기다냥!,2019-07-23,2016,애니메이션,일본,1시간 34분
27,아이스에이지4:대륙 이동설,2019-07-16,2012,"애니메이션, 모험, 코미디, 가족",미국,1시간 32분
28,지오스톰,2019-07-02,2017,"액션,SF,스릴러",미국,1시간 49분
29,강철비,2019-07-09,2017,"액션, 드라마",한국,2시간 19분
30,인크레더블2,2019-08-27,2018,애니메이션,미국,2시간 5분
31,저스티스 리그,2019-08-20,2018,SF/판타지,미국,2시간 00분
32,아이 캔 스피크,2019-08-13,2018,드라마,한국,1시간 59분
33,부라더,2019-08-06,2018,드라마,한국,1시간 42분
34,정글북,2019-09-24,2016,애니메이션/판타지,미국,1시간 46분
35,탐정 홍길동:사라진 마을,2019-09-17,2017,액션,한국,2시간 6분
36,흥부:글로 세상을 바꾼자,2019-09-10,2018,드라마,한국,1시간 45분
37,삼총사,2019-09-03,2012,액션,독일 외,1시간 51분
38,메이저:우정의 강속구,2019-10-29,2012,애니메이션,일본,1시간 44분
39,가디언즈 오브 갤럭시 2,2019-10-22,2017,SF/판타지,미국,2시간 16분
40,국가부도의 날,2019-10-15,2019,드라마,한국,1시간 54분
41,덕구,2019-10-08,2019,드라마,한국,1시간 31분
42,포화속으로,2019-10-01,2010,액션/드라마,한국,2시간 00분
43,레오나르도 다빈치,2019-11-26,2019,애니메이션,이탈리아,1시간 22분
44,챔피언,2019-11-19,2018,드라마,한국,1시간 48분
45,트랜스포머:최후의 기사,2019-11-12,2019,SF/판타지,미국,2시간 31분
46,후드,2019-11-05,2019,액션,미국,1시간 54분
47,그린티,2019-12-24,2019,애니메이션,미국,1시간 29분
48,범블비,2019-12-17,2019,SF/판타지,미국,1시간 54분
49,아쿠아맨,2019-12-10,2019,SF/판타지,미국,2시간 23분
50,신과 함께 : 죄와 벌,2019-12-03,2018,SF/판타지,한국,2시간 19분
