﻿,0,1,2,3,4
0,학교,학기,제목,등록자,등록일자
1,초등학교,1학기,1학년 1학기 1단원 9까지의 수(통합놀이),관리자,2021-04-02
2,초등학교,1학기,1학년 1학기 1단원 9까지의 수(3),관리자,2021-04-03
3,초등학교,1학기,1학년 1학기 1단원 9까지의 수(2),관리자,2021-04-04
4,초등학교,1학기,1학년 1학기 1단원 9까지의 수(1),관리자,2021-04-05
5,초등학교,1학기,1학년 1학기 2단원 여러 가지 모양(1),관리자,2021-04-01
6,초등학교,1학기,1학년 1학기 2단원 여러 가지 모양(2),관리자,2021-03-31
7,초등학교,1학기,1학년 1학기 2단원 여러 가지 모양(3),관리자,2021-03-30
8,초등학교,1학기,1학년 1학기 3단원 덧셈과 뺄셈(1),관리자,2021-03-29
9,초등학교,1학기,1학년 1학기 3단원 덧셈과 뺄셈(2),관리자,2021-03-28
10,초등학교,1학기,1학년 1학기 3단원 덧셈과 뺄셈(3),관리자,2021-03-27
11,초등학교,1학기,1학년 1학기 4단원 비교하기(1),관리자,2021-03-26
12,초등학교,1학기,1학년 1학기 4단원 비교하기(2),관리자,2021-03-25
13,초등학교,1학기,1학년 1학기 4단원 비교하기(3),관리자,2021-03-24
14,초등학교,1학기,1학년 1학기 5단원 50까지의 수(1),관리자,2021-03-23
15,초등학교,1학기,1학년 1학기 5단원 50까지의 수(2),관리자,2021-03-22
16,초등학교,1학기,1학년 1학기 5단원 50까지의 수(3),관리자,2021-03-21
17,초등학교,1학기,1학년 1학기 5단원 50까지의 수(4) 통합놀이,관리자,2021-03-20
18,초등학교,1학기,1학년 2학기 1단원(100까지 콩콩콩),관리자,2021-03-19
19,초등학교,1학기,1학년 2학기 1단원(클까 작을까),관리자,2021-03-18
20,초등학교,1학기,1학년 2학기 2단원(더하고! 빼고! 놀이하고! 수학하고!),관리자,2021-03-17
21,초등학교,1학기,1학년 2학기 2단원(덧셈 뺄셈 스피드 놀이),관리자,2021-03-16
22,초등학교,1학기,1학년 2학기 3단원(모양보고 터치!터치!),관리자,2021-03-14
23,초등학교,1학기,1학년 2학기 3단원(색색깔깔 모양 놀이),관리자,2021-03-13
24,초등학교,1학기,1학년 2학기 4단원(세 줄 덧셈 놀이),관리자,2021-03-12
25,초등학교,1학기,1학년 2학기 4단원(수 카드 팔아요),관리자,2021-03-11
26,초등학교,1학기,1학년 2학기 5단원(돌고 돌아 시계를 찾아요),관리자,2021-03-10
27,초등학교,1학기,1학년 2학기 5단원(수의 규칙을 찾아서 앞으로! 앞으로!),관리자,2021-03-09
28,초등학교,1학기,1학년 2학기 6단원(덧셈 땅따먹기),관리자,2021-03-08
29,초등학교,1학기,1학년 2학기 6단원(알맞은 수를 잡아라!),관리자,2021-03-07
30,초등학교,2학기,2학년 1학기 1단원 세 자리 수(1),관리자,2021-03-06
31,초등학교,2학기,2학년 1학기 1단원 세 자리 수(2),관리자,2021-03-05
32,초등학교,2학기,2학년 1학기 1단원 세 자리 수(3),관리자,2021-03-04
33,초등학교,2학기,2학년 1학기 2단원 여러 가지 도형(1),관리자,2021-03-03
34,초등학교,2학기,2학년 1학기 2단원 여러 가지 도형(2),관리자,2021-03-02
35,초등학교,2학기,2학년 1학기 2단원 여러 가지 도형(3),관리자,2021-03-01
36,초등학교,2학기,2학년 1학기 3단원 덧셈과 뺄셈(1),관리자,2021-02-28
37,초등학교,2학기,2학년 1학기 3단원 덧셈과 뺄셈(2),관리자,2021-02-27
38,초등학교,2학기,2학년 1학기 3단원 덧셈과 뺄셈(3),관리자,2021-02-26
39,초등학교,2학기,2학년 1학기 4단원 길이 재기(1),관리자,2021-02-24
40,초등학교,2학기,2학년 1학기 4단원 길이 재기(2),관리자,2021-02-23
41,초등학교,2학기,2학년 1학기 4단원 길이 재기(3),관리자,2021-02-22
42,초등학교,2학기,2학년 1학기 5단원 분류하기(1),관리자,2021-02-21
43,초등학교,2학기,2학년 1학기 5단원 분류하기(2),관리자,2021-02-20
44,초등학교,2학기,2학년 1학기 5단원 분류하기(3),관리자,2021-02-19
45,초등학교,2학기,2학년 1학기 6단원 곱셈(1),관리자,2021-02-18
46,초등학교,2학기,2학년 1학기 6단원 곱셈(2),관리자,2021-02-17
47,초등학교,2학기,2학년 1학기 6단원 곱셈(3),관리자,2021-02-16
48,초등학교,2학기,2학년 1학기 6단원 곱셈(4) 통합놀이,관리자,2021-02-15
49,초등학교,2학기,2학년 1학기 6단원 곱셈(5) 통합놀이,관리자,2021-02-14
50,초등학교,2학기,2학년 2학기 1단원(강을 건너요),관리자,2021-02-12
51,초등학교,2학기,2학년 2학기 1단원(큰 수 배달하기),관리자,2021-02-11
52,초등학교,2학기,2학년 2학기 2단원(곱셈구구 땅따먹기),관리자,2021-02-10
53,초등학교,2학기,2학년 2학기 2단원(친구와 곱셈식 만들기),관리자,2021-02-09
54,초등학교,2학기,2학년 2학기 3단원(길이에 맞게 던져라),관리자,2021-02-08
55,초등학교,2학기,2학년 2학기 3단원(짝을 찾아라!),관리자,2021-02-25
56,초등학교,2학기,2학년 2학기 4단원(X-맨을 찾아라!),관리자,2021-02-07
57,초등학교,2학기,2학년 2학기 4단원(시간 여행을 떠나요),관리자,2021-02-06
58,초등학교,2학기,통합단원(시계 놀이),관리자,2021-02-05
59,초등학교,2학기,2학년 2학기 5단원(공깃돌 한 주먹),관리자,2021-02-04
60,초등학교,2학기,2학년 2학기 5단원(사고 팔아요),관리자,2021-02-03
61,초등학교,2학기,2학년 2학기 6단원(돌려 돌려 젠탱글),관리자,2021-02-02
62,초등학교,2학기,2학년 2학기 6단원(숨은 숫자 찾기),관리자,2021-02-01
63,초등학교,1학기,"통합단원(덧셈, 뺄셈 도형 카드 놀이)",관리자,2021-03-15
