﻿,0,1,2,3,4,5
0,순번,강사명,분야,대표강좌명,강사구분,데이터기준일자
1,1,신*희,문화/예술,POP 손글씨,일반 + 행복학습나눔 강사,2021-10-25
2,2,이*희,문해교육,찾아가는 성인문해,일반 + 행복학습나눔 강사,2021-10-25
3,3,김*숙,문해교육,배움의 나무,일반 강사,2021-10-25
4,4,박*라,문화/예술,"칼림바 ,오카리나, 우쿨렐레, 피아노등",일반 강사,2021-10-25
5,5,조*미,교육,천연비누만들기,일반 + 행복학습나눔 강사,2021-10-25
6,6,나*애,인문/교양,"손뜨개, 코딩",일반 + 행복학습나눔 강사,2021-10-25
7,7,박*영,문화/예술,마크라메,일반 + 행복학습나눔 강사,2021-10-25
8,8,김*선,문화/예술,즐거운 통기타 교실,일반 + 행복학습나눔 강사,2021-10-25
9,9,이*민,인문/교양,사주명리학,일반 + 행복학습나눔 강사,2021-10-25
10,10,이*희,교육,목공체험,일반 + 행복학습나눔 강사,2021-10-25
11,11,조*원,건강/생활체육,"생활체조, 피부미용",일반 + 행복학습나눔 강사,2021-10-25
12,12,문*남,문화/예술,손으로 만드는 행복(손뜨개),일반 강사,2021-10-25
13,13,박*경,문화/예술,"미술심리치료, 부모교육, 집단상담",일반 + 행복학습나눔 강사,2021-10-25
14,14,김*주,문화/예술,"한방차, 꽃차 만들기",일반 + 행복학습나눔 강사,2021-10-25
15,15,이*화,언어/외국어,체험 중국어,일반 + 행복학습나눔 강사,2021-10-25
16,16,구*본,"인문/교양내 마음을 위한 티 클래스, 엄마랑 행복",,일반 + 행복학습나눔 강사,2021-10-25
17,17,구*곤,문화/예술,감성캘리,일반 + 행복학습나눔 강사,2021-10-25
18,18,주*영,건강/생활체육,"노인건강 레크레이션, 힐링웃음지도",일반 + 행복학습나눔 강사,2021-10-25
19,19,오*석,기타,,일반 + 행복학습나눔 강사,2021-10-25
20,20,조*동,IT/정보화,,일반 + 행복학습나눔 강사,2021-10-25
21,21,이*연,문화/예술,춤추는 바이올린,일반 + 행복학습나눔 강사,2021-10-25
22,22,이*숙,문화/예술,"서예(한글, 한문)",일반 강사,2021-10-25
23,23,오*현,문화/예술,사진의 모든것,일반 + 행복학습나눔 강사,2021-10-25
24,24,박*순,문화/예술,"시민강좌, 미술",일반 + 행복학습나눔 강사,2021-10-25
25,25,강*자,문화/예술,문화예술 힐링체험,일반 강사,2021-10-25
26,26,유*정,문화/예술,노래교실.건강체조(라인댄스),일반 + 행복학습나눔 강사,2021-10-25
27,27,조*경,문화/예술,모던마크라메,일반 + 행복학습나눔 강사,2021-10-25
28,28,황*순,교육,"노인 인지, 치매예방 프로그램",일반 + 행복학습나눔 강사,2021-10-25
29,29,정*신,교육,"마음을 읽는 부모교육, 어르신 실버보드게",일반 + 행복학습나눔 강사,2021-10-25
30,30,안*신,취업/자격증,"실버교육전문가, 웃음치료사",일반 강사,2021-10-25
31,32,배*수,교육,"토탈공예, 캘리그라피, 풍선아트, 종이접기",일반 강사,2021-10-25
32,33,이*숙,문화/예술,시창작,일반 강사,2021-10-25
33,34,고*선,기타,노인 건강 레크레이션,일반 강사,2021-10-25
34,35,안*신,건강/생활체육,웃음치료,일반 강사,2021-10-25
35,36,윤*실,교육,"한토탈공예(소품,한지공예),다문화카운셀러",일반 강사,2021-10-25
36,37,이*석,인문/교양,우리말과 영어,일반 강사,2021-10-25
37,38,윤*상,문화/예술,서예와 사군자,일반 강사,2021-10-25
38,39,이*서,문화/예술,"라인댄스, 건강댄스",일반 강사,2021-10-25
39,40,채*란,문화/예술,전통매듭공예,일반 강사,2021-10-25
40,41,이*희,건강/생활체육,라인댄스,일반 강사,2021-10-25
41,42,이*영,문화/예술,오카리나.팬플룻,일반 강사,2021-10-25
42,43,성*철,문화/예술,행복한 통기타 노래,일반 강사,2021-10-25
43,44,한*용,인문/교양,"건강 창작글쓰기(시,수필, 소설,자서전)",일반 강사,2021-10-25
44,45,임*정,건강/생활체육,실버 레크레이션,일반 강사,2021-10-25
45,46,김*영,문화/예술,천아트,일반 강사,2021-10-25
46,47,조*나,IT/정보화,"보드게임지도사,실버보드게임지도사,스포츠스",일반 강사,2021-10-25
47,48,백*숙,인문/교양,원예(야생화기르기 및 화단꾸미기),일반 강사,2021-10-25
48,49,원*희,문화/예술,기타교실,일반 강사,2021-10-25
49,50,진*환,취업/자격증,"다문화가정복지상담사, 웰다잉심리상담사",일반 강사,2021-10-25
50,51,김*수,문화/예술,리본공예&선물포장,일반 강사,2021-10-25
51,52,이*희,시민참여,천연화장품만들기,일반 강사,2021-10-25
52,53,송*대,인문/교양,중국테마기행,일반 강사,2021-10-25
53,54,김*태,언어/외국어,중국어 강좌,일반 강사,2021-10-25
54,55,신*철,문화/예술,한글서예,일반 강사,2021-10-25
55,56,이*진,인문/교양,"홈패션,양재,POP",일반 강사,2021-10-25
56,57,윤*용,인문/교양,전통놀이 전래놀이,일반 강사,2021-10-25
57,58,장*영,문화/예술,"오카리나, 팬플룻",일반 강사,2021-10-25
58,59,유*미,문화/예술,미술실기,일반 강사,2021-10-25
59,60,백*숙,문해교육,문해,일반 강사,2021-10-25
60,61,오*화,문해교육,,일반 강사,2021-10-25
61,62,김*곤,문화/예술,전통매듭,일반 강사,2021-10-25
62,63,신*현,문화/예술,꽃과향기와감성글씨를활용한인테리어,일반 강사,2021-10-25
63,64,박*영,문화/예술,"프랑스자수,퀼트소품",일반 강사,2021-10-25
64,65,이*자,문화/예술,천아트,일반 강사,2021-10-25
65,66,김*혜,문화/예술,"직조,목공예",일반 강사,2021-10-25
66,67,한*정,문화/예술,,일반 강사,2021-10-25
67,68,김*엽,건강/생활체육,에어로빅.줌바댄스.요가,일반 강사,2021-10-25
68,69,구*자,문화/예술,서예(한문한글),일반 강사,2021-10-25
69,70,이*민,문화/예술,도자기핸드페인팅,일반 강사,2021-10-25
70,71,홍*옥,건강/생활체육,웃음치료와노인건강레크레이션,일반 강사,2021-10-25
71,72,임*식,인문/교양,스피치/아나운서/방송진행및연출교육,일반 강사,2021-10-25
72,73,이*효,문화/예술,감성힐링시낭송스피치,일반 강사,2021-10-25
73,74,이*주,교육,토탈공예,일반 강사,2021-10-25
74,75,김*숙,문화/예술,전통규방공예및매듭,일반 강사,2021-10-25
75,76,이*현,교육,엄마는가베선생님,일반 강사,2021-10-25
76,77,신*순,문해교육,문해교육한글지도,일반 강사,2021-10-25
77,78,이*숙,문해교육,성인문해교육,일반 강사,2021-10-25
78,79,지*화,문해교육,양파마을한글교실,일반 강사,2021-10-25
79,80,전*영,문화/예술,플로리스트,일반 강사,2021-10-25
80,81,문*호,교육,기초한자교실,일반 강사,2021-10-25
81,82,박*님,문화/예술,난타,일반 강사,2021-10-25
82,83,김*하,인문/교양,인문/교양,일반 강사,2021-10-25
83,84,임*민,문화/예술,도자기/공예,일반 강사,2021-10-25
84,85,김*정,문화/예술,힐링캘리그라피,일반 강사,2021-10-25
85,86,이*미,문화/예술,퀼트공예,일반 강사,2021-10-25
86,87,양*경,건강/생활체육,요가교실,일반 강사,2021-10-25
87,88,유*조,문화/예술,,일반 강사,2021-10-25
88,89,박*귀,건강/생활체육,기공체조,일반 강사,2021-10-25
89,90,고*아,문화/예술,홈패션교실,일반 강사,2021-10-25
90,91,김*현,문화/예술,"천연화장품.비누,냅킨아트",일반 강사,2021-10-25
91,92,배*영,문화/예술,판소리/민요/난타,일반 강사,2021-10-25
92,93,유*곤,문화/예술,나에게맞는화장법/우리가족커트,일반 강사,2021-10-25
93,94,박*희,문화/예술,"pop예쁜글쓰기,토탈공예,가죽공예,",일반 강사,2021-10-25
94,95,남*미,교육,감성놀이터통합교육예술,일반 강사,2021-10-25
95,96,김*희,문해교육,"장애인, 노인 문해교육",일반 강사,2021-10-25
96,97,이*행,분야 건강/생활체육 ,힐링 택견 교실 ,일반 강사,2021-10-25
97,98,조*훈,분야 인문/교양 ,역사와 이야기로 배우는 고사성어 ,일반 강사,2021-10-25
98,99,이*순 ,분야 문화/예술 ,생태공예/숲생태활동 ,일반 강사,2021-10-25
99,100,박*희 ,분야 언어/외국어 ,일본어 강좌 ,일반 강사,2021-10-25
100,101,최*근 ,분야 취업/자격증 ,정리수납 2급 ,일반 강사,2021-10-25
101,102,김*자 ,분야 IT/정보화 ,코딩.3D펜.공예.실험과학. ,일반 강사,2021-10-25
102,103,주*혜 ,분야 문해교육 ,셀프 포토북 & 포토 동영상(UCC),일반 강사,2021-10-25
103,104,김*은 ,분야 문화/예술 ,가야금 ,일반 강사,2021-10-25
104,105,조*승 ,분야 기타 ,힐링타로강좌 ,일반 강사,2021-10-25
105,106,한*원 ,분야 IT/정보화 ,IT/정보화 -코딩 ,일반 강사,2021-10-25
106,107,엄*용 ,분야 취업/자격증 ,놀이심리상담사1급자격증과정 ,일반 강사,2021-10-25
107,108,허*자 ,언어/외국어,FunnyFunny story,일반 강사,2021-10-25
108,109,안*희 ,취업/자격증,내인생이빛나는정리수납,일반 강사,2021-10-25
109,110,강*종 ,인문/교양,풍수지리학,일반 강사,2021-10-25
110,111,윤*현 ,문화/예술,생활리본&선물포장,일반 강사,2021-10-25
111,112,조*현 ,문화/예술,"램플로우,스트링아트",일반 강사,2021-10-25
112,113,오*택 ,교육,요리교실,일반 강사,2021-10-25
113,114,이*호 ,문화/예술,문인화,일반 강사,2021-10-25
114,115,조*경 ,문화/예술,"아동요리,미술,공예",일반 강사,2021-10-25
115,116,박*리 ,건강/생활체육,실버체조와웃음지도,일반 강사,2021-10-25
