﻿,0,1,2,3
0,제목,이용방법,조회수,등록일자
1,Kids Math 수학으로 놀자(쌓기나무를 이용하여 놀기),https://www.youtube.com/embed/_oPPtJ-383I,65,2021-02-26
2,체육활동으로 즐기는 수학,https://www.youtube.com/embed/GVQjuEcdAxM,58,2021-02-25
3,LED 정다면체 만들기,https://www.youtube.com/embed/KRFKw8VUG84,67,2021-02-24
4,듀얼 정다면체 만들기,https://www.youtube.com/embed/0bhb8BRlcDY,58,2021-02-25
5,14면체 주사위 주령구 만들기,https://www.youtube.com/embed/z_Io3p5zHgU,52,2021-02-25
6,줄을 활용한 퍼즐,https://www.youtube.com/embed/zmXwiMgNKjw,48,2021-02-25
7,테셀레이션,https://www.youtube.com/embed/nHuJTl-X-XY,91,2021-02-24
8,좋은 꿈을 꾸는 드림 캐쳐,https://www.youtube.com/embed/hgHf9hY2SwE,124,2021-02-01
9,스키테일 암호 만들기,https://www.youtube.com/embed/O_Xg10hmkR4,91,2021-02-22
10,안전이 짱 텐세그리티 구조,https://www.youtube.com/embed/Ve5fKgxp3Lw,107,2021-02-21
11,빨대로 만드는 정다면체,https://www.youtube.com/embed/LD19qBWeW0o,93,2021-02-26
12,매듭으로 수학을 말하다,https://www.youtube.com/embed/ESVLQmISz2E,98,2021-02-22
13,불가능한 도형 펜 로즈 삼각형,https://www.youtube.com/embed/eDggCNgtS30,107,2021-02-21
14,죄수의 옷을 뒤집어 입혀라,https://www.youtube.com/embed/aTzDc0NoQKE,146,2021-02-28
15,눈꽃모빌 만들기,https://www.youtube.com/embed/UXuQaHvk86A,58,2021-02-25
16,원으로 정다면체 만들기,https://www.youtube.com/embed/OcD9e3_HaDg,103,2021-02-26
17,프렉탈 카드 만들기,https://www.youtube.com/embed/hrzyua7uIFo,136,2021-02-22
18,평매듭을 이용한 팔찌,https://www.youtube.com/embed/3rI6LliTsG0,55,2021-02-25
19,이항분포실험기로 내 손으로!,https://www.youtube.com/embed/pHmgwv-uBsI,71,2021-02-22
20,황금분할기로 황금비 찾기,https://www.youtube.com/embed/Y05JYIZxEDs,60,2021-02-26
21,쌓기나무를 이용한 만년달력,https://www.youtube.com/embed/vZnjVY5-y4g,66,2021-02-26
22,무한반복 플렉사곤,https://www.youtube.com/embed/q1Vv8H5pWX8,85,2021-02-26
23,단청 속의 수학 보물찾기,https://www.youtube.com/embed/MwjE_KzMGqE,54,2021-02-25
24,에어 서핑,https://www.youtube.com/embed/3lIeXwref-o,108,2021-02-22
25,피보나치수열,https://www.youtube.com/embed/WXrG6C5QuH8,87,2021-02-24
26,정육면체대각선구조물 72연필,https://www.youtube.com/embed/I6UfSwVvpyo,53,2021-02-24
27,정사면체 쿠비쿠스,https://www.youtube.com/embed/0oSgazpUGVQ,66,2021-02-24
28,형형색색 보로노이 빛 상자,https://www.youtube.com/embed/TlrMulgwEvQ,98,2021-02-21
29,중심 분활 거울 정다면체,https://www.youtube.com/embed/EGOfspOeJMI,86,2021-02-26
30,무늬 속 대칭찾기 마방진 무늬,https://www.youtube.com/embed/kNngeW8izJQ,56,2021-02-25
31,퍼즐 속 규칙찾기 방진 매직 큐브,https://www.youtube.com/embed/reBprbzwAmI,124,2021-02-26
32,보르노이 다이어그램의 신비,https://www.youtube.com/embed/LnqgF6-CkV0,181,2021-02-24
33,똑딱똑딱 나만의 수학시계 만들기,https://www.youtube.com/embed/o574gyB9P8M,169,2021-02-01
34,수학자 열쇠고리 만들기,https://www.youtube.com/embed/IyWRs-tH4d8,126,2021-02-25
35,속닥속닥 비밀편지 시저암호,https://www.youtube.com/embed/1d3oj4w3qyw,109,2021-02-25
36,하트퍼즐 만들기,https://www.youtube.com/embed/Xyb_NOJabrw,133,2021-02-23
37,마방진 목걸이,https://www.youtube.com/embed/CCSf8abcT54,210,2021-02-26
38,흥미로운 트러스 아치 구조,https://www.youtube.com/embed/Wxz3vaI7VrE,122,2021-02-21
