﻿,0,1,2,3,4,5,6
0,학교,학기,제목,이용방법,조회수,등록자,등록일자
1,초등학교,1학기,"6학년2학기 위, 앞, 옆에서 본 모양 그리기_3",301122,7,관리자,2021-02-17
2,초등학교,1학기,6학년2학기 쌓기나무의 수_1,301123,2,관리자,2021-02-17
3,초등학교,1학기,6학년2학기 쌓기나무의 수_2,301124,3,관리자,2021-02-17
4,초등학교,1학기,6학년2학기 쌓기나무의 수_3,301125,2,관리자,2021-02-17
5,초등학교,1학기,"6학년2학기 위, 앞, 옆에서 본 모양 그리기_1",301126,2,관리자,2021-02-17
6,초등학교,1학기,"6학년2학기 위, 앞, 옆에서 본 모양 그리기_2",301127,3,관리자,2021-02-17
7,초등학교,1학기,6학년2학기 전체모양_1,301128,2,관리자,2021-02-17
8,초등학교,1학기,6학년2학기 전체나무,301129,2,관리자,2021-02-17
9,초등학교,1학기,6학년2학기 전체모양_2,301130,2,관리자,2021-02-17
10,초등학교,1학기,6학년2학기 연결큐브_1,301131,2,관리자,2021-02-17
11,초등학교,1학기,6학년2학기 연결큐브_2,301132,2,관리자,2021-02-17
12,초등학교,1학기,6학년2학기 연결큐브_3,301133,2,관리자,2021-02-17
13,초등학교,1학기,6학년2학기 연결큐브_4,301134,5,관리자,2021-02-17
14,초등학교,1학기,12x4를 계산할 수 있어요,301135,10,관리자,2021-02-17
15,초등학교,1학기,3 학년-들이와 무게-무게를 비교할 수 있어요,302117,6,관리자,2021-02-17
16,초등학교,1학기,6학년2학기 비례배분의 활용_2,401121,5,관리자,2021-02-17
17,초등학교,2학기,647÷25를 계산할 수 있어요,401122,2,관리자,2021-02-17
18,초등학교,1학기,6학년1학기 비례식_1,401123,6,관리자,2021-02-17
19,초등학교,1학기,6학년1학기 비례식_2,401124,2,관리자,2021-02-17
20,초등학교,1학기,6학년1학기 비의 성질_1,401125,2,관리자,2021-02-17
21,초등학교,1학기,6학년1학기 비의 성질_2,401126,2,관리자,2021-02-17
22,초등학교,1학기,6학년1학기 간단한 자연수의 비로 나타내기_1,401127,3,관리자,2021-02-17
23,초등학교,1학기,6학년1학기 간단한 자연수의 비로 나타내기_2,401128,2,관리자,2021-02-17
24,초등학교,1학기,6학년1학기 비례식의 성질_1,401129,2,관리자,2021-02-17
25,초등학교,1학기,6학년1학기 비례식의 성질_2,401130,2,관리자,2021-02-17
26,초등학교,1학기,6학년1학기 비례식을 이용하여 문제해결하기_1,401131,3,관리자,2021-02-17
27,초등학교,1학기,6학년1학기 비례식을 이용하여 문제해결하기_2,401132,2,관리자,2021-02-17
28,초등학교,1학기,6학년1학기 비례식을 이용하여 문제해결하기_3,401133,2,관리자,2021-02-17
29,초등학교,1학기,6학년2학기 비례배분_1,401134,11,관리자,2021-02-17
30,초등학교,1학기,6학년2학기 비례배분_2,401135,3,관리자,2021-02-17
31,초등학교,1학기,6학년2학기 비례배분의 활용_1,401136,3,관리자,2021-02-17
32,초등학교,1학기,단원개관인터뷰 6학년 1학기 6단원,601116,5,관리자,2021-02-17
33,초등학교,1학기,6학년1학기 직육면체의 겉넓이_1,601117,3,관리자,2021-02-17
34,초등학교,1학기,6학년1학기 직육면체의 겉넓이_2,601118,2,관리자,2021-02-17
35,초등학교,1학기,6학년1학기 직육면체의 겉넓이_3,601119,4,관리자,2021-02-17
36,초등학교,1학기,6학년1학기 전개도를 이용한 겉넓이 구하기_1,601120,5,관리자,2021-02-17
37,초등학교,1학기,6학년1학기 전개도를 이용한 겉넓이 구하기_2,601121,2,관리자,2021-02-17
38,초등학교,1학기,6학년1학기 전개도를 이용한 겉넓이 구하기_3,601122,3,관리자,2021-02-17
39,초등학교,1학기,6학년1학기 부피의 단위(1)_1,601123,3,관리자,2021-02-17
40,초등학교,1학기,6학년1학기 부피의 단위(1)_2,601124,2,관리자,2021-02-17
41,초등학교,1학기,6학년1학기 직육면체의 부피_1,601125,2,관리자,2021-02-17
42,초등학교,1학기,6학년1학기 직육면체의 부피_2,601126,2,관리자,2021-02-17
43,초등학교,1학기,6학년1학기 직육면체의 부피_3,601127,2,관리자,2021-02-17
44,초등학교,1학기,6학년1학기 직육면체의 부피_4,601128,2,관리자,2021-02-17
45,초등학교,1학기,6학년1학기 직육면체의 부피_5,601129,2,관리자,2021-02-17
46,초등학교,1학기,6학년1학기 직육면체의 부피_6,601130,3,관리자,2021-02-17
47,초등학교,1학기,6학년1학기 부피의 단위(2)_1,601131,2,관리자,2021-02-17
48,초등학교,1학기,6학년1학기 부피의 단위(2)_2,601132,3,관리자,2021-02-17
49,초등학교,1학기,직육면체의 겉넓이와 부피,601133,2,관리자,2021-02-17
50,초등학교,1학기,직육면체의 겉넓이를 알 수 있어요,601134,3,관리자,2021-02-17
51,초등학교,1학기,단원개관인터뷰 6학년 1학기 2단원,601135,5,관리자,2021-02-17
52,초등학교,1학기,6학년1학기 각기둥(1),601136,1,관리자,2021-02-17
53,초등학교,1학기,6학년1학기 각기둥(2),601137,1,관리자,2021-02-17
54,초등학교,1학기,6학년1학기 각기둥(3)_1,601138,1,관리자,2021-02-17
55,초등학교,1학기,6학년1학기 각기둥(3)_2,601139,1,관리자,2021-02-17
56,초등학교,1학기,6학년1학기 각기둥(3)_3,601140,11,관리자,2021-02-17
57,초등학교,1학기,6학년1학기 각뿔(1),601141,1,관리자,2021-02-17
58,초등학교,1학기,6학년1학기 각뿔(2)_1,601142,1,관리자,2021-02-17
59,초등학교,1학기,6학년1학기 각뿔(2)_3,601143,1,관리자,2021-02-17
60,초등학교,1학기,6학년1학기 각기둥의 전개도_1,601144,2,관리자,2021-02-17
61,초등학교,1학기,6학년1학기 각기둥의 전개도_3,601145,1,관리자,2021-02-17
62,초등학교,1학기,6학년1학기 각기둥의 전개도 그리기_1,601146,1,관리자,2021-02-17
63,초등학교,1학기,6학년1학기 각기둥의 전개도 그리기_2,601147,7,관리자,2021-02-17
64,초등학교,1학기,각기둥과 각뿔,601148,2,관리자,2021-02-17
65,초등학교,1학기,각기둥을 알 수 있어요(1),601149,2,관리자,2021-02-17
66,초등학교,1학기,각기둥을 알 수 있어요(2),601150,3,관리자,2021-02-17
67,초등학교,1학기,각기둥을 알 수 있어요(3),601151,1,관리자,2021-02-17
68,초등학교,1학기,각뿔을 알 수 있어요(1),601152,1,관리자,2021-02-17
69,초등학교,1학기,각뿔을 알 수 있어요(2),601153,1,관리자,2021-02-17
70,초등학교,1학기,각기둥의 전개도를 알 수 있어요,601154,2,관리자,2021-02-17
71,초등학교,1학기,각기둥의 전개도를 그릴 수 있어요,601155,1,관리자,2021-02-17
72,초등학교,1학기,6 학년-각기둥과 각뿔-이야기마당,601156,2,관리자,2021-02-17
73,초등학교,1학기,단원개관인터뷰 6학년 1학기 1단원,601157,78,관리자,2021-02-17
74,초등학교,1학기,6학년1학기 (자연수)÷(단위분수)_1,601158,26,관리자,2021-02-17
75,초등학교,1학기,6학년1학기 (자연수)÷(단위분수)_2,601159,19,관리자,2021-02-17
76,초등학교,1학기,6학년1학기 분모가 같은 진분수끼리의 나눗셈(1)_1,601160,1,관리자,2021-02-17
77,초등학교,1학기,6학년1학기 분모가 같은 진분수끼리의 나눗셈(1)_2,601161,1,관리자,2021-02-17
78,초등학교,1학기,6학년1학기 분모가 같은 진분수끼리의 나눗셈(1)_3,601162,2,관리자,2021-02-17
79,초등학교,1학기,6학년1학기 분모가 같은 진분수끼리의 나눗셈(2)_1,601163,3,관리자,2021-02-17
80,초등학교,1학기,6학년1학기 분모가 다른 진분수끼리의 나눗셈_1,601164,3,관리자,2021-02-17
81,초등학교,1학기,6학년1학기 분모가 다른 진분수끼리의 나눗셈_2,601165,1,관리자,2021-02-17
82,초등학교,1학기,6학년1학기 (자연수)÷(분수)_1,601166,2,관리자,2021-02-17
83,초등학교,1학기,6학년1학기 (자연수)÷(분수)_2,601167,1,관리자,2021-02-17
84,초등학교,1학기,6학년1학기 (자연수)÷(분수)_3,601168,1,관리자,2021-02-17
85,초등학교,1학기,6학년1학기 대분수의 나눗셈_1,601169,1,관리자,2021-02-17
86,초등학교,1학기,6학년1학기 대분수의 나눗셈_2,601170,1,관리자,2021-02-17
87,초등학교,1학기,6학년1학기 대분수의 나눗셈_3,601171,1,관리자,2021-02-17
88,초등학교,1학기,분수의 나눗셈,601172,1,관리자,2021-02-17
89,초등학교,1학기,(자연수)÷(단위분수)를 계산할 수 있어요,601173,2,관리자,2021-02-17
90,초등학교,1학기,분모가 같은 진분수끼리 나눗셈을 할 수 있어요(1),601174,2,관리자,2021-02-17
91,초등학교,1학기,분모가 같은 진분수끼리 나눗셈을 할 수 있어요(2),601175,1,관리자,2021-02-17
92,초등학교,1학기,분모가 다른 진분수끼리 나눗셈을 할 수 있어요,601176,1,관리자,2021-02-17
93,초등학교,1학기,대분수의 나눗셈을 할 수 있어요,601177,1,관리자,2021-02-17
94,초등학교,1학기,6 학년-분수의 나눗셈-이야기마당,601178,2,관리자,2021-02-17
95,초등학교,1학기,단원개관인터뷰 6학년 1학기 3단원,601179,6,관리자,2021-02-17
96,초등학교,1학기,6학년1학기 소수의 나눗셈(1)_1,601180,8,관리자,2021-02-17
97,초등학교,1학기,6학년1학기 소수의 나눗셈(1)_2,601181,2,관리자,2021-02-17
98,초등학교,1학기,6학년1학기 소수의 나눗셈(2)_1,601182,2,관리자,2021-02-17
99,초등학교,1학기,6학년1학기 소수의 나눗셈(2)_2,601183,3,관리자,2021-02-17
100,초등학교,1학기,6학년1학기 소수의 나눗셈(3)_1,601184,2,관리자,2021-02-17
101,초등학교,1학기,6학년1학기 소수의 나눗셈(3)_2,601185,2,관리자,2021-02-17
102,초등학교,1학기,6학년1학기 (자연수)÷(소수)_1,601186,4,관리자,2021-02-17
103,초등학교,1학기,6학년1학기 (자연수)÷(소수)_2,601187,2,관리자,2021-02-17
104,초등학교,1학기,6학년1학기 소수의 나눗셈에서 나머지 구하기_1,601188,2,관리자,2021-02-17
105,초등학교,1학기,6학년1학기 소수의 나눗셈에서 나머지 구하기_2,601189,2,관리자,2021-02-17
106,초등학교,1학기,6학년1학기 몫을 반올림하여 나타내기_1,601190,4,관리자,2021-02-17
107,초등학교,1학기,6학년1학기 몫을 반올림하여 나타내기_2,601191,2,관리자,2021-02-17
108,초등학교,1학기,단원개관인터뷰 6학년 1학기 4단원,601192,4,관리자,2021-02-17
109,초등학교,1학기,6학년1학기 비율,601193,7,관리자,2021-02-17
110,초등학교,1학기,6학년1학기 비율_1,601194,5,관리자,2021-02-17
111,초등학교,1학기,6학년1학기 비율_2,601195,3,관리자,2021-02-17
112,초등학교,1학기,6학년1학기 백분율_1,601196,12,관리자,2021-02-17
113,초등학교,1학기,6학년1학기 백분율_2,601197,11,관리자,2021-02-17
114,초등학교,1학기,6학년1학기 비교하는 양 구하기_1,601198,9,관리자,2021-02-17
115,초등학교,1학기,6학년1학기 비교하는 양 구하기_2,601199,4,관리자,2021-02-17
116,초등학교,1학기,6학년1학기 기준량 구하기,601200,3,관리자,2021-02-17
117,초등학교,1학기,6학년1학기 비율이 사용되는 경우_1,601201,4,관리자,2021-02-17
118,초등학교,1학기,6학년1학기 비율이 사용되는 경우_2,601202,3,관리자,2021-02-17
119,초등학교,1학기,6학년1학기 비율이 사용되는 경우_3,601203,2,관리자,2021-02-17
120,초등학교,1학기,6학년1학기 비율이 사용되는 경우_4,601204,3,관리자,2021-02-17
121,초등학교,1학기,단원개관인터뷰 6학년 1학기 5단원,601205,4,관리자,2021-02-17
122,초등학교,1학기,6학년1학기 원주와 원주율,601206,2,관리자,2021-02-17
123,초등학교,1학기,6학년1학기 원주율을 이용하여 지름구하기_2,601207,2,관리자,2021-02-17
124,초등학교,1학기,6학년1학기 원주율을 이용하여 지름구하기_3,601208,1,관리자,2021-02-17
125,초등학교,1학기,6학년1학기 원주율을 이용하여 원주 구하기_1,601209,1,관리자,2021-02-17
126,초등학교,1학기,6학년1학기 원주율을 이용하여 원주 구하기_2,601210,2,관리자,2021-02-17
127,초등학교,1학기,6학년1학기 원의 넓이 어림하기_1,601211,1,관리자,2021-02-17
128,초등학교,1학기,6학년1학기 원의 넓이 어림하기_2,601212,2,관리자,2021-02-17
129,초등학교,1학기,6학년1학기 원의 넓이 구하는 방법_1,601213,1,관리자,2021-02-17
130,초등학교,1학기,6학년1학기 원의 넓이 구하는 방법_2,601214,1,관리자,2021-02-17
131,초등학교,1학기,6학년1학기 여러가지 원의 넓이_1,601215,1,관리자,2021-02-17
132,초등학교,1학기,6학년1학기 여러가지 원의 넓이_2,601216,1,관리자,2021-02-17
133,초등학교,1학기,원의 넓이,601217,1,관리자,2021-02-17
134,초등학교,1학기,원주율을 알 수 있어요,601218,2,관리자,2021-02-17
135,초등학교,1학기,지름을 구할 수 있어요,601219,1,관리자,2021-02-17
136,초등학교,1학기,원주를 구할 수 있어요,601220,1,관리자,2021-02-17
137,초등학교,1학기,원의 넓이를 어림할 수 있어요,601221,1,관리자,2021-02-17
138,초등학교,1학기,원의 넓이를 구하는 방법을 알 수 있어요,601222,1,관리자,2021-02-17
139,초등학교,1학기,여러가지 원의 넓이를 구할 수 있어요,601223,1,관리자,2021-02-17
140,초등학교,1학기,6 학년-원의 넓이-이야기마당,601224,5,관리자,2021-02-17
141,초등학교,1학기,전개도를 이용하여 직육면체의 겉넓이를 구할 수 있어요,601225,2,관리자,2021-02-17
142,초등학교,1학기,직육면체의 부피를 비교할 수 있어요,601226,4,관리자,2021-02-18
143,초등학교,1학기,부피의 단위를 알 수 있어요(1),601227,3,관리자,2021-02-17
144,초등학교,1학기,직육면체의 부피를 구할 수 있어요,601228,3,관리자,2021-02-18
145,초등학교,1학기,부피의 단위를 알 수 있어요(2),601229,3,관리자,2021-02-17
146,초등학교,1학기,6 학년-직육면체의 겉넓이와 부피-이야기마당,601230,4,관리자,2021-02-17
147,초등학교,1학기,비율과 기준량으로 비교하는 양을 구할 수 있어요,601231,4,관리자,2021-02-17
148,초등학교,1학기,단원개관 인터뷰 6학년 2학기 3단원,602121,13,관리자,2021-02-17
149,초등학교,1학기,단원개관인터뷰 6학년 2학기 4단원,602122,4,관리자,2021-02-17
150,초등학교,1학기,쌓기나무,602123,5,관리자,2021-02-17
151,초등학교,1학기,쌓기나무의 수를 구할 수 있어요(1),602124,8,관리자,2021-02-17
152,초등학교,1학기,쌓기나무의 수를 구할 수 있어요(2),602125,4,관리자,2021-02-17
153,초등학교,1학기,"위, 앞, 옆에서 본 모양을 그릴 수 있어요",602126,2,관리자,2021-02-17
154,초등학교,1학기,전체 모양을 알 수 있어요,602127,1,관리자,2021-02-17
155,초등학교,1학기,조건에 따라 모양을 만들 수 있어요,602128,1,관리자,2021-02-17
156,초등학교,1학기,6 학년-쌓기나무-여러가지 모양을 만들 수 있어요,602129,1,관리자,2021-02-17
157,초등학교,1학기,6 학년-쌓기나무-이야기마당,602130,3,관리자,2021-02-17
158,초등학교,1학기,비례식과 비례배분,602131,2,관리자,2021-02-17
159,초등학교,1학기,비례식을 알 수 있어요,602132,2,관리자,2021-02-18
160,초등학교,1학기,비의 성질을 알 수 있어요,602133,5,관리자,2021-02-17
161,초등학교,1학기,간단한 자연수의 비로 나타낼 수 있어요,602134,9,관리자,2021-02-17
162,초등학교,1학기,비례식의 성질을 알 수 있어요,602135,11,관리자,2021-02-17
163,초등학교,1학기,비례식을 이용하여 문제를 해결 할 수 있어요,602136,16,관리자,2021-02-17
164,초등학교,1학기,비례배분을 알 수 있어요,602137,16,관리자,2021-02-17
165,초등학교,1학기,비례배분을 이용하여 문제를 해결할 수 있어요,602138,23,관리자,2021-02-17
166,초등학교,1학기,6 학년-비례식과 비례배분-이야기마당,602139,81,관리자,2021-02-17
167,초등학교,1학기,1학년 1학기 1단원 9까지의 수(1),101094,31,관리자,2021-03-30
168,초등학교,1학기,1학년 1학기 1단원 9까지의 수(2),101095,23,관리자,2021-03-03
169,초등학교,1학기,1학년 1학기 1단원 9까지의 수(3),101096,17,관리자,2021-03-02
170,초등학교,1학기,1학년 1학기 1단원 9까지의 수(통합놀이),101097,25,관리자,2021-03-01
171,초등학교,1학기,1학년 1학기 2단원 여러 가지 모양(1),101098,12,관리자,2021-03-30
172,초등학교,1학기,1학년 1학기 2단원 여러 가지 모양(2),101099,10,관리자,2021-03-03
173,초등학교,1학기,1학년 1학기 2단원 여러 가지 모양(3),101100,15,관리자,2021-03-01
174,초등학교,1학기,1학년 1학기 3단원 덧셈과 뺄셈(1),101101,17,관리자,2021-03-30
175,초등학교,1학기,1학년 1학기 3단원 덧셈과 뺄셈(2),101102,7,관리자,2021-03-03
176,초등학교,1학기,1학년 1학기 3단원 덧셈과 뺄셈(3),101103,9,관리자,2021-03-01
177,초등학교,1학기,1학년 1학기 4단원 비교하기(1),101104,72,관리자,2021-04-01
178,초등학교,1학기,1학년 1학기 4단원 비교하기(2),101105,34,관리자,2021-03-31
179,초등학교,1학기,1학년 1학기 4단원 비교하기(3),101106,6,관리자,2021-03-30
180,초등학교,1학기,1학년 1학기 5단원 50까지의 수(1),101107,86,관리자,2021-04-02
181,초등학교,1학기,1학년 1학기 5단원 50까지의 수(2),101108,71,관리자,2021-04-01
182,초등학교,1학기,1학년 1학기 5단원 50까지의 수(3),101109,48,관리자,2021-03-31
183,초등학교,1학기,1학년 1학기 5단원 50까지의 수(4) 통합놀이,101110,11,관리자,2021-03-30
184,초등학교,1학기,1학년 2학기 1단원(100까지 콩콩콩),102115,11,관리자,2021-03-30
185,초등학교,1학기,1학년 2학기 1단원(클까 작을까),102116,6,관리자,2021-03-30
186,초등학교,1학기,1학년 2학기 2단원(더하고! 빼고! 놀이하고! 수학하고!),102117,9,관리자,2021-03-30
187,초등학교,1학기,1학년 2학기 2단원(덧셈 뺄셈 스피드 놀이),102118,7,관리자,2021-03-30
188,초등학교,1학기,"통합단원(덧셈, 뺄셈 도형 카드 놀이)",102127,10,관리자,2021-03-01
189,초등학교,1학기,1학년 2학기 3단원(모양보고 터치!터치!),102119,5,관리자,2021-03-30
190,초등학교,1학기,1학년 2학기 3단원(색색깔깔 모양 놀이),102120,9,관리자,2021-03-30
191,초등학교,1학기,1학년 2학기 4단원(세 줄 덧셈 놀이),102121,12,관리자,2021-03-30
192,초등학교,1학기,1학년 2학기 4단원(수 카드 팔아요),102122,11,관리자,2021-03-30
193,초등학교,1학기,1학년 2학기 5단원(돌고 돌아 시계를 찾아요),102123,6,관리자,2021-03-30
194,초등학교,1학기,1학년 2학기 5단원(수의 규칙을 찾아서 앞으로! 앞으로!),102124,8,관리자,2021-03-25
195,초등학교,1학기,1학년 2학기 6단원(덧셈 땅따먹기),102125,4,관리자,2021-03-30
196,초등학교,1학기,1학년 2학기 6단원(알맞은 수를 잡아라!),102126,4,관리자,2021-03-30
197,초등학교,2학기,2학년 1학기 1단원 세 자리 수(1),201119,7,관리자,2021-03-30
198,초등학교,2학기,2학년 1학기 1단원 세 자리 수(2),201120,7,관리자,2021-03-30
199,초등학교,2학기,2학년 1학기 1단원 세 자리 수(3),201121,5,관리자,2021-03-30
200,초등학교,2학기,2학년 1학기 2단원 여러 가지 도형(1),201122,4,관리자,2021-03-30
201,초등학교,2학기,2학년 1학기 2단원 여러 가지 도형(2),201123,5,관리자,2021-03-30
202,초등학교,2학기,2학년 1학기 2단원 여러 가지 도형(3),201124,4,관리자,2021-03-30
203,초등학교,2학기,2학년 1학기 3단원 덧셈과 뺄셈(1),201125,8,관리자,2021-03-30
204,초등학교,2학기,2학년 1학기 3단원 덧셈과 뺄셈(3),201127,8,관리자,2021-03-30
205,초등학교,2학기,2학년 1학기 3단원 덧셈과 뺄셈(2),201126,10,관리자,2021-03-30
206,초등학교,2학기,2학년 1학기 4단원 길이 재기(1),201128,15,관리자,2021-03-30
207,초등학교,2학기,2학년 1학기 4단원 길이 재기(2),201129,8,관리자,2021-03-30
208,초등학교,2학기,2학년 1학기 4단원 길이 재기(3),201130,5,관리자,2021-03-30
209,초등학교,2학기,2학년 1학기 5단원 분류하기(1),201131,7,관리자,2021-03-30
210,초등학교,2학기,2학년 1학기 5단원 분류하기(2),201132,8,관리자,2021-03-30
211,초등학교,2학기,2학년 1학기 5단원 분류하기(3),201133,5,관리자,2021-03-30
212,초등학교,2학기,2학년 1학기 6단원 곱셈(1),201134,9,관리자,2021-03-30
213,초등학교,2학기,2학년 1학기 6단원 곱셈(2),201135,7,관리자,2021-03-30
214,초등학교,2학기,2학년 1학기 6단원 곱셈(3),201136,9,관리자,2021-03-30
215,초등학교,2학기,2학년 1학기 6단원 곱셈(4) 통합놀이,201137,17,관리자,2021-03-30
216,초등학교,2학기,2학년 1학기 6단원 곱셈(5) 통합놀이,201138,10,관리자,2021-03-30
217,초등학교,2학기,2학년 2학기 1단원(강을 건너요),202116,8,관리자,2021-03-30
218,초등학교,2학기,2학년 2학기 1단원(큰 수 배달하기),202117,6,관리자,2021-03-30
219,초등학교,2학기,2학년 2학기 2단원(곱셈구구 땅따먹기),202118,6,관리자,2021-03-30
220,초등학교,2학기,2학년 2학기 2단원(친구와 곱셈식 만들기),202119,5,관리자,2021-03-30
221,초등학교,2학기,2학년 2학기 3단원(길이에 맞게 던져라),202120,6,관리자,2021-03-30
222,초등학교,2학기,2학년 2학기 3단원(짝을 찾아라!),202121,7,관리자,2021-03-30
223,초등학교,2학기,2학년 2학기 4단원(X-맨을 찾아라!),202122,5,관리자,2021-03-30
224,초등학교,2학기,2학년 2학기 4단원(시간 여행을 떠나요),202123,8,관리자,2021-03-30
225,초등학교,2학기,통합단원(시계 놀이),202128,6,관리자,2021-03-30
226,초등학교,2학기,2학년 2학기 5단원(공깃돌 한 주먹),202124,8,관리자,2021-03-30
227,초등학교,2학기,2학년 2학기 5단원(사고 팔아요),202125,5,관리자,2021-03-30
228,초등학교,2학기,2학년 2학기 6단원(돌려 돌려 젠탱글),202126,10,관리자,2021-03-30
229,초등학교,2학기,2학년 2학기 6단원(숨은 숫자 찾기),202127,44,관리자,2021-03-30
