﻿,0,1,2,3,4,5
0,정렬번호,제목,파일,작성자,등록일,조회
1,1,[찾아가세요]지갑 찾아가세요.,https://www.gcyc.go.kr/board/board.php?task=view&db=loss&no=2&page=1&search=&searchKey=&category=111&pageID=ID12762220361,gcyc,2010-06-28,2996
2,2,[찾아가세요]옷 찾아가세요.,https://www.gcyc.go.kr/board/board.php?task=view&db=loss&no=3&page=1&search=&searchKey=&category=111&pageID=ID12762220361,gcyc,2010-06-28,3538
3,3,[찾아가세요]가방찾아가세요,https://www.gcyc.go.kr/board/board.php?task=view&db=loss&no=4&page=1&search=&searchKey=&category=111&pageID=ID12762220361,gcyc,2010-06-28,2989
4,4,[찾아가세요]파란색 가방찾아가세요,https://www.gcyc.go.kr/board/board.php?task=view&db=loss&no=5&page=1&search=&searchKey=&category=111&pageID=ID12762220361,gcyc,2010-06-28,5660
5,5,[찾아가세요]신발주머니 찾아가세요.,https://www.gcyc.go.kr/board/board.php?task=view&db=loss&no=6&page=1&search=&searchKey=&category=111&pageID=ID12762220361,gcyc,2010-06-28,3133
6,6,[찾아가세요]우산찾아가세요.,https://www.gcyc.go.kr/board/board.php?task=view&db=loss&no=7&page=1&search=&searchKey=&category=111&pageID=ID12762220361,gcyc,2010-06-28,3147
7,7,[찾아가세요]오카리나 찾아가세요,https://www.gcyc.go.kr/board/board.php?task=view&db=loss&no=8&page=1&search=&searchKey=&category=111&pageID=ID12762220361,gcyc,2010-06-28,3039
8,8,[찾아가세요]지갑찾아가세요.,https://www.gcyc.go.kr/board/board.php?task=view&db=loss&no=9&page=1&search=&searchKey=&category=111&pageID=ID12762220361,gcyc,2010-06-28,2993
9,9,[찾아가세요]수영가방 찾아가세요,https://www.gcyc.go.kr/board/board.php?task=view&db=loss&no=10&page=1&search=&searchKey=&category=111&pageID=ID12762220361,gcyc,2010-06-28,3257
