﻿,0,1,2,3,4,5
0,카테고리,일시,장소,대상,내용,담당자 연락처
1,우리가족 피크닉 챌린지 2탄,5월중,개별자택,청소년포함 30가족,가족이 함께하는 온라인 문화예술 e-book 챌린지,02-2150-3921
2,우리민족 나라사랑,3월중,개별자택,초등4학년~6학년,"3.1 만세운동이 일어난 이유, 대한민국임시정부수립 바로알기 등",02-2150-3921
3,국경일바로알기,10월중,개별자택,초등4학년~중등3학년,세종대왕의 위대함과 한글 제작과정 알아보기,02-2150-3921
4,공동역사구역,5월중,수련관,초등4학년~6학년,"동학놈민운동, 5.18 광주민주화운동 등",02-2150-3931
5,내 안에 끌리더,6월,수련관,초등4학년~6학년,"인물리더십, MBTI리더십, 요리 리더십",02-2150-3931
6,나눔의 겨울,,수련관,중고등청소년,"자원봉사 소양교육, 재활용 매트 만들기 등",02-2150-3931
7,슬기로운 명절 생활,9월,개별자택,초등4학년~6학년,"명절 유래, 예절, 명절체험 등",02-2150-3931
8,정글의 법칙,3월중,수련관,초등4학년~6학년,청소년안전체험 활동,02-2150-3931
9,MSG,7월~12월,개별자택,초중고등청소년,청소년미디어체험활동,02-2150-3931
10,창의적 체험활동,3월~12월,각 학교,중고등청소년,동아리 활동을 중심으로 인성과 감성이 가미된 창의적 체험 활동,02-2150-3933
