﻿,0,1,2,3
0,연번,제목,내용,등록일자
1,1,면역,면역,2020-04-13
2,2,생물 다양성,생물 다양성,2020-04-13
3,3,순환,순환,2020-04-13
4,4,유전과 진화,유전과 진화,2020-04-13
5,5,생명공학기술,생명공학기술,2020-04-13
6,6,광합성,광합성,2020-04-13
7,7,소화,소화,2020-04-13
8,8,호흡,호흡,2020-04-13
9,9,생식,생식,2020-04-13
10,10,신경계,신경계,2020-04-13
11,11,질병,질병,2020-04-13
12,12,증산작용,증산작용,2020-04-13
13,13,곤충,곤충,2020-04-13
14,14,눈의 구조와 기능,눈의 구조와 기능,2020-04-13
15,15,식물의 구조와 기능,식물의 구조와 기능,2020-04-13
16,16,우리 몸의 구조와 기능,우리 몸의 구조와 기능,2020-04-13
17,17,DNA,DNA,2020-04-13
18,18,가정 화재 대처 및 예방,가정 화재 대처 및 예방,2020-04-13
19,19,식물의 생활,식물의 생활,2020-04-13
20,20,동물의 생활,동물의 생활,2020-04-13
21,21,무서운 그림자 치매 혈액검사 만으로 예측이 가능하다 - 치매예방,무서운 그림자 치매 혈액검사 만으로 예측이 가능하다 - 치매예방,2020-04-13
22,22,균이라고 다 나쁜 것이 아니다 우리 몸을 건강하게 해주는 균 - 선천성면역,균이라고 다 나쁜 것이 아니다 우리 몸을 건강하게 해주는 균 - 선천성면역,2020-04-13
23,23,인체의 비밀을 가지고 있는 세포를 조사한다 - 세포지도,인체의 비밀을 가지고 있는 세포를 조사한다 - 세포지도,2020-04-13
24,24,가위가 생명과학의 혁명 -크리스퍼,가위가 생명과학의 혁명 -크리스퍼,2020-04-13
25,25,새로운 출산의 시대 - 인공자궁,새로운 출산의 시대 - 인공자궁,2020-04-13
26,26,마비 환자들을 위한 혁신적인 기술 - 마비해방,마비 환자들을 위한 혁신적인 기술 - 마비해방,2020-04-13
27,27,삶과 죽음의 경계를 허무는 기술의 발전 - 인체냉동보존기술,삶과 죽음의 경계를 허무는 기술의 발전 - 인체냉동보존기술,2020-04-13
28,28,아무도 모르게 다가오는 치매 혈액만으로 피할 수 있다 - 치매예방,아무도 모르게 다가오는 치매 혈액만으로 피할 수 있다 - 치매예방,2020-04-13
29,29,내 몸을 건강하게 해주는 균이 있다 - 선천성 면역,내 몸을 건강하게 해주는 균이 있다 - 선천성 면역,2020-04-13
30,30,세포를 알면 내 몸을 알 수 있다 - 세포지도,세포를 알면 내 몸을 알 수 있다 - 세포지도,2020-04-13
31,31,유전자를 잘라 병을 치료하는 방법 - 크리스퍼 유전자 가위,유전자를 잘라 병을 치료하는 방법 - 크리스퍼 유전자 가위,2020-04-13
32,32,염색체가 46개가 아닌 사람들,염색체가 46개가 아닌 사람들,2020-08-27
33,33,내 심장을 가진 돼지,내 심장을 가진 돼지,2020-08-27
34,34,바이러스 대처법(바이러스 대처법 시리즈7),바이러스 대처법(바이러스 대처법 시리즈7),2020-08-27
35,35,세포와 바이러스는 어떻게 우리를 아프게 하는가(바이러스 대처법 시리즈6),세포와 바이러스는 어떻게 우리를 아프게 하는가(바이러스 대처법 시리즈6),2020-08-27
36,36,세균과 바이러스의 차이(바이러스 대처법 시리즈 5),세균과 바이러스의 차이(바이러스 대처법 시리즈 5),2020-08-27
37,37,세포의 중요 기관들과 세포의 구분(바이러스 대처법 시리즈4),세포의 중요 기관들과 세포의 구분(바이러스 대처법 시리즈4),2020-08-27
38,38,세포란 무엇일까(바이러스 대처법 시리즈3),세포란 무엇일까(바이러스 대처법 시리즈3),2020-08-27
39,39,생물이란 무엇일까(바이러스 대처법 시리즈2),생물이란 무엇일까(바이러스 대처법 시리즈2),2020-08-27
40,40,과학이란 무엇일까(바이러스 대처법 시리즈1),과학이란 무엇일까(바이러스 대처법 시리즈1),2020-08-27
41,41,미래의 식탁은 어떻게 바뀔까,미래의 식탁은 어떻게 바뀔까,2020-08-27
42,42,치킨의 맛,치킨의 맛,2020-08-28
43,43,조미료와 향신료,조미료와 향신료,2020-08-28
44,44,메뚜기는 어디로 숨을 쉴까요,메뚜기는 어디로 숨을 쉴까요,2020-08-28
45,45,꺼억-꼬르륵-뿡,"초등학교 과학 5,6학년 교육과정에 나오는 소화 순환 호흡 배설 기관의 종류 위치 생김새 기능을 설명할 수 있다.와 연계하여 사용하실 수 있습니다. 우리 몸에서 나오는 공기 소리 즉 입에서는 꺼억 뱃속에는 꼬르륵 항문에는 뿡 소리를 과학적으로 재미있게 풀어 준 인포그래픽 콘텐츠입니다.",2021-03-25
46,46,같은 종 다른 종,"중고등학교 과학 11,12학년 교육과정에 나오는 생물 다양성의 의미와 중요성을 이해하고 생물다양성 보전 방안을 토의할 수 있다.와 연계하여 사용하실 수 있습니다. 생물들이 유전적 다양성에 따라 형질 차이를 갖는 것을 이해하기 위한 웹툰으로서 종과 관련하여 바닷속 숲속 등의 생물과 사람의 눈색깔을 통해 알아보는 콘텐츠입니다.",2021-03-25
47,47,생물과 무생물의 차이,"중고등학교 과학 11,12학년 교육과정에 나오는 생물의 특성을 이해하고 생물과 비생물의 차이점을 설명할 수 있다.와 연계하여 사용하실 수 있습니다. 생물과 무생물은 무엇을 기준으로 나눌 수 있는지 알아보는 카드뉴스 콘텐츠입니다.",2021-03-25
48,48,생물 다양성은 무엇인가,"중고등학교 과학 11,12학년 교육과정에 나오는 생물 다양성의 의미와 중요성을 이해하고 생물 다양성 보전 방안을 토의할 수 있다.와 연계하여 사용하실 수 있습니다. 유전적 다양성 종 다양성 생태계 다양성에 따른 생물 다양성의 사례를 살펴보고 이해하는 카드뉴스 콘텐츠입니다.",2021-03-25
