﻿,0,1,2,3
0,년도,월,일,제목
1,2005,10,28,공사 착공 및 준공
2,2007,11,24,"청소년운영위원회""그루터기"" 구성"
3,2007,11,5,제1대 박종화 관장 부임
4,2007,12,29,"청소년동아리연합회 ""나우리""구성"
5,2007,12,10,제2대 김기곤 관장 부임
6,2007,12,1,청소년수련관 개관(개관식 12.7)
7,2008,2,28,청소년방과후아카데미 인증(토리아리 아카데미)
8,2008,2,12,청소년자원봉사터전 인증(경기도청소년활동진흥센터)
9,2008,3,29,청소년 자원봉사단 구성
10,2008,11,11,제3대 신양선 관장 부임
11,2008,12,1,관학협약체결(경기대학교 청소년학과)
12,2009,3,21,"청소년기자단""낭랑""구성"
13,2010,6,29,관학협약 체결(명지전문대학 청소년교육복지과)
14,2010,7,2,제4대 홍만기 관장 부임
15,2012,1,2,청소년 전용시간제 시행
16,2012,4,21,청소년수련관↔경기도 청소년활동진흥센터 협약 체결)
17,2012,8,17,제5대 박승원 교육청소년과장 부임
18,2012,9,6,청소년수련관↔과천소방서 업무협약 체결
19,2012,11,25,제1회 대한민국 평생학습 박람회 장려상 수상(전시부스분야)
20,2013,2,19,2012년도 청소년수련시설 종합평가 최우수 운영기관 선정(여성가족부 주관)
21,2013,12,31,"2013년도 시군 영성가족정책평가 경기도""우수상"" 수상"
22,2014,7,1,제6대 홍광표 교육청소년과장 부임
23,2014,11,15,"경기도 청소년자원봉사대회 동아리부문""경기도지사 표창"""
24,2014,12,19,"2014년 지자체 청소년정책 우수기관""대통령 표창"""
25,2015,4,1,제7대 김남일 교육청소년과장 부임
26,2015,12,18,2015 전국청소년수련시설 종합평가 결과 우수기관 선정
27,2016,7,4,제8대 김계균 교육청소년과장 부임
28,2016,8,8,"과천시청소년운영위원회""그루터기"" - 최우수 여성가족부장관상 수상"
29,2017,1,2,제9대 김애심 교육청소년과장 부임
30,2017,12,14,2017 전국청소년수련시설 종합평가 결과 우수기관 선정
31,2018,3,9,"대학생서포터즈""봄"" 구성"
32,2018,9,3,제20회 전국중고생자원봉사대회 은상 수상
33,2018,11,10,제21회 경기도청소년자원봉사대회 최우수 여성가족부장관상 수상
34,2019,2,24,"청소년문화공감단""루트""구성"
35,2020,1,2,2019 전국청소년수련시설 종합평가 결과 우수기관 선정 제10대 이수자 교육청소년과장 부임
