﻿,0,1,2,3
0,연번,제목,내용,등록일자
1,1,태양계,중력,2020-04-13
2,2,천체관측,천체관측,2020-04-13
3,3,외계행성,외계행성,2020-04-13
4,4,지진,지진,2020-04-13
5,5,대륙의 이동,대륙의 이동,2020-04-13
6,6,날씨,날씨,2020-04-13
7,7,역법,역법,2020-04-13
8,8,달,달,2020-04-13
9,9,해류,해양,2020-04-13
10,10,화산과 지진,화산과 지진,2020-04-13
11,11,지층과 화석,지층과 화석,2020-04-13
12,12,지구의 자전과 공전,지구의 자전과 공전,2020-04-13
13,13,태양계와 별,태양계와 별,2020-04-13
14,14,지표의 변화,지표의 변화,2020-04-13
15,15,지구 저편의 미지의 세계를 향해 - 태양계 탐사,지구 저편의 미지의 세계를 향해 - 태양계 탐사,2020-04-13
16,16,가깝고도 먼 화성의 속을 파헤친다 - 화성탐사선 인사이트,가깝고도 먼 화성의 속을 파헤친다 - 화성탐사선 인사이트,2020-04-13
17,17,광활한 우주로의 여행 - 태양계 탐사,광활한 우주로의 여행 - 태양계 탐사,2020-04-13
18,18,가깝지만 비밀스러운 화성에 노크를 하다 - 화성탐사선 인사이트,가깝지만 비밀스러운 화성에 노크를 하다 - 화성탐사선 인사이트,2020-04-13
19,19,더 이상 우리나라는 지진 안전국이 아니다 - 지진,더 이상 우리나라는 지진 안전국이 아니다 - 지진,2020-04-13
20,20,미세먼지 도대체 뭔지,미세먼지 도대체 뭔지,2020-04-13
21,21,동물 사람 모두가 감염될 수 있는 무서운 바이러스 - 조류인플루엔자,동물 사람 모두가 감염될 수 있는 무서운 바이러스 - 조류인플루엔자,2020-04-13
22,22,우리나라의 위성 개발사,우리나라의 위성 개발사,2020-08-27
23,23,우리나라 우주발사체 개발사,우리나라 우주발사체 개발사,2020-08-27
24,24,우주망원경 VS 지상망원경,우주망원경 VS 지상망원경,2020-08-27
25,25,세상에서 가장 빠른 것은 무엇일까요,세상에서 가장 빠른 것은 무엇일까요,2020-08-28
26,26,나도 금을 캘 수 있다,나도 금을 캘 수 있다,2020-08-28
27,27,러버덕,러버덕,2020-08-28
28,28,생명가능지대,생명가능지대,2020-08-28
29,29,온실가스를 줄이기 위한 인류의 노력,온실가스를 줄이기 위한 인류의 노력,2021-02-09
30,30,지구 온난화,지구 온난화,2021-02-09
31,31,지구 온난화,지구 온난화,2021-02-09
32,32,기후변화에 적응하는 생물들,기후변화에 적응하는 생물들,2021-02-09
33,33,온실가스를 줄이기 위한 인류의 노력,중고등학교 과학 9 10학년 교육과정에 나오는 온실 효과와 지구 온난화를 복사 평형의 관점으로 설명할 수 있다.와 연계하여 사용하실 수 있습니다. 온실가스를 줄이기 위해 인류는 어떠한 노력 즉 어떠한 협정을 맺었는지 알아보는 인포그래픽 콘텐츠입니다.,2021-03-25
34,34,달을 닮은 선물,초등학교 과학 5 6학년 교육과정에 나오는 달의 모양과 위치가 주기적으로 바뀌는 것을 관찰할 수 있다.와 연계하여 사용하실 수 있습니다. 달의 모양이 시간에 따라 변한다는 것을 알아보는 웹툰으로서 전래 동화의 형식을 빌어 시간에 따라 달의 모양이 변하는 모습을 쉽고 재미있게 표현한 콘텐츠입니다.,2021-03-25
35,35,지구와 우주 시스템,중고등학교 과학 11 12학년 교육과정에 나오는 지구 시스템은 태양계라는 시스템의 구성 요소이면서 그 자체로 수많은 생명체를 포함하는 시스템임을 추론하고 지구 시스템을 구성하는 하위 요소를 분석할 수 있다.와 연계하여 사용하실 수 있습니다. 지구 시스템의 하위 요소들을 알아보고 그 외 확장된 요소들을 알아보는 카드뉴스 콘텐츠입니다.,2021-03-25
36,36,지구 온난화에 의한 자연재해,중고등학교 과학 11 12학년 교육과정에 나오는 기후 변화의 원인을 자연적 요인과 인위적 요인으로 구분하여 설명하고 인간 활동에 의한 기후 변화의 환경적 사회적 및 경제적 영향과 기후 변화 문제를 과학적으로 해결하는 방법에 대해 토의할 수 있다.와 연계하여 사용하실 수 있습니다. 지구 온난화에 의한 문제점을 인식하고 그 대처 방안을 설명할 수 있는 영상 콘텐츠입니다.,2021-03-25
37,37,지구 시스템의 상호 작용,중고등학교 과학 11 12학년 교육과정에 나오는 다양한 자연 현상이 지구 시스템 내부의 물질의 순환과 에너지의 흐름의 결과임을 기권과 수권의 상호 작용을 사례로 논증할 수 있다.와 연계하여 사용하실 수 있습니다. 지구 시스템의 하위 요소들 간의 상호 작용을 알아보는 영상 콘텐츠입니다.,2021-03-25
