﻿,0,1,2,3
0,번호,제목,내용,등록일자
1,1,주기율표 ,주기율표 ,2020-04-13
2,2,밀도,밀도,2020-04-13
3,3,상태변화,상태변화,2020-04-13
4,4,삼투압,삼투압,2020-04-13
5,5,반감기,반감기,2020-04-13
6,6,산화와 환원,산화와 환원,2020-04-13
7,7,보일 샤를의 법칙,보일 샤를의 법칙,2020-04-13
8,8,추출,추출,2020-04-13
9,9,산과 염기,산과 염기,2020-04-13
10,10,나노 기술,나노 기술,2020-04-13
11,11,극성과 무극성,극성과 무극성,2020-04-13
12,12,물의 상태변화,물의 상태변화,2020-04-13
13,13,폐기물을 통해 자동차를 움직이고 집의 난방을 한다 - 바이오에너지,폐기물을 통해 자동차를 움직이고 집의 난방을 한다 - 바이오에너지,2020-04-13
14,14,난방비 아끼니 환경보호되는 집 - 제로에너지하우스,난방비 아끼니 환경보호되는 집 - 제로에너지하우스,2020-04-13
15,15,기존의 태양전지는 잊어라 - 핫 태양전지,기존의 태양전지는 잊어라 - 핫 태양전지,2020-04-13
16,16,최고의 자원이 우리 땅 독도에 있다 - 하이드레이트,최고의 자원이 우리 땅 독도에 있다 - 하이드레이트,2020-04-13
17,17,환경보존의 주역 - 바이오 에너지,환경보존의 주역 - 바이오 에너지,2020-04-13
18,18,에너지를 생산하고 절약하는 집 - 제로에너지하우스,에너지를 생산하고 절약하는 집 - 제로에너지하우스,2020-04-13
19,19,태양에너지의 혁신을 보여준다. - 핫태양전지,태양에너지의 혁신을 보여준다. - 핫태양전지,2020-04-13
20,20,불이 붙는 얼음 - 하이드레이트,불이 붙는 얼음 - 하이드레이트,2020-04-13
21,21,육종과 GMO,육종과 GMO,2020-08-27
22,22,연필의 비밀(1),연필의 비밀(1),2020-08-27
23,23,연필의 비밀(2),연필의 비밀(2),2020-08-27
24,24,질소순환과 비료,질소순환과 비료,2020-08-27
25,25,입냄새의 원인,입냄새의 원인,2020-08-27
26,26,수면과 카페인,수면과 카페인,2020-08-27
27,27,물은 답을 알고있다,물은 답을 알고있다,2020-08-28
28,28,혼합물의 분리,"중고등학교 과학 9, 10학년 교육과정에 나오는 끓는점 차를 이용한 증류의 방법 밀도 차를 이용하여 고체 혼합물 또는 섞이지 않는 액체 혼합물을 분리하는 방법 재결정 크로마토그래피를 이용한 혼합물 분리 방법을 이해하여 우리 주변에서 사용되는 예를 찾아 설명할 수 있다.와 연계하여 사용하실 수 있습니다. 물질의 특성을 이용하여 혼합물을 어떻게 분리하는지 알아보는 인포그래픽 콘텐츠입니다.",2021-03-25
29,29,올바른 물질 분류의 기준과 활용,"중고등학교 과학 9, 10학년 교육과정에 나오는 우리 주변에서 볼 수 있는 여러 물질들을 순물질과 혼합물로 구별할 수 있다.와 연계하여 사용하실 수 있습니다. 순물질과 혼합물의 특성을 살펴보는 카드뉴스 콘텐츠입니다.",2021-03-25
30,30,유전병 너는,"중고등학교 과학 9, 10학년 교육과정에 나오는 사람의 유전 형질과 유전 연구 방법을 알고 사람의 유전 현상을 가계도를 이용하여 표현할 수 있다.와 연계하여 사용하실 수 있습니다. 유전을 통해 생기는 다양한 유전병을 알아보는 한편 유전병 극복을 위한 노력을 알아보는 카드뉴스 콘텐츠입니다.",2021-03-25
31,31,빨리빨리 녹아라,"초등학교 과학 5, 6학년 교육과정에 나오는 물질이 물에 녹는 현상을 관찰하고 용액을 설명할 수 있다.와 연계하여 사용하실 수 있습니다. 소금 설탕 미숫가루 베이킹파우더 등이 녹는 현상을 관찰하고 용질 용매 용액의 의미를 알 수 있도록 만든 영상 콘텐츠입니다.",2021-03-25
32,32,물질의 생성과 분해,"중고등학교 과학 11, 12학년 교육과정에 나오는 기후 변화의 원인을 자연적 요인과 인위적 요인으로 구분하여 설명하고 인간 활동에 의한 기후 변화의 환경적 사회적 및 경제적 영향과 기후 변화 문제를 과학적으로 해결하는 방법에 대해 토의할 수 있다.와 연계하여 사용하실 수 있습니다. 철의 제련 과정 물의 전기 분해 주기율표 등을 통해 화학 결합의 종류를 보여주는 영상 콘텐츠입니다.",2021-03-25
