﻿,0,1,2,3,4,5,6
0,교육과정대분류코드,교육과정명,교육시작일자,교육종료일자,기수,진행현황,기당인원
1,식품교육,식품이물관리 실무,2017-02-16,2017-02-16,1,교육완료,35
2,유통교육,농식품 대량수요처 경영인전문가과정,2017-02-21,2017-07-06,2,교육완료,35
3,유통교육,농식품 미래유통 혁신리더 과정,2017-02-21,2017-07-06,3,교육완료,35
4,유통교육,농산물 마케팅 경영인·전문가 과정,2017-02-21,2017-07-06,27,교육완료,35
5,유통교육,농산물 CEO MBA 과정,2017-02-21,2017-12-07,8,교육완료,35
6,식품교육,식품법규와 표시기준 핵심,2017-02-21,2017-02-21,1,교육완료,40
7,식품교육,식품클레임 대응기법,2017-02-23,2017-02-23,1,교육완료,40
8,유통교육,농산물 경매사 기본 역량 강화,2017-02-27,2017-02-28,1,교육완료,40
9,식품교육,식품품질관리(사이버),2017-03-01,2017-03-31,1,교육완료,0
10,식품교육,식품이물관리 실무(사이버),2017-03-01,2017-03-31,1,교육완료,0
11,식품교육,식품유통기한 설정시험,2017-03-07,2017-03-07,1,교육완료,25
12,식품교육,식품기업 원가관리와 계산 실무,2017-03-09,2017-03-10,1,교육완료,30
13,유통교육,농산물 유통의 이해,2017-03-13,2017-03-14,1,교육완료,30
14,식품교육,위해요소분석 및 HACCP 현장설계,2017-03-14,2017-03-15,1,교육완료,35
15,유통교육,농업법인 인사 · 회계 관리 실무향상,2017-03-16,2017-03-17,1,교육완료,25
16,유통교육,농산물 마케팅 실무 향상,2017-03-20,2017-03-23,1,교육완료,30
17,유통교육,도매시장 개설자 역량강화,2017-03-20,2017-03-22,1,교육완료,25
18,식품교육,식품기업의 블랙컨슈머 대응전략,2017-03-21,2017-03-21,1,교육완료,30
19,식품교육,식품기업 상품가격 결정 및 운영실전,2017-03-23,2017-03-24,1,교육완료,25
20,유통교육,산지조직화 실무 향상,2017-03-27,2017-03-28,1,교육완료,30
21,식품교육,농식품 포장디자인 및 포장재 개발,2017-03-28,2017-03-29,1,교육완료,25
22,유통교육,산지유통인 경영역량 강화 ,2017-03-30,2017-03-31,1,교육완료,30
23,식품교육,식품이물관리 실무(사이버),2017-04-01,2017-04-30,2,교육완료,0
24,식품교육,식품품질관리(사이버),2017-04-01,2017-04-30,2,교육완료,0
25,유통교육,도매시장법인 신임 임직원 역량강화,2017-04-03,2017-04-05,1,교육완료,25
26,유통교육,농산물 영업 실무 향상,2017-04-03,2017-04-05,1,교육완료,30
27,식품교육,식품기업 생산원가 절감,2017-04-04,2017-04-04,1,교육완료,30
28,식품교육,식품·외식기업의 세무 실무,2017-04-06,2017-04-07,1,교육완료,25
29,유통교육,할랄 수출 · 유통 전문가,2017-04-07,2017-05-26,1,교육완료,60
30,유통교육,홈쇼핑 활용 및 진출 전략 ,2017-04-10,2017-04-11,1,교육완료,25
31,식품교육,식품 공전과 표시기준 적용실무(종합),2017-04-11,2017-04-12,1,교육완료,35
32,유통교육,산지조직 통합마케팅 전략수립,2017-04-12,2017-04-14,1,교육완료,30
33,식품교육,식품이물관리 실무,2017-04-14,2017-04-14,2,교육완료,35
34,식품교육,식품클레임 대응기법,2017-04-18,2017-04-18,2,교육완료,40
35,유통교육,로컬푸드 판매 활성화 전략,2017-04-18,2017-04-19,1,교육완료,25
36,유통교육,농식품 수출전문가 ,2017-04-19,2017-05-31,1,교육완료,20
37,식품교육,식품기업의 영업관리,2017-04-20,2017-04-21,1,교육완료,25
38,식품교육,식품품질관리,2017-04-26,2017-04-28,1,교육완료,30
39,식품교육,식품품질관리(사이버),2017-05-01,2017-05-31,3,교육완료,0
40,식품교육,식품이물관리 실무(사이버),2017-05-01,2017-05-31,3,교육완료,0
41,유통교육,직거래 벤치마킹 (국내),2017-05-10,2017-05-12,1,교육완료,35
42,유통교육,농산물 경매사 기본 역량 강화,2017-05-11,2017-05-12,2,교육완료,40
43,식품교육,소규모업체를 위한 HACCP,2017-05-11,2017-05-12,1,교육완료,35
44,유통교육,국제곡물 전문가 양성,2017-05-15,2017-05-17,1,교육완료,20
45,식품교육,식품 5S 및 세척·살균,2017-05-16,2017-05-16,1,교육완료,35
46,유통교육,직거래장터 운영 활성화,2017-05-17,2017-05-19,1,교육완료,20
47,식품교육,SNS/블로그 활용 농식품마케팅,2017-05-18,2017-05-19,1,교육완료,25
48,식품교육,식품법규와 표시기준 핵심,2017-05-23,2017-05-23,2,교육완료,40
49,유통교육,직거래 벤치마킹 (해외),2017-05-23,2017-05-26,1,교육완료,20
50,유통교육,농산물 상품성 향상 실무,2017-05-24,2017-05-26,1,교육완료,30
51,식품교육,식품·외식기업 서비스 메뉴얼 작성 실무,2017-05-25,2017-05-26,1,교육완료,25
52,유통교육,대형유통업체 입점 성공전략  ,2017-05-29,2017-05-30,1,교육완료,25
53,식품교육,식품기업 현장개선 아이디어 발상법,2017-05-30,2017-05-30,1,교육완료,25
54,식품교육,식품품질관리(사이버),2017-06-01,2017-06-30,4,교육완료,0
55,식품교육,식품 특허·상표권 관리,2017-06-01,2017-06-01,1,교육완료,25
56,유통교육,농식품 유통 우수기업 벤치마킹 과정,2017-06-01,2017-06-02,1,교육완료,30
57,식품교육,식품이물관리 실무(사이버),2017-06-01,2017-06-30,4,교육완료,0
58,유통교육, APC 운영 실무 과정,2017-06-07,2017-06-09,1,교육완료,20
59,식품교육,식품기업 원가관리와 계산 실무,2017-06-08,2017-06-09,2,교육완료,30
60,유통교육,경매사 출하주 관리 역량강화,2017-06-12,2017-06-13,1,교육완료,40
61,유통교육,로컬푸드 농식품 가공 및 관련법 이해,2017-06-13,2017-06-14,1,교육완료,25
62,식품교육,중소식품기업 마케팅전략 수립과 상품개발,2017-06-14,2017-06-16,1,교육완료,25
63,식품교육,가공식품 중국수출전략,2017-06-15,2017-06-16,1,교육완료,30
64,유통교육,경매사 중도매인 관리 역량강화,2017-06-19,2017-06-20,1,교육완료,40
65,식품교육,식품클레임 대응기법,2017-06-20,2017-06-20,3,교육완료,40
66,식품교육,위해요소분석 및 HACCP 현장설계,2017-06-22,2017-06-23,2,교육완료,35
67,유통교육,농업법인 인사 · 회계 관리 실무향상,2017-06-26,2017-06-27,2,교육완료,25
68,식품교육,식품·외식기업의 내손으로 만드는 스토리텔링,2017-06-27,2017-06-28,1,교육완료,25
69,식품교육,식품품질관리(사이버),2017-07-01,2017-07-31,5,교육완료,0
70,식품교육,식품이물관리 실무(사이버),2017-07-01,2017-07-31,5,교육완료,0
71,유통교육,농산물 온라인 직거래 플랫폼 활용,2017-07-03,2017-07-05,1,교육완료,30
72,식품교육, 식품·외식기업의 브랜드 마케팅 성공전략,2017-07-04,2017-07-05,1,교육완료,30
73,식품교육,식품이물관리 실무,2017-07-07,2017-07-07,3,교육완료,35
74,유통교육,농산물 마케팅 실무 향상,2017-07-10,2017-07-13,2,교육완료,30
75,유통교육,(대학생) 직거래 창업 ,2017-07-11,2017-08-17,1,교육완료,20
76,식품교육,쌀 가공품 개발 및 마케팅 전략,2017-07-11,2017-07-11,1,교육완료,25
77,식품교육,할랄식품 수출전략,2017-07-13,2017-07-14,1,교육완료,30
78,식품교육,식품유통기한 설정시험,2017-07-18,2017-07-18,2,교육완료,25
79,식품교육,고객만족경영 시스템 구축,2017-07-20,2017-07-21,1,교육완료,25
80,유통교육, 농산물 마케팅 경영인·전문가 과정,2017-07-25,2017-12-07,28,교육완료,35
81,유통교육,농식품 대량수요처 경영인전문가과정,2017-07-25,2017-12-07,3,교육완료,35
82,유통교육,농식품 미래유통 혁신리더 과정,2017-07-25,2017-12-07,4,교육완료,35
83,식품교육,식품이물관리 실무(사이버),2017-08-01,2017-08-31,6,교육완료,0
84,식품교육,식품품질관리(사이버),2017-08-01,2017-08-31,6,교육완료,0
85,식품교육,식품법규와 표시기준 핵심,2017-08-08,2017-08-08,3,교육완료,40
86,식품교육,소규모업체를 위한 HACCP,2017-08-10,2017-08-11,2,교육완료,35
87,식품교육,식품기업의 블랙컨슈머 대응전략,2017-08-17,2017-08-17,2,교육완료,30
88,식품교육,식품클레임 대응기법,2017-08-22,2017-08-22,4,교육완료,40
89,식품교육,농식품 포장디자인 및 포장재 개발,2017-08-24,2017-08-25,2,교육완료,25
90,식품교육,식품기업의 영업관리,2017-08-24,2017-08-25,2,교육완료,25
91,식품교육,식품 5S 및 세척·살균,2017-08-29,2017-08-29,2,교육완료,35
92,식품교육,식품품질관리(사이버),2017-09-01,2017-09-30,7,교육완료,0
93,식품교육,식품이물관리 실무(사이버),2017-09-01,2017-09-30,7,교육완료,0
94,유통교육,산지조직화 실무 향상,2017-09-04,2017-09-05,2,교육완료,30
95,식품교육,식품이물관리 실무,2017-09-05,2017-09-05,4,교육완료,35
96,유통교육,홈쇼핑 활용 및 진출 전략 ,2017-09-06,2017-09-07,2,교육완료,25
97,식품교육,식품기업 원가관리와 계산 실무,2017-09-07,2017-09-08,3,교육완료,30
98,유통교육,춘란 유통관리,2017-09-07,2017-09-28,1,교육완료,25
99,식품교육,식품기업 생산원가 절감,2017-09-12,2017-09-12,2,교육완료,30
100,식품교육,식품기업 상품가격 결정 및 운영실전,2017-09-14,2017-09-15,2,교육완료,25
101,식품교육,식품 공전과 표시기준 적용실무(종합),2017-09-19,2017-09-20,2,교육완료,35
102,식품교육,식품이물관리 실무(사이버),2017-10-01,2017-10-31,8,교육완료,0
103,식품교육,식품품질관리(사이버),2017-10-01,2017-10-31,8,교육완료,0
104,유통교육,농식품 창업,2017-10-11,2017-11-10,1,교육완료,50
105,식품교육,식품기업 현장개선 아이디어 발상법,2017-10-12,2017-10-12,2,교육완료,25
106,유통교육,농식품 수출무역 실무,2017-10-16,2017-10-18,1,교육완료,30
107,식품교육,위해요소분석 및 HACCP 현장설계,2017-10-17,2017-10-18,3,교육완료,35
108,식품교육,식품 5S 및 세척·살균,2017-10-20,2017-10-20,3,교육완료,35
109,유통교육,농식품 온라인 쇼핑몰 운영관리 전략,2017-10-23,2017-10-26,1,교육완료,30
110,유통교육,6차 산업화 사업기획 실무,2017-10-23,2017-10-25,1,교육완료,30
111,식품교육,식품품질관리,2017-10-25,2017-10-27,2,교육완료,30
112,유통교육,스마트 농업 현장 적용 사례,2017-10-30,2017-10-31,1,교육완료,20
113,유통교육,직거래 벤치마킹 (해외),2017-10-30,2017-11-02,2,교육완료,20
114,식품교육,식품이물관리 실무(사이버),2017-11-01,2017-11-30,9,교육완료,0
115,식품교육,식품품질관리(사이버),2017-11-01,2017-11-30,9,교육완료,0
116,식품교육,SNS/블로그 활용 농식품마케팅,2017-11-02,2017-11-03,2,교육완료,25
117,식품교육,소규모업체를 위한 HACCP,2017-11-07,2017-11-08,3,교육완료,35
118,식품교육,중소식품기업 마케팅전략 수립과 상품개발,2017-11-08,2017-11-10,2,교육완료,25
119,식품교육,식품법규와 표시기준 핵심,2017-11-14,2017-11-14,4,교육완료,40
120,식품교육,식품·외식기업의 내손으로 만드는 스토리텔링,2017-11-16,2017-11-17,2,교육완료,25
121,유통교육,오피니언 리더가 보는 농식품산업의 미래와 가치,2017-11-16,2017-11-16,1,교육완료,100
122,식품교육,식품클레임 대응기법,2017-11-21,2017-11-21,5,교육완료,40
123,식품교육,식품이물관리 실무,2017-11-23,2017-11-23,5,교육완료,35
124,식품교육,식품이물관리 실무(사이버),2018-02-01,2018-02-28,1,교육완료,3
125,유통교육,농산물 중도매인(사이버),2018-02-01,2018-02-28,1,교육완료,20
126,식품교육,식품품질관리(사이버),2018-02-01,2018-02-28,1,교육완료,3
127,식품교육,뉴미디어를 통한 농식품 온라인 마케팅(사이버),2018-02-01,2018-02-28,1,교육완료,4
128,유통교육,농산물 CEO MBA,2018-02-27,2018-12-06,9,교육완료,35
129,유통교육,농식품 미래유통 혁신리더,2018-02-27,2018-07-05,5,교육완료,35
130,유통교육,농식품 대량수요처 경영인·전문가,2018-02-27,2018-07-05,4,교육완료,35
131,유통교육,농산물 마케팅 경영인·전문가,2018-02-27,2018-07-05,29,교육완료,35
132,식품교육,뉴미디어를 통한 농식품 온라인 마케팅(사이버),2018-03-01,2018-03-31,2,교육완료,4
133,식품교육,식품품질관리(사이버),2018-03-01,2018-03-31,2,교육완료,3
134,식품교육,식품이물관리 실무(사이버),2018-03-01,2018-03-31,2,교육완료,3
135,유통교육,농산물 중도매인(사이버),2018-03-01,2018-03-31,2,교육완료,20
136,유통교육,농산물 마케팅 및 영업실무 향상,2018-03-05,2018-03-07,1,교육완료,30
137,유통교육,농식품 브랜드 및 포장실무 향상,2018-03-05,2018-03-06,1,교육완료,30
138,식품교육,식품클레임 대응기법,2018-03-07,2018-03-07,1,교육완료,42
139,식품교육,식품기업 원가관리와 계산실무,2018-03-08,2018-03-09,1,교육완료,30
140,유통교육,농산물 경매사 기본 역량 강화,2018-03-08,2018-03-09,1,교육완료,30
141,유통교육,경매사 출하주 및 중도매인 관리 역량 강화,2018-03-12,2018-03-13,1,교육완료,30
142,식품교육,위해요소분석 및 HACCP현장설계,2018-03-14,2018-03-15,1,교육완료,35
143,식품교육,식품이물관리 실무,2018-03-16,2018-03-16,1,교육완료,35
144,유통교육,산지조직 핵심인력 양성,2018-03-19,2018-03-21,1,교육완료,30
145,유통교육,농산물 유통의 이해,2018-03-20,2018-03-21,1,교육완료,25
146,식품교육,식품유통기한 설정시험,2018-03-21,2018-03-21,1,교육완료,30
147,식품교육,식품기업 상품가격 결정 및 운영실전,2018-03-22,2018-03-23,1,교육완료,25
148,유통교육,로컬푸드 판매 활성화 전략,2018-03-27,2018-03-28,1,교육완료,30
149,식품교육,식품법규와 표시기준 핵심,2018-03-27,2018-03-27,1,교육완료,42
150,식품교육,소규모업체를 위한 HACCP 실전,2018-03-28,2018-03-29,1,교육완료,35
151,식품교육,식품이물관리 실무(사이버),2018-04-01,2018-04-30,3,교육완료,3
152,식품교육,뉴미디어를 통한 농식품 온라인 마케팅(사이버),2018-04-01,2018-04-30,3,교육완료,4
153,식품교육,식품품질관리(사이버),2018-04-01,2018-04-30,3,교육완료,3
154,유통교육,농산물 중도매인(사이버),2018-04-01,2018-04-30,3,교육완료,20
155,유통교육,도매시장법인 임직원 역량강화,2018-04-02,2018-04-04,1,교육완료,25
156,식품교육,식품기업의 블랙컨슈머 대응전략,2018-04-04,2018-04-04,1,교육완료,30
157,유통교육,산지유통인 경영역량 강화,2018-04-05,2018-04-06,1,교육완료,30
158,식품교육,농식품 브랜드 개발 실무,2018-04-05,2018-04-06,1,교육완료,25
159,유통교육,로컬푸드 직매장 개설ㆍ운영 기본,2018-04-10,2018-04-11,1,교육완료,25
160,식품교육,식품기업 생산원가 절감,2018-04-11,2018-04-11,1,교육완료,25
161,식품교육,식품기업 수익판매·영업관리,2018-04-12,2018-04-13,1,교육완료,25
162,유통교육,산지조직 농산물 상품성 향상 실무,2018-04-16,2018-04-18,1,교육완료,25
163,유통교육,직거래 벤치마킹(국내),2018-04-17,2018-04-19,1,교육완료,30
164,유통교육,도매시장 개설자 역량강화,2018-04-18,2018-04-20,1,교육완료,20
165,식품교육,식품 5S 및 세척·살균,2018-04-18,2018-04-18,1,교육완료,35
166,식품교육,농식품 포장디자인 및 포장재 개발,2018-04-19,2018-04-20,1,교육완료,25
167,유통교육,4차 산업혁명과 소비트렌드 대응,2018-04-23,2018-04-24,1,교육완료,25
168,식품교육,식품법규와 표시기준 핵심,2018-04-24,2018-04-24,2,교육완료,42
169,유통교육,농수산식품 수출무역 실무,2018-04-25,2018-04-27,1,교육완료,25
170,식품교육,식품품질관리,2018-04-25,2018-04-27,1,교육완료,30
171,유통교육,농산물 중도매인(사이버),2018-05-01,2018-05-31,4,교육완료,20
172,식품교육,식품이물관리 실무(사이버),2018-05-01,2018-05-31,4,교육완료,3
173,식품교육,식품품질관리(사이버),2018-05-01,2018-05-31,4,교육완료,3
174,식품교육,뉴미디어를 통한 농식품 온라인 마케팅(사이버),2018-05-01,2018-05-31,4,교육완료,4
175,식품교육,식품이물관리 실무,2018-05-02,2018-05-02,2,교육완료,35
176,유통교육,산지조직 인사ㆍ회계 관리 실무 향상,2018-05-03,2018-05-04,1,교육완료,25
177,유통교육,국제 곡물사업의 이해,2018-05-08,2018-05-10,1,교육완료,25
178,식품교육,소규모업체를 위한 HACCP 기초,2018-05-09,2018-05-10,1,교육완료,35
179,유통교육,농식품 온라인 홍보마케팅,2018-05-14,2018-05-15,1,교육완료,25
180,식품교육,식품공전과 표시기준 적용실무(종합),2018-05-15,2018-05-16,1,교육완료,35
181,유통교육,6차산업화 사업기획 실무,2018-05-16,2018-05-18,1,교육완료,30
182,식품교육,4차 산업혁명과 식품·외식산업,2018-05-17,2018-05-18,1,교육완료,25
183,유통교육,농산물 경매사 기본 역량 강화,2018-05-17,2018-05-18,2,교육완료,30
184,유통교육,농수산식품 수출전문가,2018-05-24,2018-06-30,1,교육완료,20
185,식품교육,가공식품 중국수출전략,2018-05-24,2018-05-25,1,교육완료,25
186,식품교육,식품기업 Audit 대응실전,2018-05-29,2018-05-30,1,교육완료,25
187,유통교육,산지조직 핵심인력 양성,2018-05-29,2018-05-31,2,교육완료,30
188,식품교육,식품이물관리 실무(사이버),2018-06-01,2018-06-30,5,교육완료,3
189,유통교육,농산물 중도매인(사이버),2018-06-01,2018-06-30,5,교육완료,20
190,식품교육,식품클레임 대응기법,2018-06-01,2018-06-01,2,교육완료,42
191,식품교육,식품품질관리(사이버),2018-06-01,2018-06-30,5,교육완료,3
192,식품교육,뉴미디어를 통한 농식품 온라인 마케팅(사이버),2018-06-01,2018-06-30,5,교육완료,4
193,유통교육,경매사 출하주 및 중도매인 관리 역량 강화,2018-06-04,2018-06-05,2,교육완료,30
194,식품교육,식품기업 현장개선 아이디어 발상법,2018-06-08,2018-06-08,1,교육완료,25
195,식품교육,농식품 히트상품 개발 실습,2018-06-12,2018-06-12,1,교육완료,30
196,식품교육,식품공장 스마트팩토리 구축,2018-06-15,2018-06-15,1,교육완료,30
197,유통교육,농식품 창업,2018-06-18,2018-06-20,1,교육완료,25
198,식품교육,식품기업 신상품 기획 마케팅 실무,2018-06-20,2018-06-22,1,교육완료,25
199,유통교육,푸드플랜(Food Plan)의 이해,2018-06-22,2018-06-22,1,교육완료,25
200,유통교육,청년 직거래 창업,2018-06-25,2018-07-17,1,교육완료,20
201,유통교육,직거래 벤치마킹(해외),2018-06-25,2018-06-28,1,교육완료,20
202,식품교육,식품법규와 표시기준 핵심,2018-06-26,2018-06-26,3,교육완료,42
203,식품교육,위해요소분석 및 HACCP현장설계,2018-06-28,2018-06-29,2,교육완료,35
204,식품교육,식품품질관리(사이버),2018-07-01,2018-07-31,6,교육완료,3
205,식품교육,식품이물관리 실무(사이버),2018-07-01,2018-07-31,6,교육완료,3
206,식품교육,뉴미디어를 통한 농식품 온라인 마케팅(사이버),2018-07-01,2018-07-31,6,교육완료,4
207,유통교육,농산물 중도매인(사이버),2018-07-01,2018-07-31,6,교육완료,20
208,식품교육,식품유통기한 설정시험,2018-07-03,2018-07-03,2,교육완료,30
209,식품교육,식품기업 원가관리와 계산실무,2018-07-05,2018-07-06,2,교육완료,30
210,유통교육,농수산식품 수출무역 실무,2018-07-10,2018-07-12,2,교육완료,25
211,식품교육,식품기업의 블랙컨슈머 대응전략,2018-07-10,2018-07-10,2,교육완료,30
212,식품교육,농식품 빅데이터 활용 성공판촉실무,2018-07-12,2018-07-13,1,교육완료,25
213,유통교육,도매시장법인 임직원 역량강화,2018-07-16,2018-07-18,2,교육완료,25
214,식품교육,식품 5S 및 세척·살균,2018-07-17,2018-07-17,2,교육완료,35
215,식품교육,소규모업체를 위한 HACCP 실전,2018-07-19,2018-07-20,2,교육완료,35
216,유통교육,농산물 유통의 이해,2018-07-19,2018-07-20,2,교육완료,25
217,유통교육,농식품 브랜드 및 포장실무 향상,2018-07-23,2018-07-24,2,교육완료,30
218,유통교육,농식품 대량수요처 경영인·전문가,2018-07-24,2018-12-06,5,교육완료,35
219,유통교육,농식품 미래유통 혁신리더,2018-07-24,2018-12-06,6,교육완료,35
220,유통교육,농산물 마케팅 경영인·전문가,2018-07-24,2018-12-06,30,교육완료,35
221,식품교육,식품이물관리 실무,2018-07-25,2018-07-25,3,교육완료,35
222,식품교육,할랄식품 수출전략,2018-07-26,2018-07-27,1,교육완료,25
223,식품교육,식품이물관리 실무(사이버),2018-08-01,2018-08-31,7,교육완료,3
224,식품교육,식품품질관리(사이버),2018-08-01,2018-08-31,7,교육완료,3
225,식품교육,뉴미디어를 통한 농식품 온라인 마케팅(사이버),2018-08-01,2018-08-31,7,교육완료,4
226,유통교육,농산물 중도매인(사이버),2018-08-01,2018-08-31,7,교육완료,20
227,식품교육,소규모업체를 위한 HACCP 기초,2018-08-09,2018-08-10,2,교육완료,35
228,식품교육,식품기업 현장개선 아이디어 발상법,2018-08-14,2018-08-14,2,교육완료,25
229,유통교육,로컬푸드 직매장 개설ㆍ운영 기본,2018-08-16,2018-08-17,2,교육완료,25
230,식품교육,식품기업 생산원가 절감,2018-08-17,2018-08-17,2,교육완료,25
231,유통교육,경매사 출하주 및 중도매인 관리 역량 강화,2018-08-20,2018-08-21,3,교육완료,30
232,식품교육,식품기업 상품가격 결정 및 운영실전,2018-08-21,2018-08-22,2,교육완료,25
233,식품교육,식품기업 수익판매·영업관리,2018-08-23,2018-08-24,2,교육완료,25
234,식품교육,식품법규와 표시기준 핵심,2018-08-28,2018-08-28,4,교육완료,42
235,식품교육,식품클레임 대응기법,2018-08-29,2018-08-29,3,교육완료,42
236,유통교육,산지조직 핵심인력 양성,2018-08-29,2018-08-31,3,교육완료,30
237,식품교육,식품품질관리(사이버),2018-09-01,2018-09-30,8,교육완료,3
238,식품교육,식품이물관리 실무(사이버),2018-09-01,2018-09-30,8,교육완료,3
239,식품교육,뉴미디어를 통한 농식품 온라인 마케팅(사이버),2018-09-01,2018-09-30,8,교육완료,4
240,유통교육,농산물 중도매인(사이버),2018-09-01,2018-09-30,8,교육완료,20
241,유통교육,산지조직 인사ㆍ회계 관리 실무 향상,2018-09-03,2018-09-04,2,교육완료,25
242,식품교육,농식품 포장디자인 및 포장재 개발,2018-09-04,2018-09-05,2,교육완료,25
243,유통교육,농산물 경매사 기본 역량 강화,2018-09-05,2018-09-06,3,교육완료,30
244,식품교육,식품기업 고객만족(CS) 기본 실천,2018-09-06,2018-09-07,1,교육완료,30
245,유통교육,산지조직 농산물 상품성 향상 실무,2018-09-10,2018-09-12,2,교육완료,25
246,식품교육,식품공전과 표시기준 적용실무(종합),2018-09-11,2018-09-12,2,교육완료,35
247,유통교육,농산물 마케팅 및 영업실무 향상,2018-09-12,2018-09-14,2,교육완료,30
248,유통교육,6차산업화 사업기획 실무,2018-09-12,2018-09-14,2,교육완료,30
249,식품교육,농식품 브랜드 개발 실무,2018-09-13,2018-09-14,2,교육완료,25
250,식품교육,식품이물관리 실무,2018-09-18,2018-09-18,4,교육완료,35
251,식품교육,식품이물관리 실무(사이버),2018-10-01,2018-10-31,9,교육완료,3
252,식품교육,식품품질관리(사이버),2018-10-01,2018-10-31,9,교육완료,3
253,식품교육,뉴미디어를 통한 농식품 온라인 마케팅(사이버),2018-10-01,2018-10-31,9,교육완료,4
254,유통교육,농산물 중도매인(사이버),2018-10-01,2018-10-31,9,교육완료,20
255,식품교육,식품공장 스마트팩토리 구축,2018-10-02,2018-10-02,2,교육완료,30
256,식품교육,위해요소분석 및 HACCP현장설계,2018-10-11,2018-10-12,3,교육완료,35
257,유통교육,경매사 출하주 및 중도매인 관리 역량 강화,2018-10-11,2018-10-12,4,교육완료,30
258,유통교육,로컬푸드 판매 활성화 전략,2018-10-15,2018-10-16,2,교육완료,30
259,유통교육,농수산식품 수출무역 실무,2018-10-16,2018-10-18,3,교육완료,25
260,식품교육,식품유통기한 설정시험,2018-10-16,2018-10-16,3,교육완료,30
261,유통교육,농식품 유통 우수기업 벤치마킹,2018-10-17,2018-10-19,1,교육완료,30
262,식품교육,식품기업 Audit 대응실전,2018-10-18,2018-10-19,2,교육완료,25
263,식품교육,식품기업의 블랙컨슈머 대응전략,2018-10-23,2018-10-23,3,교육완료,30
264,유통교육,푸드플랜(Food Plan)의 이해,2018-10-23,2018-10-23,2,교육완료,25
265,유통교육,산지조직 핵심인력 양성,2018-10-24,2018-10-26,4,교육완료,30
266,식품교육,식품품질관리,2018-10-24,2018-10-26,2,교육완료,30
267,유통교육,국제 곡물사업의 이해,2018-10-29,2018-10-31,2,교육완료,25
268,유통교육,직거래 벤치마킹(해외),2018-10-29,2018-11-01,2,교육완료,20
269,식품교육,식품기업 원가관리와 계산실무,2018-10-30,2018-10-31,3,교육완료,30
270,식품교육,식품이물관리 실무(사이버),2018-11-01,2018-11-30,10,교육완료,3
271,유통교육,농산물 중도매인(사이버),2018-11-01,2018-11-30,10,교육완료,20
272,식품교육,소규모업체를 위한 HACCP 실전,2018-11-01,2018-11-02,3,교육완료,35
273,식품교육,식품품질관리(사이버),2018-11-01,2018-11-30,10,교육완료,3
274,유통교육,신기술을 적용한 스마트 농업,2018-11-01,2018-11-02,1,교육완료,30
275,식품교육,뉴미디어를 통한 농식품 온라인 마케팅(사이버),2018-11-01,2018-11-30,10,교육완료,4
276,유통교육,농식품 창업,2018-11-05,2018-11-07,2,교육완료,25
277,식품교육,식품법규와 표시기준 핵심,2018-11-06,2018-11-06,5,교육완료,42
278,유통교육,농식품 온라인 홍보마케팅,2018-11-08,2018-11-09,2,교육완료,25
279,식품교육,4차 산업혁명과 식품·외식산업,2018-11-08,2018-11-09,2,교육완료,25
280,식품교육,식품 5S 및 세척·살균,2018-11-13,2018-11-13,3,교육완료,35
281,식품교육,식품기업 신상품 기획 마케팅 실무,2018-11-14,2018-11-16,2,교육완료,25
282,식품교육,식품이물관리 실무,2018-11-20,2018-11-20,5,교육완료,35
283,식품교육,식품클레임 대응기법,2018-11-22,2018-11-22,4,교육완료,42
284,식품교육,농식품 히트상품 개발 실습,2018-11-27,2018-11-27,2,교육완료,30
285,식품교육,식품클레임 대응기법,2019-02-20,2019-02-20,1,교육완료,40
286,식품교육,식품관련 법규와 최신개정 표시기준,2019-02-21,2019-02-21,1,교육완료,40
287,유통교육,산지조직 핵심인력 양성(기본),2019-02-25,2019-02-26,1,교육완료,30
288,유통교육,농산물 마케팅 전문가,2019-02-26,2019-07-04,31,교육완료,35
289,유통교육,농식품 대량수요처 경영인·전문가,2019-02-26,2019-07-04,6,교육완료,35
290,유통교육,농산물 CEO MBA,2019-02-26,2019-12-05,10,교육완료,35
291,유통교육,로컬푸드 판매활성화(기본),2019-03-04,2019-03-05,1,교육완료,30
292,유통교육,농산물 유통과 마케팅의 이해(기본),2019-03-07,2019-03-08,1,교육완료,25
293,유통교육,산지조직 경영관리 실무향상(인사ㆍ회계ㆍ법무),2019-03-11,2019-03-13,1,교육완료,30
294,식품교육,식품유통기한 설정시험,2019-03-14,2019-03-14,1,교육완료,30
295,유통교육,산지조직 핵심인력 양성(심화),2019-03-18,2019-03-20,1,교육완료,30
296,식품교육,식품기업의 블랙컨슈머 대응전략,2019-03-20,2019-03-20,1,교육완료,30
297,식품교육,식품관련 법규와 최신개정 표시기준,2019-03-21,2019-03-21,2,교육완료,40
298,유통교육,농식품 온라인 플랫폼 활용마케팅(기본),2019-03-21,2019-03-22,1,교육완료,25
299,유통교육,푸드플랜의 이해,2019-03-26,2019-03-26,1,교육완료,25
300,식품교육,식품기업 Audit 대응실전,2019-04-04,2019-04-05,1,교육완료,25
301,유통교육,산지유통인 경영역량 강화,2019-04-08,2019-04-09,1,교육완료,30
302,식품교육,식품공장 스마트팩토리 구축,2019-04-09,2019-04-09,1,교육완료,25
303,유통교육,농식품 창업(기본),2019-04-10,2019-04-12,1,교육완료,25
304,유통교육,로컬푸드 판매 활성화(심화),2019-04-15,2019-04-17,1,교육완료,30
305,식품교육,식품클레임 대응기법,2019-04-17,2019-04-17,2,교육완료,40
306,식품교육,식품기업 현장개선 아이디어 발상법,2019-04-18,2019-04-18,1,교육완료,25
307,유통교육,농식품 온라인 플랫폼 활용마케팅(심화),2019-04-18,2019-04-19,1,교육완료,25
308,유통교육,농산물 유통과 마케팅의 이해(심화),2019-04-22,2019-04-24,1,교육완료,25
309,유통교육,농수산식품 수출무역 실무,2019-04-24,2019-04-26,1,교육완료,25
310,식품교육,식품품질관리,2019-04-25,2019-04-26,1,교육완료,30
311,유통교육,국제 곡물사업의 이해,2019-05-08,2019-05-10,1,교육완료,25
312,식품교육,식품공전과 표시기준 적용실무,2019-05-09,2019-05-10,1,교육완료,35
313,유통교육,농식품 브랜드 및 포장실무 향상,2019-05-13,2019-05-15,1,교육완료,25
314,식품교육,식품이물관리 실무,2019-05-14,2019-05-14,1,교육완료,35
315,식품교육,위해요소분석 및 HACCP현장설계 ,2019-05-16,2019-05-17,1,교육완료,35
316,유통교육,농산물 경매사 의무교육(농안법),2019-05-16,2019-05-17,1,교육완료,30
317,유통교육,여성 농식품 유통리더십 양성,2019-05-21,2019-05-22,1,교육완료,25
318,식품교육,HACCP 사후관리 실무,2019-05-22,2019-05-22,1,교육완료,35
319,유통교육,농산물 유통 스마트 관리,2019-05-23,2019-05-24,1,교육완료,25
320,유통교육,농식품 창업(심화),2019-05-27,2019-05-29,1,교육완료,25
321,유통교육,농산물 경매사 의무교육(농안법),2019-05-30,2019-05-31,2,교육완료,30
322,유통교육,농산물 유통과 마케팅의 이해(기본),2019-06-10,2019-06-11,2,교육완료,25
323,식품교육,식품관련 법규와 최신개정 표시기준,2019-06-12,2019-06-12,3,교육완료,40
324,유통교육,산지조직 핵심인력 양성(기본),2019-06-13,2019-06-14,2,교육완료,30
325,유통교육,산지조직 핵심인력 양성(심화),2019-06-17,2019-06-19,2,교육완료,30
326,식품교육,식품기업의 블랙컨슈머 대응전략,2019-06-19,2019-06-19,2,교육완료,30
327,유통교육,농산물 경매사 의무교육(농안법),2019-06-20,2019-06-21,3,교육완료,30
328,유통교육,로컬푸드 판매활성화(기본),2019-06-24,2019-06-25,2,교육완료,30
329,식품교육,신혁명 푸드테크(Food Tech),2019-06-27,2019-06-28,1,교육완료,25
330,유통교육,농식품 온라인 플랫폼 활용마케팅(기본),2019-06-27,2019-06-28,2,교육완료,25
331,유통교육,농산물 경매사 의무교육(농안법),2019-07-01,2019-07-02,4,교육완료,30
332,식품교육,식품클레임 대응기법,2019-07-09,2019-07-09,3,교육완료,40
333,유통교육,농식품 온라인 플랫폼 활용마케팅(심화),2019-07-10,2019-07-11,2,교육완료,25
334,식품교육,식품공전과 표시기준 적용실무,2019-07-11,2019-07-12,2,교육완료,35
335,유통교육,농식품 창업(기본),2019-07-15,2019-07-17,2,교육완료,25
336,식품교육,HACCP 사후관리 실무,2019-07-16,2019-07-16,2,교육완료,35
337,유통교육,농수산식품 수출전문가(심화),2019-07-17,2019-08-18,1,교육완료,20
338,식품교육,식품유통기한 설정시험,2019-07-18,2019-07-18,2,교육완료,30
339,유통교육,농산물 경매사 의무교육(농안법),2019-07-22,2019-07-23,5,교육완료,30
340,유통교육,농식품 대량수요처 경영인·전문가,2019-07-23,2019-12-05,7,교육완료,35
341,유통교육,농산물 마케팅 전문가,2019-07-23,2019-12-05,32,교육완료,35
342,식품교육,위해요소분석 및 HACCP현장설계 ,2019-08-08,2019-08-09,2,교육완료,35
343,유통교육,농산물 경매사 의무교육(농안법),2019-08-19,2019-08-20,6,교육완료,50
344,식품교육,식품관련 법규와 최신개정 표시기준,2019-08-21,2019-08-21,4,교육완료,40
345,유통교육,농수산식품 수출무역 실무,2019-08-21,2019-08-23,2,교육완료,25
346,유통교육,산지조직 핵심인력 양성(심화),2019-08-26,2019-08-28,3,교육완료,30
347,식품교육,식품이물관리 실무,2019-08-28,2019-08-28,2,교육완료,35
348,유통교육,농산물 유통과 마케팅의 이해(심화),2019-08-28,2019-08-30,2,교육완료,25
349,식품교육,식품기업 현장개선 아이디어 발상법,2019-09-03,2019-09-03,2,교육완료,25
350,유통교육,산지조직 경영관리 실무향상(인사ㆍ회계ㆍ법무),2019-09-16,2019-09-18,2,교육완료,30
351,유통교육,푸드플랜의 이해,2019-09-18,2019-09-18,2,교육완료,25
352,유통교육,농산물 경매사 의무교육(농안법),2019-09-19,2019-09-20,7,교육완료,50
353,유통교육,농식품 브랜드 및 포장실무 향상,2019-09-23,2019-09-25,2,교육완료,25
354,식품교육,식품기업 Audit 대응실전,2019-09-24,2019-09-25,2,교육완료,25
355,유통교육,로컬푸드 판매 활성화(심화),2019-09-25,2019-09-27,2,교육완료,30
356,유통교육,농산물 경매사 의무교육(농안법),2019-09-30,2019-10-01,8,교육완료,50
357,식품교육,식품기업의 블랙컨슈머 대응전략,2019-10-02,2019-10-02,3,교육완료,30
358,식품교육,식품클레임 대응기법,2019-10-15,2019-10-15,4,교육완료,40
359,유통교육,여성 농식품 유통리더십 양성,2019-10-15,2019-10-16,2,교육완료,25
360,식품교육,식품유통기한 설정시험,2019-10-17,2019-10-17,3,교육완료,30
361,유통교육,국제 곡물사업의 이해,2019-10-21,2019-10-23,2,교육완료,25
362,식품교육,식품품질관리,2019-10-24,2019-10-25,2,교육완료,30
363,유통교육,농산물 경매사 의무교육(농안법),2019-10-24,2019-10-25,9,교육완료,50
364,유통교육,농식품 창업(심화),2019-10-28,2019-10-30,2,교육완료,25
365,유통교육,농산물 유통 스마트 관리,2019-10-31,2019-11-01,2,교육완료,25
366,유통교육,농산물 경매사 의무교육(농안법),2019-11-04,2019-11-05,10,교육완료,50
367,식품교육,신혁명 푸드테크(Food Tech),2019-11-07,2019-11-08,2,교육완료,25
368,유통교육,직거래 벤치마킹(해외),2019-11-11,2019-11-17,1,교육완료,20
369,유통교육,농산물 경매사 의무교육(농안법),2019-11-11,2019-11-12,11,교육완료,50
370,유통교육,도매시장 신규임원 역량강화 ,2019-11-14,2019-11-15,1,교육완료,50
371,유통교육,도매시장 신규임원 역량강화 ,2019-11-21,2019-11-22,2,교육완료,50
372,유통교육,농산물 CEO MBA,2020-02-25,2020-12-10,11,교육완료,40
373,식품교육,위생적인 식품공장 만들기(식품 5S 및 세척·살균),2020-04-28,2020-04-28,1,교육완료,35
374,식품교육,식품클레임 대응기법,2020-05-07,2020-05-07,1,교육완료,40
375,유통교육,직거래 장터 활성화 전략(판매자),2020-05-12,2020-05-13,1,교육완료,20
376,식품교육,식품기업의 블랙컨슈머 대응전략,2020-05-13,2020-05-13,1,교육완료,30
377,유통교육,농식품 창업(기본),2020-05-19,2020-05-20,1,교육완료,25
378,유통교육,푸드플랜의 이해,2020-05-20,2020-05-20,1,교육완료,30
379,식품교육,위해요소분석 및 작업현장 개선,2020-05-21,2020-05-22,1,교육완료,35
380,유통교육,농산물 경매사 의무교육(농안법),2020-05-24,2020-05-31,1,교육완료,100
381,식품교육,식품품질관리,2020-05-27,2020-05-28,1,교육완료,30
382,유통교육,로컬푸드 판매활성화(기본-운영),2020-05-27,2020-05-28,1,교육완료,20
383,유통교육,도매시장 신규임원 역량강화,2020-06-02,2020-06-03,1,교육완료,30
384,식품교육,식품클레임 대응기법,2020-06-03,2020-06-03,2,교육완료,40
385,유통교육,농산물 경매사 의무교육(농안법),2020-06-07,2020-06-14,2,교육완료,100
386,식품교육,식품공장 스마트 팩토리 구축,2020-06-16,2020-06-16,1,교육완료,30
387,식품교육,식품기업의 블랙컨슈머 대응전략,2020-06-17,2020-06-17,2,교육완료,30
388,유통교육,농산물 경매사 의무교육(농안법),2020-06-21,2020-06-28,3,교육완료,100
389,식품교육,식품생산현장 이물관리 실무,2020-06-23,2020-06-23,1,교육완료,35
390,식품교육,중소식품기업 현장맞춤형 법규와 표시기준,2020-06-24,2020-06-24,1,교육완료,40
391,식품교육,식품기준·규격 적용실무,2020-07-02,2020-07-03,1,교육완료,35
392,유통교육,농산물 경매사 의무교육(농안법),2020-07-05,2020-07-12,4,교육완료,100
393,유통교육,농식품 창업(기본),2020-07-07,2020-07-08,2,교육완료,25
394,식품교육,위해요소분석 및 작업현장 개선,2020-07-09,2020-07-10,2,교육완료,35
395,식품교육,식품기업 현장개선 아이디어 발상법,2020-07-21,2020-07-21,1,교육완료,25
396,식품교육,식품생산현장 이물관리 실무,2020-07-22,2020-07-22,2,교육완료,35
397,유통교육,농산물 마케팅 전문가,2020-07-28,2020-12-10,33,교육완료,30
398,유통교육,농식품 대량수요처 경영인·전문가,2020-07-28,2020-12-08,8,교육완료,30
399,식품교육,식품기업 Audit 대응실전,2020-07-28,2020-07-29,1,교육완료,25
400,수출교육,농식품 수출 마스터,2020-07-29,2020-12-09,1,교육완료,30
401,수산교육,수산물 도매시장 경매사 교육,2020-07-30,2020-08-10,1,교육완료,25
402,식품교육,식품유통기한 설정시험,2020-08-04,2020-08-04,1,교육완료,30
403,식품교육,중소식품기업 현장맞춤형 법규와 표시기준,2020-08-05,2020-08-05,2,교육완료,40
404,유통교육,농식품 창업(심화),2020-08-11,2020-08-13,1,교육완료,20
405,식품교육,위생적인 식품공장 만들기(식품 5S 및 세척·살균),2020-08-12,2020-08-12,2,교육완료,35
406,식품교육,식품기준·규격 적용실무,2020-08-13,2020-08-14,2,교육완료,35
407,유통교육,농산물 경매사 의무교육(농안법),2020-08-16,2020-08-23,5,교육완료,100
408,수산교육,수산물 도매시장 경매사 교육,2020-08-20,2020-08-31,2,교육완료,25
409,식품교육,식품기업 원가관리와 계산실무,2020-08-20,2020-08-21,1,교육완료,30
410,유통교육,공공급식(학교급식)지원센터 활동가 양성,2020-08-24,2020-08-25,1,교육완료,30
411,유통교육,로컬푸드 판매활성화(기본-운영),2020-08-27,2020-08-28,2,교육완료,20
412,식품교육,중소식품기업 현장맞춤형 법규와 표시기준,2020-09-02,2020-09-02,3,교육완료,40
413,식품교육,식품기업 원가관리와 계산실무,2020-09-03,2020-09-04,2,교육완료,30
414,유통교육,농산물 경매사 의무교육(농안법),2020-09-06,2020-09-13,6,교육완료,100
415,식품교육,식품기업 현장개선 아이디어 발상법,2020-09-09,2020-09-09,2,교육완료,25
416,유통교육,푸드플랜의 이해,2020-09-09,2020-09-09,2,교육완료,30
417,수산교육,수산물 도매시장 경매사 교육,2020-09-10,2020-09-21,3,교육완료,25
418,식품교육,식품품질관리,2020-09-10,2020-09-11,2,교육완료,30
419,식품교육,식품클레임 대응기법,2020-09-15,2020-09-15,3,교육완료,40
420,식품교육,식품유통기한 설정시험,2020-09-17,2020-09-17,2,교육완료,30
421,식품교육,위생적인 식품공장 만들기(식품 5S 및 세척·살균),2020-10-06,2020-10-06,3,교육완료,35
422,유통교육,로컬푸드 판매 활성화(심화-마케팅),2020-10-07,2020-10-08,1,교육완료,30
423,식품교육,식품생산현장 이물관리 실무,2020-10-07,2020-10-07,3,교육완료,35
424,유통교육,농산물 경매사 의무교육(농안법),2020-10-11,2020-10-18,7,교육완료,50
425,식품교육,식품공장 스마트 팩토리 구축,2020-10-13,2020-10-13,2,교육완료,30
426,식품교육,중소식품기업 현장맞춤형 법규와 표시기준,2020-10-14,2020-10-14,4,교육완료,40
427,유통교육,농식품 창업(심화),2020-10-14,2020-10-16,2,교육완료,20
428,유통교육,신상품 기획 및 마케팅 실무 (기본),2020-10-19,2020-10-20,1,교육완료,30
429,식품교육,식품기업의 블랙컨슈머 대응전략,2020-10-20,2020-10-20,3,교육완료,30
430,유통교육,농식품기업 상품가격결정 및 운영실무(기본),2020-10-20,2020-10-21,1,교육완료,30
431,식품교육,식품기업 Audit 대응실전,2020-10-22,2020-10-23,2,교육완료,25
432,유통교육,농식품 온라인 플랫폼 마케팅의 이해(기본),2020-10-26,2020-10-27,1,교육완료,35
433,수출교육,농식품 수출 지원역량 강화,2020-10-27,2020-11-04,1,교육완료,30
434,유통교육,산지조직 핵심인력 양성(기본),2020-10-27,2020-10-28,1,교육완료,30
435,유통교육,농식품 여성리더 아카데미,2020-10-28,2020-10-29,1,교육완료,20
436,유통교육,농산물 경매사 의무교육(농안법),2020-11-01,2020-11-08,8,교육완료,50
437,유통교육,농산물 유통과 마케팅의 이해 (기본),2020-11-02,2020-11-03,1,교육완료,30
438,유통교육,농식품 브랜드 및 포장실무(기본),2020-11-02,2020-11-04,1,교육완료,30
439,식품교육,중소식품기업 현장맞춤형 법규와 표시기준,2020-11-04,2020-11-04,5,교육완료,40
440,유통교육,스마트 농업과 농식품 산업의 변화,2020-11-04,2020-11-05,1,교육완료,30
441,유통교육,도매시장 신규임원 역량강화,2020-11-10,2020-11-11,2,교육완료,30
442,식품교육,식품클레임 대응기법,2020-11-11,2020-11-11,4,교육완료,40
443,식품교육,신혁명 푸드테크(Food Tech),2020-11-12,2020-11-13,2,교육완료,25
444,유통교육,직거래 장터 활성화 전략(운영자),2020-11-17,2020-11-18,1,교육완료,20
445,식품교육,식품기업 생산원가 절감,2020-11-17,2020-11-17,2,교육완료,25
446,유통교육,농식품 온라인 플랫폼 마케팅 실습(심화),2020-11-18,2020-11-20,1,교육완료,20
447,식품교육,식품유통기한 설정시험,2020-11-18,2020-11-18,3,교육완료,30
448,유통교육,직거래장터 활성화 전략(판매자),2021-02-16,2021-02-17,1,교육완료,30
449,식품교육,중소식품기업 맞춤형 법규 및 표시광고에 관한 법률,2021-02-17,2021-02-17,1,교육완료,40
450,유통교육,공공급식.학교급식지원센터 전문가 양성,2021-02-18,2021-02-19,1,교육완료,30
451,유통교육,농식품 여성리더 아카데미,2021-02-23,2021-02-24,1,교육완료,25
452,식품교육,식품기업의 블랙컨슈머 대응전략,2021-02-24,2021-02-24,1,교육완료,30
453,식품교육,식품클레임 대응기법,2021-03-03,2021-03-03,1,교육완료,40
454,유통교육,빅데이터를 활용한 농식품 마케팅 실무(기본),2021-03-09,2021-03-09,1,교육완료,25
455,식품교육,위생적인 식품공장 만들기(식품 5S 및 세척·살균),2021-03-09,2021-03-09,1,교육완료,35
456,유통교육,농산물 유통과 마케팅의 이해(기본),2021-03-11,2021-03-12,1,교육완료,25
457,식품교육,식품품질관리,2021-03-11,2021-03-12,1,교육완료,30
458,유통교육,농산물 CEO MBA,2021-03-16,2021-12-09,12,교육중,35
459,유통교육,직거래장터 활성화 전략(판매자),2021-03-16,2021-03-17,2,교육완료,30
460,식품교육,위해요소분석 및 작업현장 개선,2021-03-16,2021-03-17,1,교육완료,35
461,유통교육,농식품 온라인 유통 경영인,2021-03-16,2021-06-29,1,교육완료,35
462,유통교육,농산물 마케팅 전문가,2021-03-18,2021-07-08,34,교육완료,35
463,유통교육,농산물 경매사 교육(법정),2021-03-21,2021-03-28,1,교육완료,100
464,식품교육,식품생산현장 이물관리 실무,2021-03-24,2021-03-24,1,교육완료,30
465,식품교육,식품기업 Audit 대응실전 ,2021-04-01,2021-04-02,1,교육완료,25
466,식품교육,신혁명 푸드테크(Food Tech) ,2021-04-08,2021-04-09,1,교육완료,25
467,수산교육,수산물 도매시장 경매사 교육,2021-04-12,2021-04-18,1,교육완료,25
468,유통교육,농식품 빅데이터의 이해와 데이터 분석(기초),2021-04-14,2021-04-16,1,교육완료,25
469,식품교육,식품기업 현장개선 아이디어 발상법,2021-04-14,2021-04-14,1,교육완료,25
470,유통교육,농산물 경매사 교육(법정),2021-04-18,2021-04-25,2,교육완료,100
471,식품교육,식품기업의 블랙컨슈머 대응전략,2021-04-21,2021-04-21,2,교육완료,30
472,수산교육,수산물 도매시장 경매사 교육,2021-04-26,2021-05-02,2,교육완료,25
473,유통교육,산지조직 핵심인력 양성(기본),2021-04-27,2021-04-28,1,교육완료,25
474,식품교육,중소식품기업 맞춤형 법규 및 표시광고에 관한 법률,2021-04-28,2021-04-28,2,교육완료,40
475,유통교육,농산물 중도매인(법정),2021-05-01,2021-10-29,2,교육중,200
476,수산교육,수산물 중도매인(법정),2021-05-01,2021-10-29,3,교육중,300
477,유통교육,직거래장터 활성화전략(운영자),2021-05-03,2021-05-04,1,교육완료,25
478,수산교육,"수산물 도매시장 신규임원, 개설자 역량강화(법정)",2021-05-10,2021-05-11,1,교육완료,25
479,식품교육,식품클레임 대응기법,2021-05-11,2021-05-11,2,교육완료,40
480,유통교육,농식품기업 상품가격결정 및 운영실무,2021-05-13,2021-05-14,1,교육완료,25
481,식품교육,4차 산업혁명의 식품 · 외식산업 적용,2021-05-13,2021-05-14,1,교육완료,25
482,식품교육,식품제조가공업소의 안전시스템 검증 실무,2021-05-18,2021-05-18,1,교육완료,30
483,유통교육,신상품 기획 및 마케팅전략,2021-05-20,2021-05-21,1,교육완료,25
484,유통교육,농산물 경매사 교육(법정),2021-05-23,2021-05-30,3,교육완료,100
485,식품교육,식품기업 생산원가 절감,2021-05-26,2021-05-26,1,교육완료,25
486,식품교육,식품산업의 스마트 생산시스템 구축 준비,2021-05-27,2021-05-28,1,교육완료,25
487,유통교육,도매시장 신규임원 역량강화(법정),2021-06-01,2021-06-02,1,교육완료,30
488,유통교육,농산물 중도매인(법정),2021-06-01,2021-10-29,3,교육중,200
489,수산교육,수산물 중도매인(법정),2021-06-01,2021-10-29,4,교육중,300
490,식품교육,중소식품기업 안전관리시스템 구축 실무,2021-06-02,2021-06-03,1,교육완료,30
491,식품교육,식품유통기한 설정시험,2021-06-09,2021-06-09,1,교육완료,25
492,식품교육,식품기준·규격 적용실무,2021-06-10,2021-06-11,1,교육완료,35
493,식품교육,식품과 미생물 제어(실무이론),2021-06-16,2021-06-16,1,교육완료,30
494,유통교육,농식품 온라인 플랫폼 마케팅의 이해(기본),2021-06-17,2021-06-18,1,교육완료,25
495,식품교육,식품기업 원가관리와 계산 실무,2021-06-17,2021-06-18,1,교육완료,30
496,유통교육,농산물 경매사 교육(법정),2021-06-20,2021-06-27,5,교육완료,130
497,수산교육,수산물 도매시장 경매사 교육,2021-06-22,2021-06-30,3,교육완료,25
498,유통교육,농식품 유통채널 선정전략 및 상품소개서 작성 실무,2021-06-22,2021-06-23,1,교육완료,25
499,식품교육,중소식품기업 맞춤형 법규 및 표시광고에 관한 법률,2021-06-23,2021-06-23,3,교육완료,40
500,식품교육,위생적인 식품공장 만들기(식품 5S 및 세척·살균),2021-06-24,2021-06-24,2,교육완료,35
501,유통교육,자조금 전문인력 양성,2021-06-29,2021-06-30,1,교육완료,25
502,식품교육,식품산업의 Risk 관리,2021-06-29,2021-06-30,1,교육완료,25
503,식품교육,식품품질관리,2021-07-01,2021-07-02,2,교육완료,30
504,유통교육,농산물 중도매인(법정),2021-07-01,2021-10-29,4,교육중,200
505,수산교육,수산물 중도매인(법정),2021-07-01,2021-10-29,5,교육중,300
506,유통교육,라이브커머스를 통한 언택트 직거래 판매전략,2021-07-06,2021-07-07,1,교육완료,25
507,식품교육,식품기업 현장개선 아이디어 발상법,2021-07-07,2021-07-07,2,교육완료,25
508,식품교육,식품공장 스마트 팩토리 구축,2021-07-13,2021-07-13,1,교육완료,30
509,식품교육,식품 신제품 기획 및 개발,2021-07-14,2021-07-14,1,교육완료,25
510,유통교육,친환경 농산물 유통의 이해,2021-07-15,2021-07-16,1,교육완료,25
511,유통교육,농산물 경매사 교육(법정),2021-07-18,2021-07-25,6,교육완료,100
512,식품교육,위해요소분석 및 작업현장 개선,2021-07-20,2021-07-21,2,교육완료,35
513,수산교육,수산물 중도매인(법정),2021-07-27,2021-11-30,2,교육중,25
514,식품교육,식품기업 Audit 대응실전 ,2021-07-27,2021-07-28,2,교육완료,25
515,유통교육,산지조직 핵심인력 양성(기본),2021-07-29,2021-07-30,2,교육완료,25
516,유통교육,로컬푸드 기획생산 역량강화,2021-07-31,2021-11-30,1,교육중,25
517,유통교육,농산물 중도매인(법정),2021-08-01,2021-10-29,5,교육중,200
518,수산교육,수산물 중도매인(법정),2021-08-01,2021-10-29,6,교육중,300
519,유통교육,농식품 홍보 콘텐츠 제작 실습 (심화),2021-08-02,2021-11-30,1,교육중,15
520,유통교육,공공급식.학교급식지원센터 전문가 양성,2021-08-09,2021-08-10,2,교육완료,30
521,식품교육,중소식품기업 맞춤형 법규 및 표시광고에 관한 법률,2021-08-11,2021-08-11,4,교육완료,40
522,식품교육,식품제조가공업소의 안전시스템 검증 실무,2021-08-18,2021-08-18,2,교육완료,30
523,식품교육,식품기업 원가관리와 계산 실무,2021-08-19,2021-08-20,2,교육완료,30
524,유통교육,농산물 경매사 교육(법정),2021-08-22,2021-08-29,8,교육완료,130
525,유통교육,농식품 창업(기본),2021-08-23,2021-08-24,1,교육완료,25
526,유통교육,농식품 온라인 유통 경영인,2021-08-24,2021-12-09,2,교육중,35
527,수출교육,농식품 수출 마스터,2021-08-25,2021-12-09,2,교육중,25
528,식품교육,식품생산현장 이물관리 실무,2021-08-25,2021-08-25,2,교육완료,30
529,식품교육,식품기준·규격 적용실무,2021-08-26,2021-08-27,2,교육완료,35
530,유통교육,농산물 마케팅 전문가,2021-08-26,2021-12-09,35,교육중,35
531,유통교육,테스트 과정,2021-08-28,2021-08-28,1,교육완료,3
532,유통교육, 스마트 농업과 농식품산업의 변화,2021-08-31,2021-11-30,1,교육중,30
533,식품교육,식품유통기한 설정시험,2021-09-01,2021-09-01,2,교육완료,25
534,유통교육,농산물 중도매인(법정),2021-09-01,2021-10-29,6,교육중,200
535,수산교육,수산물 중도매인(법정),2021-09-01,2021-10-29,7,교육중,300
536,유통교육,농산물 경매사 교육(법정),2021-09-05,2021-09-12,9,교육완료,30
537,유통교육,산지조직 핵심인력 양성(심화),2021-09-06,2021-09-07,1,교육완료,25
538,식품교육,식품과 미생물 제어(실무이론),2021-09-07,2021-09-07,2,교육완료,30
539,유통교육,농식품 온라인 플랫폼 마케팅의 이해(기본),2021-09-08,2021-09-09,2,교육완료,25
540,식품교육,식품클레임 대응기법,2021-09-08,2021-09-08,3,교육완료,40
541,식품교육,중소식품기업 안전관리시스템 구축 실무,2021-09-28,2021-09-29,2,접수중,30
542,유통교육,자조금 전문인력 양성,2021-10-01,2021-11-30,2,접수중,25
543,유통교육,직거래 벤치마킹 연수(국내),2021-10-01,2021-11-30,1,접수중,25
544,유통교육,농식품 창업(심화),2021-10-01,2021-11-30,1,접수중,25
545,유통교육,산지유통 전문경영인 양성,2021-10-01,2021-10-31,1,접수중,25
546,수출교육,농식품 수출 지원역량 강화,2021-10-01,2021-11-30,1,접수중,25
547,유통교육,농산물 중도매인(법정),2021-10-01,2021-10-29,7,접수중,200
548,수산교육,수산물 중도매인(법정),2021-10-01,2021-10-29,8,접수중,300
549,식품교육,식품공장 스마트 팩토리 구축,2021-10-05,2021-10-05,2,접수중,30
550,유통교육,로컬푸드 직매장 운영 역량 강화,2021-10-05,2021-10-07,1,접수중,25
551,식품교육,식품 신제품 기획 및 개발,2021-10-06,2021-10-06,2,접수중,25
552,유통교육,"산지조직 경영관리 실무(세무, 회계, 노무)",2021-10-12,2021-10-14,1,접수중,25
553,유통교육,농식품 홍보 콘텐츠 제작 실습 (심화),2021-10-13,2021-10-15,2,접수중,25
554,식품교육,중소식품기업 맞춤형 법규 및 표시광고에 관한 법률,2021-10-13,2021-10-13,5,접수중,40
555,식품교육,4차 산업혁명의 식품 · 외식산업 적용,2021-10-14,2021-10-15,2,접수중,25
556,유통교육,농산물 중도매인(법정),2021-10-15,2021-10-29,8,준비중,200
557,수산교육,수산물 중도매인(법정),2021-10-15,2021-10-29,9,준비중,300
558,유통교육,농식품 빅데이터의 이해와 데이터 분석(기초),2021-10-18,2021-10-20,2,접수중,25
559,식품교육,식품기업의 블랙컨슈머 대응전략,2021-10-20,2021-10-20,3,접수중,30
560,유통교육, 스마트 농업과 농식품산업의 변화,2021-10-21,2021-10-22,2,접수중,30
561,유통교육,농산물 중도매인(법정),2021-10-22,2021-10-29,9,준비중,200
562,수산교육,수산물 중도매인(법정),2021-10-22,2021-10-29,10,준비중,300
563,유통교육,산지조직 핵심인력 양성(심화),2021-10-25,2021-10-26,2,접수중,25
564,유통교육,4차 산업 신유통 해외 현장 연수,2021-10-26,2021-10-29,1,신청마감,15
565,유통교육,라이브커머스를 통한 언택트 직거래 판매전략,2021-11-01,2021-11-30,2,신청마감,25
566,푸드플랜,푸드플랜의 이해,2021-11-01,2021-11-30,4,신청마감,50
567,식품교육,위생적인 식품공장 만들기(식품 5S 및 세척·살균),2021-11-02,2021-11-02,3,접수중,35
568,유통교육,농식품 브랜드 마케팅과 포장실무,2021-11-03,2021-11-05,1,접수중,25
569,식품교육,식품생산현장 이물관리 실무,2021-11-03,2021-11-03,3,접수중,30
570,수산교육,"수산물 도매시장 신규임원, 개설자 역량강화(법정)",2021-11-08,2021-11-09,2,접수중,25
571,식품교육,식품클레임 대응기법,2021-11-10,2021-11-10,4,접수중,40
572,식품교육,식품산업의 스마트 생산시스템 구축 준비,2021-11-11,2021-11-12,2,접수중,25
573,유통교육,도매시장 신규임원 역량강화(법정),2021-11-11,2021-11-12,2,접수중,25
574,유통교육,친환경 농산물 유통의 이해,2021-11-16,2021-11-17,2,준비중,25
575,식품교육,식품기업 생산원가 절감,2021-11-16,2021-11-16,2,접수중,25
576,식품교육,식품산업의 Risk 관리,2021-11-18,2021-11-19,2,준비중,25
577,유통교육,농식품 온라인 플랫폼 마케팅 실습(심화),2021-11-22,2021-11-24,1,준비중,25
578,식품교육,신혁명 푸드테크(Food Tech) ,2021-12-30,2021-12-31,2,접수중,25
