﻿,0,1,2,3,4,5,6
0,박람회명,구분,시작일자,종료일자,장소,참여대학,사전등록자
1,2020 사이버 한국유학박람회(3월),사이버박람회,2020-03-24,2020-04-06,국립국제교육원 한국유학종합시스템,50,5986
2,2020 사이버 한국유학박람회(7월),사이버박람회,2020-07-14,2020-07-27,국립국제교육원 한국유학종합시스템,75,10737
3,2020 사이버 한국유학박람회(11월),사이버박람회,2020-11-24,2020-12-07,국립국제교육원 한국유학종합시스템,90,9512
4,2020 지자체와 함께하는 한국유학박람회(강원),사이버박람회,2020-09-15,2020-09-18,국립국제교육원 한국유학종합시스템,4,3181
5,2020 지자체와 함께하는 한국유학박람회(부산),사이버박람회,2020-09-22,2020-09-25,국립국제교육원 한국유학종합시스템,11,3949
6,2020 국가별 맞춤형 한국유학박람회(몽골),사이버+현장,2020-10-20,2020-10-24,몽골 국립대 및 한국유학종합시스템,50,1549
7,2020 국가별 맞춤형 한국유학박람회(베트남),사이버+현장,2020-10-27,2020-10-31,호치민 재정경제대 및 한국유학종합시스템,55,416
8,2020 국가별 맞춤형 한국유학박람회(대만),사이버+현장,2020-11-03,2020-11-07,대만 대학 및 한국유학종합시스템,54,787
