﻿,0,1,2,3
0,대륙,국가,합격자수,국가별비율
1,아시아,방글라데시,0,0%
2,아시아,미얀마,8,32%
3,아시아,캄보디아,3,50%
4,아시아,스리랑카,0,0%
5,아시아,중국,56,12.07%
6,아시아,대만,9,23.68%
7,아시아,홍콩,3,23.08%
8,아시아,인도,0,0%
9,아시아,인도네시아,10,28.57%
10,아시아,이란,0,0%
11,아시아,일본,23,26.74%
12,아시아,카자흐스탄,2,14.29%
13,아시아,키르기스스탄,0,0%
14,아시아,라오스,0,0%
15,아시아,마카오,0,0%
16,아시아,말레이시아,6,40%
17,아시아,몽골,20,27.4%
18,아시아,네팔,0,0%
19,아시아,파키스탄,0,0%
20,아시아,필리핀,1,33.33%
21,아시아,싱가포르,1,100%
22,아시아,시리아,0,0%
23,아시아,타지키스탄,1,100%
24,아시아,태국,0,0%
25,아시아,터키,0,0%
26,아시아,우즈베키스탄,18,23.68%
27,아시아,베트남,67,20.62%
28,오세아니아,호주,1,100%
29,오세아니아,뉴질랜드,0,0%
30,유럽,오스트리아,1,50%
31,유럽,벨기에,0,0%
32,유럽,핀란드,0,0%
33,유럽,프랑스,0,0%
34,유럽,독일,1,50%
35,유럽,포르투갈,0,0%
36,유럽,루마니아,0,0%
37,유럽,러시아,7,43.75%
38,유럽,스웨덴,0,0%
39,유럽,우크라이나,3,100%
40,아프리카,앙골라,0,0%
41,아프리카,DR콩고,0,0%
42,아프리카,가봉,0,0%
43,아프리카,말리,0,0%
44,아프리카,모잠비크,0,0%
45,아프리카,나이지리아,0,0%
46,아프리카,르완다,0,0%
47,아프리카,우간다,0,0%
48,아프리카,잠비아,1,50%
49,북미,캐나다,1,33.33%
50,북미,미국,6,60%
51,무국적,무국적,0,0%
52,중남미,브라질,0,0%
53,중남미,페루,0,0%
54,중남미,베네수엘라,1,100%
