﻿,0,1,2,3,4,5
0,학교명,구분,우편번호,주소,전화번호,홈페이지주소
1,일민유치원,유치원,140-764,서울특별시 용산구 효창원로 17  ,02-704-0915,www.ilminkids.com
2,한가람유치원,유치원,140-030,서울특별시 용산구 이촌동 301-54,02-796-8865,
3,충신유치원,유치원,140-854,서울특별시 용산구 이촌로64길 72  ,02-793-7618,kids.choongshin.or.kr/
4,정우유치원,유치원,140-847,서울특별시 용산구 원효로2가 72-2,02-712-2211,
5,유성유치원,유치원,140-856,서울특별시 용산구 회나무로13가길 16  ,02-792-8691,www.yusungkids.org/
6,원유치원,유치원,140-909,서울특별시 용산구 이촌동 402,02-797-0037,
7,신동아큰나무유치원,유치원,140-751,서울특별시 용산구 서빙고동 241-94,02-790-8858,
8,성심유치원,유치원,140-823,서울특별시 용산구 보광로24길 9 -4 ,02-794-3045,www.sung-kids.com/
9,복자유치원,유치원,140-899,서울특별시 용산구 후암로34길 21 -8 ,02-319-2915,www.bokja.co.kr/
10,보윤유치원,유치원,140-830,서울특별시 용산구 서계동 100,02-718-0999,
11,도원유치원,유치원,140-070,서울특별시 용산구 새창로 84 -1 ,02-713-1960,
12,대건유치원,유치원,140-723,서울특별시 용산구 이촌로 303  ,02-790-5016,www.daegeon.kg.kr/
13,계성유치원,유치원,140-040,서울특별시 용산구 효창원로15길 15  ,02-718-6665,
14,강변유치원,유치원,140-853,서울특별시 용산구 이촌로 278  ,02-792-2652,
15,후암초등학교,초등학교,140-899,서울특별시 용산구 후암동 339 ,02-754-1876,www.huam.es.kr
16,한남초등학교,초등학교,140-893,서울특별시 용산구 한남대로 112  ,02-749-2373,www.hannam.es.kr
17,한강초등학교,초등학교,140-883,서울특별시 용산구 한강대로14길 9  ,02-798-1949,www.hangang.es.kr
18,청파초등학교,초등학교,140-868,서울특별시 용산구 효창원로 228  ,02-3272-9041,www.s-cheongpa.es.kr
19,이태원초등학교,초등학교,140-861,서울특별시 용산구 녹사평대로40길 19  ,02-793-6056,www.itaewon.es.kr
20,원효초등학교,초등학교,140-040,서울특별시 용산구 효창원로13길 38  ,02-716-4423,wonhyo.es.kr
21,용암초등학교,초등학교,140-834,서울특별시 용산구 녹사평대로60길 39  ,02-796-0456,yongamcho.seoul.kr
22,용산초등학교,초등학교,140-877,서울특별시 용산구 한강대로57길 33  ,02-793-9275,www.sys.es.kr
23,신용산초등학교,초등학교,140-906,서울특별시 용산구 이촌로 255  ,02-795-0214,www.sys-e.es.kr
24,신광초등학교,초등학교,140-131,서울특별시 용산구 청파동 3가 100,02-710-6903,www.shinkwang.es.kr
25,서빙고초등학교,초등학교,140-240,서울특별시 용산구 서빙고로51길 14  ,02-795-2435,www.seobinggo.es.kr
26,삼광초등학교,초등학교,140-901,서울특별시 용산구 두텁바위로1나길 19  ,02-793-0251,www.seoulsamkwang.es.kr
27,금양초등학교,초등학교,140-897,서울특별시 용산구 효창원로 137  ,02-704-2901,www.keumyang.es.kr
28,남정초등학교,초등학교,140-905,서울특별시 용산구 원효로64길 17 -10 ,02-712-8015,www.seoul-nj.es.kr
29,보광초등학교,초등학교,140-858,서울특별시 용산구 우사단로 20  ,02-793-4032,www.bogwang.es.kr
30,수도중학교,중학교,140-801,서울특별시 용산구 한강대로 334  ,02-754-3616,
31,한강중학교,중학교,140-240,서울특별시 용산구 녹사평대로 73  ,02-794-1792,www.hangang.ms.kr
32,용산중학교,중학교,140-833,서울특별시 용산구 두텁바위로 74  ,070-4000-3880,yong-san.ms.kr
33,용강중학교,중학교,140-906,서울특별시 용산구 이촌로65가길 91  ,02-795-6176,www.yonggang.ms.kr
34,오산중학교,중학교,140-823,서울특별시 용산구 보광로7길 17  ,02-799-9602,os.ms.kr
35,신광여자중학교,중학교,140-870,서울특별시 용산구 청파로 263  ,02-710-6903,www.shinkwang.ms.kr
36,성심여자중학교,중학교,140-847,서울특별시 용산구 원효로 4가 1번지,02-702-5501,sacredheart.ms.kr
37,선린중학교,중학교,140-869,서울특별시 용산구 청파동 3가 131-2 ,070-8686-6434,www.sunrin.ms.kr
38,보성여자중학교,중학교,140-833,서울특별시 용산구 신흥로3가길 66  ,070-4000-3191,www.bosung-g.ms.kr
39,배문중학교,중학교,140-830,서울특별시 용산구 효창원로 258  ,02-3480-7282,www.baemoon.ms.kr
40,중경고등학교,고등학교,140-853,서울특별시 용산구 이촌로84길 34  ,02-793-4154,www.jungkyung.hs.kr
41,중경고등학교,고등학교,140-853,서울특별시 용산구 이촌로84길 34  ,070-4015-4366,www.jungkyung.hs.kr
42,용산공업고등학교,고등학교,140-883,서울특별시 용산구 서빙고로 24  ,02-6905-7701,www.yongsan-th.hs.kr
43,용산고등학교,고등학교,140-833,서울특별시 용산구 두텁바위로 60  ,02-3760-6861,www.yongsan.hs.kr
44,오산고등학교,고등학교,140-823,서울특별시 용산구 보광로7길 17  ,02-799-9601,www.osan.hs.kr
45,신광여자고등학교,고등학교,140-870,서울특별시 용산구 청파로 263  ,02-710-6903,www.shinkwang.hs.kr
46,성심여자고등학교,고등학교,140-847,서울특별시 용산구 원효로 19길 49,02-702-5501,sacredheart.hs.kr
47,선린인터넷고등학교,고등학교,140-869,서울특별시 용산구 원효로97길 33 -4 ,02-713-6211,www.sunrint.hs.kr
48,서울자동차고등학교,고등학교,140-897,서울특별시 용산구 백범로45길 15  ,02-718-4970,www.seoulauto.hs.kr
49,서울디지텍고등학교,고등학교,140-857,서울특별시 용산구 회나무로12길 27  ,02-795-7454,www.sdh.hs.kr
50,보성여자고등학교,고등학교,140-833,서울특별시 용산구 신흥로3가길 66  ,070-4000-3191,www.bosung.hs.kr
51,배문고등학교,고등학교,140-830,서울특별시 용산구 효창원로 258  ,02-3480-7281,www.baemoon.hs.kr
52,폴리텍대학,대학교,121-757,서울특별시 마포구 백범로31길 21  ,02-2125-6500,www.kopo.ac.kr/index.asp
53,숙명여자대학교,대학교,140-742,서울특별시 용산구 청파로47길 100  ,02-710-9114,www.sookmyung.ac.kr/index.jsp
