﻿,0,1,2,3
0,동아리명,요일,시작시간,끝시간
1,꽃보다 역사,수,09:30,12:00
2,용산사랑,수,10:00,12:00
3,미르한글봉사단,금,17:00,19:00
4,"용산예술을사랑하는모임 ""환상""","화, 일",,
5,글자람,월,10:00,12:00
6,숙명여자대학원 미용예술전공,화,13:00,15:00
7,이웃나라 문화알기 (일본어교실),화,15:00,17:00
8,용산구 마음강사 (책품세),"2,4주 화요일",10:00,12:00
9,보광 방과후 나눔학교,목,15:00,18:00
10,보광 방과후 나눔학교,화,15:00,18:00
11,보광 방과후 나눔학교,수,15:00,18:00
12,글샘누리,화,16:00,18:00
13,그린러브용산,일,,
14,용산주막,일,,
15,스트레스해소,토,13:00,15:00
16,향기나는모임,수,16:00,18:00
17,카페프랑세,월,09:30,12:00
18,용산조경회,일,,
19,이야기나라&독서토론,월,10:00,12:00
20,도란도란,일,,
21,사랑해요 어르신,화,16:00,18:00
22,우리옛놀이연구소,화,10:00,12:00
23,용산규방,일,,
24,에코용산역사,화,10:00,12:00
25,용산매듭,목,14:00,16:00
26,얼쑤!용산.,화,10:00,12:00
27,용산 생태·숲 가드너,목,10:00,12:00
28,용산으로 역사보기,화,19:30,23:00
29,도란도란,월,15:00,17:00
30,용산식초,목,10:00,12:00
31,어울더울 시민성교육봉사단,토,10:00,14:00
32,용산규방,월,14:00,17:00
33,옆나라 이웃나라,화,15:30,17:00
34,우리 글의 맛과 멋 캘리그라피,수,10:00,12:00
35,멋쟁이시니어합창단,화,10:30,12:30
36,드림멘토봉사동아리,화,10:00,12:00
37,용산걷지모,수,,
38,용산전통자수동아리,화,10:00,13:00
39,우쿨렐레 미 아미고,수,14:00,16:30
40,한울림클래식기타동아리,금,14:00,16:00
41,더맑은그림책,화,10:00,13:00
42,이공일팔구민강사,수,11:00,13:00
43,그림책샘터,목,13:00,17:00
44,플라원한마음,화,10:00,12:00
45,아트스토리,화,10:00,12:00
46,토닥토닥봉사단,일,16:00,17:00
47,토닥토닥봉사단,수,16:00,17:00
48,용산구희망이,월,10:00,11:00
49,너울가지,금,12:30,04:00
50,우쿨렐레 미 아미고,수,14:00,16:30
51,스마트폰 활용 봉사모임,목,14:00,17:00
52,행복드림단,금,14:00,17:00
53,행복드림단,일,,
54,스마트폰 프리(약칭: 스머퍼),화,10:00,12:00
55,용산걷기지도530모임,수,13:30,15:30
56,용강회,토,11:00,14:00
57,용강회,화,10:00,12:00
58,용강회,목,10:00,12:00
59,용강회,목,13:00,15:00
60,매듭향기,금,10:00,12:00
61,인문학 코딩,월,10:00,12:00
62,인문학 코딩,금,10:00,12:00
63,성찰의 에니어그램,수,13:00,16:00
64,성찰의 에니어그램,목,19:00,22:00
65,성찰의 에니어그램,화,10:00,13:00
66,그림책아라,목,10:00,12:00
67,그림책아라,금,10:00,12:00
68,루비책방,일,11:00,14:00
69,손 꽃,화,19:00,21:00
70,우리 옛놀이 연구소,화,10:00,12:00
71,이촌 그림책,수,10:00,12:00
72,소확행 동네배움터 사랑가득 캐리커쳐,월,14:00,16:00
73,님그림(소확행동네배움터),월,14:00,16:00
