﻿,0,1,2,3,4,5
0,연번,자료테마넘버,자료테마,테마등록일,테마분류자,테마분류코드
1,1,1,안내자료,2015-12-21,관리자,G1
2,2,2,교육자료,2015-12-21,관리자,G2
3,3,3,운영자료,2015-12-21,관리자,G3
4,4,4,정책학교자료,2015-12-21,관리자,G4
5,5,5,연구자료,2015-12-21,관리자,G5
6,6,6,정책안내,2015-12-21,관리자,G1/SG1
7,7,7,입학 및 학교안내,2015-12-21,관리자,G1/SG2
8,8,8,한국생활안내,2015-12-21,관리자,G1/SG3
9,9,9,홍보,2015-12-21,관리자,G1/SG4
10,10,11,다문화이해교육,2015-12-21,관리자,G2/SG1
11,11,12,한국어 교육,2015-12-21,관리자,G2/SG2
12,12,13,부모나라 언어교육,2016-01-06,관리자,G2/SG3
13,13,14,교과관련 참고자료,2016-01-06,관리자,G2/SG4
14,14,15,매뉴얼,2015-12-21,관리자,G3/SG1
15,15,16,연수 및 워크숍,2015-12-21,관리자,G3/SG2
16,16,17,우수사례집,2015-12-21,관리자,G3/SG3
17,17,18,다문화유치원,2015-12-21,관리자,G4/SG1
18,18,19,다문화예비학교,2015-12-21,관리자,G4/SG2
19,19,20,다문화연구학교,2015-12-21,관리자,G4/SG3
20,20,21,다문화중점학교,2015-12-21,관리자,G4/SG4
21,21,22,연구보고서,2015-12-21,관리자,G5/SG1
