﻿,0,1,2,3,4,5,6,7,8,9,10,11
0,연도,계열코드,계열명,학과코드,학과명,과목코드,과목명,학년,학기,분반,과목구분코드,과목구분명
1,2021,10,공업계열,12,기계자동차과,CC0070,인성과 교양,1,1,A,B,직업기초
2,2021,10,공업계열,12,기계자동차과,CC0070,인성과 교양,1,1,B,B,직업기초
3,2021,10,공업계열,12,기계자동차과,CC0070,인성과 교양,1,1,C,B,직업기초
4,2021,10,공업계열,12,기계자동차과,CC0071,말과 글,1,1,A,B,직업기초
5,2021,10,공업계열,12,기계자동차과,CC0071,말과 글,1,1,B,B,직업기초
6,2021,10,공업계열,12,기계자동차과,CC0071,말과 글,1,1,C,B,직업기초
7,2021,10,공업계열,12,기계자동차과,ME0110,기계제도,1,1,A,A,NCS
8,2021,10,공업계열,12,기계자동차과,ME0110,기계제도,1,1,B,A,NCS
9,2021,10,공업계열,12,기계자동차과,ME0110,기계제도,1,1,C,A,NCS
10,2021,10,공업계열,12,기계자동차과,ME0241,정밀측정학,1,1,A,A,NCS
11,2021,10,공업계열,12,기계자동차과,ME0241,정밀측정학,1,1,B,A,NCS
12,2021,10,공업계열,12,기계자동차과,ME0241,정밀측정학,1,1,C,A,NCS
13,2021,10,공업계열,12,기계자동차과,ME1007,금속가공기초실습,1,1,A,A,NCS
14,2021,10,공업계열,12,기계자동차과,ME1007,금속가공기초실습,1,1,B,A,NCS
15,2021,10,공업계열,12,기계자동차과,ME1007,금속가공기초실습,1,1,C,A,NCS
16,2021,10,공업계열,2,전기에너지시스템과,CC0070,인성과 교양,1,1,A,B,직업기초
17,2021,10,공업계열,2,전기에너지시스템과,CC0073,논리와 수리,1,1,A,B,직업기초
18,2021,10,공업계열,2,전기에너지시스템과,CC0074,커리어디자인,1,1,A,B,직업기초
19,2021,10,공업계열,2,전기에너지시스템과,EE0974,기초전기전자실험,1,1,A,A,NCS
20,2021,10,공업계열,2,전기에너지시스템과,EE0976,전기제도,1,1,A,A,NCS
21,2021,10,공업계열,22,바이오생명의약과,CC0072,실무영어,1,1,A,B,직업기초
22,2021,10,공업계열,22,바이오생명의약과,CC0072,실무영어,1,1,B,B,직업기초
23,2021,10,공업계열,22,바이오생명의약과,CC0074,커리어디자인,1,1,A,B,직업기초
24,2021,10,공업계열,22,바이오생명의약과,CC0074,커리어디자인,1,1,B,B,직업기초
25,2021,10,공업계열,22,바이오생명의약과,CC0079,조직사회의 이해,1,1,A,B,직업기초
26,2021,10,공업계열,22,바이오생명의약과,CC0079,조직사회의 이해,1,1,B,B,직업기초
27,2021,10,공업계열,22,바이오생명의약과,CC0080,AI시대 살아가기,1,1,A,B,직업기초
28,2021,10,공업계열,22,바이오생명의약과,CC0080,AI시대 살아가기,1,1,B,B,직업기초
29,2021,10,공업계열,36,반도체전자과,CC0070,인성과 교양,1,1,A,B,직업기초
30,2021,10,공업계열,36,반도체전자과,CC0070,인성과 교양,1,1,B,B,직업기초
31,2021,10,공업계열,36,반도체전자과,CC0077,정보와 나,1,1,A,B,직업기초
32,2021,10,공업계열,36,반도체전자과,IT1019,논리회로,1,1,A,A,NCS
33,2021,10,공업계열,36,반도체전자과,IT1022,회로이론,1,1,A,A,NCS
34,2021,10,공업계열,36,반도체전자과,IT1040,물리전자,1,1,A,A,NCS
35,2021,10,공업계열,36,반도체전자과,IT1041,정보통신공학,1,1,A,A,NCS
36,2021,10,공업계열,36,반도체전자과,IT1058,기초회로실험,1,1,A,A,NCS
37,2021,10,공업계열,39,환경보건학과,CC0070,인성과 교양,1,1,A,B,직업기초
38,2021,10,공업계열,39,환경보건학과,CC0070,인성과 교양,1,1,B,B,직업기초
39,2021,10,공업계열,39,환경보건학과,CC0070,인성과 교양,1,1,C,B,직업기초
40,2021,10,공업계열,39,환경보건학과,CC0076,사람과 사람사이,1,1,A,B,직업기초
41,2021,10,공업계열,39,환경보건학과,CC0076,사람과 사람사이,1,1,C,B,직업기초
42,2021,10,공업계열,39,환경보건학과,EH0005,유해화학물질관리,1,1,A,A,NCS
43,2021,10,공업계열,39,환경보건학과,EH0005,유해화학물질관리,1,1,C,A,NCS
44,2021,10,공업계열,39,환경보건학과,EH0013,대기오염개론,1,1,A,A,NCS
45,2021,10,공업계열,39,환경보건학과,EH0013,대기오염개론,1,1,C,A,NCS
46,2021,10,공업계열,39,환경보건학과,EH0014,수질오염개론,1,1,A,A,NCS
47,2021,10,공업계열,39,환경보건학과,EH0014,수질오염개론,1,1,C,A,NCS
48,2021,10,공업계열,39,환경보건학과,EH0030,안전보건관리,1,1,A,A,NCS
49,2021,10,공업계열,39,환경보건학과,EH0030,안전보건관리,1,1,C,A,NCS
50,2021,10,공업계열,40,컴퓨터드론과,CC0070,인성과 교양,1,1,A,B,직업기초
51,2021,10,공업계열,40,컴퓨터드론과,CC0070,인성과 교양,1,1,B,B,직업기초
52,2021,10,공업계열,40,컴퓨터드론과,CC0070,인성과 교양,1,1,C,B,직업기초
53,2021,10,공업계열,40,컴퓨터드론과,CC0077,정보와 나,1,1,A,B,직업기초
54,2021,10,공업계열,40,컴퓨터드론과,CC0077,정보와 나,1,1,B,B,직업기초
55,2021,10,공업계열,40,컴퓨터드론과,CD0001,컴퓨터구조,1,1,A,A,NCS
56,2021,10,공업계열,40,컴퓨터드론과,CD0001,컴퓨터구조,1,1,B,A,NCS
57,2021,10,공업계열,40,컴퓨터드론과,CD0002,자료구조,1,1,A,A,NCS
58,2021,10,공업계열,40,컴퓨터드론과,CD0002,자료구조,1,1,B,A,NCS
59,2021,10,공업계열,40,컴퓨터드론과,CD0003,정보통신개론,1,1,A,A,NCS
60,2021,10,공업계열,40,컴퓨터드론과,CD0003,정보통신개론,1,1,B,A,NCS
61,2021,10,공업계열,40,컴퓨터드론과,CD0004,Python프로그래밍,1,1,A,A,NCS
62,2021,10,공업계열,40,컴퓨터드론과,CD0004,Python프로그래밍,1,1,B,A,NCS
63,2021,10,공업계열,40,컴퓨터드론과,CD0005,JavaScript프로그래밍,1,1,A,A,NCS
64,2021,10,공업계열,40,컴퓨터드론과,CD0005,JavaScript프로그래밍,1,1,B,A,NCS
65,2021,10,공업계열,40,컴퓨터드론과,CD0007,드론3D융합,1,1,A,A,NCS
66,2021,10,공업계열,40,컴퓨터드론과,CD0007,드론3D융합,1,1,B,A,NCS
67,2021,10,공업계열,41,조리제빵과,CB0001,조리학개론,1,1,A,A,NCS
68,2021,10,공업계열,41,조리제빵과,CB0024,한식조리실습Ⅰ,1,1,A,A,NCS
69,2021,10,공업계열,41,조리제빵과,CB0029,기초영양학,1,1,A,A,NCS
70,2021,10,공업계열,41,조리제빵과,CB0030,주류음료미생물실습,1,1,A,A,NCS
71,2021,10,공업계열,41,조리제빵과,CB0034,조리식품화학실습,1,1,A,A,NCS
72,2021,10,공업계열,41,조리제빵과,CC0070,인성과 교양,1,1,A,B,직업기초
73,2021,10,공업계열,41,조리제빵과,CC0072,실무영어,1,1,A,B,직업기초
74,2021,10,공업계열,42,소방행정과,CC0070,인성과 교양,1,1,A,B,직업기초
75,2021,10,공업계열,42,소방행정과,CC0071,말과 글,1,1,A,B,직업기초
76,2021,10,공업계열,42,소방행정과,CC0073,논리와 수리,1,1,A,B,직업기초
77,2021,10,공업계열,42,소방행정과,FA0011,소방행정학,1,1,A,A,NCS
78,2021,10,공업계열,42,소방행정과,FA0012,소방정책론,1,1,A,A,NCS
79,2021,10,공업계열,42,소방행정과,FA0012,소방정책론,1,1,C,A,NCS
80,2021,10,공업계열,42,소방행정과,FA0013,소방학개론,1,1,A,A,NCS
81,2021,10,공업계열,42,소방행정과,FA0013,소방학개론,1,1,C,A,NCS
82,2021,10,공업계열,42,소방행정과,FA0021,소방전기설비공학,1,1,A,A,NCS
83,2021,10,공업계열,42,소방행정과,FA0021,소방전기설비공학,1,1,C,A,NCS
84,2021,10,공업계열,43,스마트헬스과,CC0070,인성과 교양,1,1,A,B,직업기초
85,2021,10,공업계열,43,스마트헬스과,CC0070,인성과 교양,1,1,C,B,직업기초
86,2021,10,공업계열,43,스마트헬스과,CC0075,프로젝트관리하기,1,1,A,B,직업기초
87,2021,10,공업계열,43,스마트헬스과,CC0075,프로젝트관리하기,1,1,C,B,직업기초
88,2021,10,공업계열,43,스마트헬스과,CC0077,정보와 나,1,1,A,B,직업기초
89,2021,10,공업계열,43,스마트헬스과,CC0077,정보와 나,1,1,C,B,직업기초
90,2021,10,공업계열,43,스마트헬스과,SH0001,기초헬스케어디자인,1,1,A,A,NCS
91,2021,10,공업계열,43,스마트헬스과,SH0001,기초헬스케어디자인,1,1,C,A,NCS
92,2021,10,공업계열,43,스마트헬스과,SH0007,헬스케어기초,1,1,A,A,NCS
93,2021,10,공업계열,43,스마트헬스과,SH0007,헬스케어기초,1,1,C,A,NCS
94,2021,10,공업계열,43,스마트헬스과,SH0008,스마트기기회로및실습,1,1,A,A,NCS
95,2021,10,공업계열,43,스마트헬스과,SH0008,스마트기기회로및실습,1,1,C,A,NCS
96,2021,10,공업계열,43,스마트헬스과,SH0009,프로그래밍,1,1,A,A,NCS
97,2021,10,공업계열,43,스마트헬스과,SH0009,프로그래밍,1,1,C,A,NCS
98,2021,30,인문사회계열,24,사회복지과,CC0070,인성과 교양,1,1,A,B,직업기초
99,2021,30,인문사회계열,24,사회복지과,CC0071,말과 글,1,1,A,B,직업기초
100,2021,30,인문사회계열,24,사회복지과,IM0389,인간행동과 사회환경,1,1,A,A,NCS
101,2021,40,예능계열,30,융합디자인과,CC0070,인성과 교양,1,1,A,B,직업기초
102,2021,40,예능계열,30,융합디자인과,CC0070,인성과 교양,1,1,C,B,직업기초
103,2021,40,예능계열,30,융합디자인과,ID1128,그래픽아트웍,1,1,A,A,NCS
104,2021,40,예능계열,30,융합디자인과,ID1128,그래픽아트웍,1,1,C,A,NCS
105,2021,40,예능계열,30,융합디자인과,ID1130,디자인과문자,1,1,A,A,NCS
106,2021,40,예능계열,30,융합디자인과,ID1130,디자인과문자,1,1,C,A,NCS
107,2021,10,공업계열,12,기계자동차과,CC0076,사람과 사람사이,2,1,A,B,직업기초
108,2021,10,공업계열,12,기계자동차과,CC0076,사람과 사람사이,2,1,B,B,직업기초
109,2021,10,공업계열,12,기계자동차과,CC0077,정보와 나,2,1,A,B,직업기초
110,2021,10,공업계열,12,기계자동차과,CC0077,정보와 나,2,1,B,B,직업기초
111,2021,10,공업계열,12,기계자동차과,ME0098,3D형상모델링,2,1,B,A,NCS
112,2021,10,공업계열,12,기계자동차과,ME0099,CNC프로그래밍,2,1,B,A,NCS
113,2021,10,공업계열,12,기계자동차과,ME0956,자동차기관정비 Ⅰ,2,1,A,A,NCS
114,2021,10,공업계열,12,기계자동차과,ME0957,자동차섀시실습 Ⅰ,2,1,A,A,NCS
115,2021,10,공업계열,12,기계자동차과,ME0976,CAM,2,1,B,A,NCS
116,2021,10,공업계열,12,기계자동차과,ME0979,기계제작프로젝트,2,1,B,A,NCS
117,2021,10,공업계열,12,기계자동차과,ME0993,자동차전자제어실습 I,2,1,A,A,NCS
118,2021,10,공업계열,12,기계자동차과,ME1000,자동차냉난방정비,2,1,A,A,NCS
119,2021,10,공업계열,2,전기에너지시스템과,EE0355,전기설비 Ⅰ,2,1,A,A,NCS
120,2021,10,공업계열,2,전기에너지시스템과,EE0963,태양광발전설비설계,2,1,A,A,NCS
121,2021,10,공업계열,2,전기에너지시스템과,EE0977,전기기기실험,2,1,A,A,NCS
122,2021,10,공업계열,2,전기에너지시스템과,EE0979,마이크로그리드설계 및 실험,2,1,A,A,NCS
123,2021,10,공업계열,2,전기에너지시스템과,EE0986,전력품질과 안전,2,1,A,A,NCS
124,2021,10,공업계열,22,바이오생명의약과,BI1011,실험동물학특론,2,1,A,A,NCS
125,2021,10,공업계열,22,바이오생명의약과,BI1147,제약기기분석학 Ⅰ,2,1,A,A,NCS
126,2021,10,공업계열,22,바이오생명의약과,BI1148,실험동물학실습,2,1,A,A,NCS
127,2021,10,공업계열,22,바이오생명의약과,BI1149,생화학기기운용기술,2,1,A,A,NCS
128,2021,10,공업계열,36,반도체전자과,CC0071,말과 글,2,1,A,B,직업기초
129,2021,10,공업계열,36,반도체전자과,CC0074,커리어디자인,2,1,A,B,직업기초
130,2021,10,공업계열,36,반도체전자과,IT1028,마이크로전자회로,2,1,A,A,NCS
131,2021,10,공업계열,36,반도체전자과,IT1031,반도체단위공정,2,1,A,A,NCS
132,2021,10,공업계열,36,반도체전자과,IT1054,디지털레이아웃실습,2,1,A,A,NCS
133,2021,10,공업계열,36,반도체전자과,IT1055,마이크로전자회로실험,2,1,A,A,NCS
134,2021,10,공업계열,36,반도체전자과,IT1056,마이크로프로세서응용실습,2,1,A,A,NCS
135,2021,10,공업계열,36,반도체전자과,IT1057,반도체특성실험,2,1,A,A,NCS
136,2021,10,공업계열,39,환경보건학과,CC0072,실무영어,2,1,A,B,직업기초
137,2021,10,공업계열,39,환경보건학과,EI0981,환경오염공정시험법(수질)Ⅱ,2,1,A,A,NCS
138,2021,10,공업계열,40,컴퓨터드론과,CC0080,AI시대 살아가기,2,1,A,B,직업기초
139,2021,10,공업계열,40,컴퓨터드론과,CC0080,AI시대 살아가기,2,1,B,B,직업기초
140,2021,10,공업계열,40,컴퓨터드론과,CC0082,취업마켓,2,1,A,B,직업기초
141,2021,10,공업계열,40,컴퓨터드론과,CC0082,취업마켓,2,1,B,B,직업기초
142,2021,10,공업계열,40,컴퓨터드론과,CD0015,네트워크시스템,2,1,A,A,NCS
143,2021,10,공업계열,40,컴퓨터드론과,CD0015,네트워크시스템,2,1,B,A,NCS
144,2021,10,공업계열,40,컴퓨터드론과,CD0016,리눅스심화,2,1,A,A,NCS
145,2021,10,공업계열,40,컴퓨터드론과,CD0016,리눅스심화,2,1,B,A,NCS
146,2021,10,공업계열,40,컴퓨터드론과,CD0017,프로그래밍응용,2,1,A,A,NCS
147,2021,10,공업계열,40,컴퓨터드론과,CD0017,프로그래밍응용,2,1,B,A,NCS
148,2021,10,공업계열,40,컴퓨터드론과,CD0018,웹시스템개발,2,1,A,A,NCS
149,2021,10,공업계열,40,컴퓨터드론과,CD0018,웹시스템개발,2,1,B,A,NCS
150,2021,10,공업계열,40,컴퓨터드론과,CD0019,빅데이터실습,2,1,A,A,NCS
151,2021,10,공업계열,40,컴퓨터드론과,CD0019,빅데이터실습,2,1,B,A,NCS
152,2021,10,공업계열,40,컴퓨터드론과,CD0021,드론코딩응용,2,1,A,A,NCS
153,2021,10,공업계열,40,컴퓨터드론과,CD0021,드론코딩응용,2,1,B,A,NCS
154,2021,10,공업계열,41,조리제빵과,CB0026,한식조리실습Ⅲ,2,1,A,A,NCS
155,2021,10,공업계열,41,조리제빵과,CB0032,전통주제조실습,2,1,A,A,NCS
156,2021,10,공업계열,41,조리제빵과,CB0036,조리생화학실습,2,1,A,A,NCS
157,2021,10,공업계열,41,조리제빵과,CC0074,커리어디자인,2,1,A,B,직업기초
158,2021,10,공업계열,41,조리제빵과,CC0080,AI시대 살아가기,2,1,A,B,직업기초
159,2021,10,공업계열,41,조리제빵과,CC0082,취업마켓,2,1,A,B,직업기초
160,2021,10,공업계열,42,소방행정과,FA0017,소방조직론,2,1,A,A,NCS
161,2021,10,공업계열,42,소방행정과,FA0033,화재시뮬레이션,2,1,A,A,NCS
162,2021,10,공업계열,43,스마트헬스과,CC0073,논리와 수리,2,1,A,B,직업기초
163,2021,10,공업계열,43,스마트헬스과,CC0073,논리와 수리,2,1,C,B,직업기초
164,2021,10,공업계열,43,스마트헬스과,SH0005,스마트헬스캡스톤디자인,2,1,A,A,NCS
165,2021,10,공업계열,43,스마트헬스과,SH0005,스마트헬스캡스톤디자인,2,1,C,A,NCS
166,2021,10,공업계열,43,스마트헬스과,SH0006,IoT캡스톤디자인,2,1,A,A,NCS
167,2021,10,공업계열,43,스마트헬스과,SH0006,IoT캡스톤디자인,2,1,C,A,NCS
168,2021,10,공업계열,43,스마트헬스과,SH0012,의용기계공학,2,1,A,A,NCS
169,2021,10,공업계열,43,스마트헬스과,SH0012,의용기계공학,2,1,C,A,NCS
170,2021,10,공업계열,43,스마트헬스과,SH0013,차세대통신공학,2,1,A,A,NCS
171,2021,10,공업계열,43,스마트헬스과,SH0013,차세대통신공학,2,1,C,A,NCS
172,2021,10,공업계열,43,스마트헬스과,SH0014,마이크로프로세서실습,2,1,A,A,NCS
173,2021,10,공업계열,43,스마트헬스과,SH0014,마이크로프로세서실습,2,1,C,A,NCS
174,2021,30,인문사회계열,24,사회복지과,CC0074,커리어디자인,2,1,A,B,직업기초
175,2021,30,인문사회계열,24,사회복지과,CC0080,AI시대 살아가기,2,1,A,B,직업기초
176,2021,30,인문사회계열,24,사회복지과,IM0368,사회복지실천기술론,2,1,A,A,NCS
177,2021,30,인문사회계열,24,사회복지과,IM0370,장애인복지론,2,1,A,A,NCS
178,2021,40,예능계열,30,융합디자인과,CC0075,프로젝트관리하기,2,1,A,B,직업기초
179,2021,40,예능계열,30,융합디자인과,ID1140,포장디자인개발,2,1,A,A,NCS
180,2021,40,예능계열,30,융합디자인과,ID1141,브랜드관리,2,1,A,A,NCS
181,2021,40,예능계열,30,융합디자인과,ID1146,융합캡스톤디자인,2,1,A,A,NCS
182,2021,10,공업계열,22,바이오생명의약과,BI1002,안전성평가와 GLP,3,1,A,A,NCS
183,2021,10,공업계열,22,바이오생명의약과,BI1155,바이오의약품질관리분석,3,1,A,A,NCS
184,2021,10,공업계열,22,바이오생명의약과,BI1160,배양정제기술Ⅰ,3,1,A,A,NCS
185,2021,10,공업계열,22,바이오생명의약과,BI1162,의약소재단백질정제,3,1,A,A,NCS
186,2021,10,공업계열,22,바이오생명의약과,CC0082,취업마켓,3,1,A,B,직업기초
187,2021,10,공업계열,12,기계자동차과,ME0097,3D-CAD,1,2,B,A,NCS
188,2021,10,공업계열,12,기계자동차과,ME0097,3D-CAD,1,2,C,A,NCS
189,2021,10,공업계열,12,기계자동차과,ME0973,기계설계제도,1,2,B,A,NCS
190,2021,10,공업계열,12,기계자동차과,ME0973,기계설계제도,1,2,C,A,NCS
191,2021,10,공업계열,12,기계자동차과,ME0975,자동차전기실습,1,2,A,A,NCS
192,2021,10,공업계열,12,기계자동차과,ME0976,CAM,1,2,C,A,NCS
193,2021,10,공업계열,12,기계자동차과,ME0985,2D-CAD,1,2,A,A,NCS
194,2021,10,공업계열,12,기계자동차과,ME0985,2D-CAD,1,2,B,A,NCS
195,2021,10,공업계열,12,기계자동차과,ME0985,2D-CAD,1,2,C,A,NCS
196,2021,10,공업계열,12,기계자동차과,ME1001,공작기계실습,1,2,A,A,NCS
197,2021,10,공업계열,12,기계자동차과,ME1001,공작기계실습,1,2,B,A,NCS
198,2021,10,공업계열,12,기계자동차과,ME1001,공작기계실습,1,2,C,A,NCS
199,2021,10,공업계열,12,기계자동차과,ME1002,자동차기관공학,1,2,A,A,NCS
200,2021,10,공업계열,2,전기에너지시스템과,CC0071,말과 글,1,2,A,B,직업기초
201,2021,10,공업계열,2,전기에너지시스템과,CC0077,정보와 나,1,2,A,B,직업기초
202,2021,10,공업계열,2,전기에너지시스템과,EE0142,전력공학,1,2,A,A,NCS
203,2021,10,공업계열,2,전기에너지시스템과,EE0321,전기설비 및 시설기준,1,2,A,A,NCS
204,2021,10,공업계열,2,전기에너지시스템과,EE0988,전력전자Ⅰ,1,2,A,A,NCS
205,2021,10,공업계열,22,바이오생명의약과,BI0996,실험동물학개론,1,2,A,A,NCS
206,2021,10,공업계열,22,바이오생명의약과,BI0996,실험동물학개론,1,2,B,A,NCS
207,2021,10,공업계열,22,바이오생명의약과,BI1123,산업미생물학,1,2,A,A,NCS
208,2021,10,공업계열,22,바이오생명의약과,BI1123,산업미생물학,1,2,B,A,NCS
209,2021,10,공업계열,22,바이오생명의약과,BI1145,미생물공학실습,1,2,A,A,NCS
210,2021,10,공업계열,22,바이오생명의약과,BI1145,미생물공학실습,1,2,B,A,NCS
211,2021,10,공업계열,22,바이오생명의약과,BI1146,유전자공학실험,1,2,A,A,NCS
212,2021,10,공업계열,22,바이오생명의약과,BI1146,유전자공학실험,1,2,B,A,NCS
213,2021,10,공업계열,22,바이오생명의약과,CC0070,인성과 교양,1,2,A,B,직업기초
214,2021,10,공업계열,22,바이오생명의약과,CC0070,인성과 교양,1,2,B,B,직업기초
215,2021,10,공업계열,22,바이오생명의약과,CC0077,정보와 나,1,2,A,B,직업기초
216,2021,10,공업계열,22,바이오생명의약과,CC0077,정보와 나,1,2,B,B,직업기초
217,2021,10,공업계열,22,바이오생명의약과,CC0078,리소스 관리,1,2,A,B,직업기초
218,2021,10,공업계열,22,바이오생명의약과,CC0078,리소스 관리,1,2,B,B,직업기초
219,2021,10,공업계열,36,반도체전자과,CC0072,실무영어,1,2,A,B,직업기초
220,2021,10,공업계열,36,반도체전자과,IT1024,전자회로,1,2,A,A,NCS
221,2021,10,공업계열,36,반도체전자과,IT1025,전자회로실험,1,2,A,A,NCS
222,2021,10,공업계열,36,반도체전자과,IT1026,회로해석,1,2,A,A,NCS
223,2021,10,공업계열,36,반도체전자과,IT1042,VHDL실습,1,2,A,A,NCS
224,2021,10,공업계열,36,반도체전자과,IT1043,전자기학,1,2,A,A,NCS
225,2021,10,공업계열,36,반도체전자과,IT1047,반도체소자,1,2,A,A,NCS
226,2021,10,공업계열,36,반도체전자과,IT1059,컴퓨터공학개론,1,2,A,A,NCS
227,2021,10,공업계열,39,환경보건학과,CC0071,말과 글,1,2,A,B,직업기초
228,2021,10,공업계열,39,환경보건학과,CC0071,말과 글,1,2,C,B,직업기초
229,2021,10,공업계열,39,환경보건학과,CC0074,커리어디자인,1,2,A,B,직업기초
230,2021,10,공업계열,39,환경보건학과,CC0074,커리어디자인,1,2,C,B,직업기초
231,2021,10,공업계열,39,환경보건학과,CC0079,조직사회의 이해,1,2,A,B,직업기초
232,2021,10,공업계열,39,환경보건학과,CC0079,조직사회의 이해,1,2,C,B,직업기초
233,2021,10,공업계열,39,환경보건학과,EI0974,수질오염방지기술Ⅰ,1,2,A,A,NCS
234,2021,10,공업계열,39,환경보건학과,EI0974,수질오염방지기술Ⅰ,1,2,C,A,NCS
235,2021,10,공업계열,40,컴퓨터드론과,CC0071,말과 글,1,2,A,B,직업기초
236,2021,10,공업계열,40,컴퓨터드론과,CC0071,말과 글,1,2,B,B,직업기초
237,2021,10,공업계열,40,컴퓨터드론과,CC0074,커리어디자인,1,2,A,B,직업기초
238,2021,10,공업계열,40,컴퓨터드론과,CC0074,커리어디자인,1,2,B,B,직업기초
239,2021,10,공업계열,40,컴퓨터드론과,CD0008,운영체제,1,2,A,A,NCS
240,2021,10,공업계열,40,컴퓨터드론과,CD0008,운영체제,1,2,B,A,NCS
241,2021,10,공업계열,40,컴퓨터드론과,CD0009,리눅스기초,1,2,A,A,NCS
242,2021,10,공업계열,40,컴퓨터드론과,CD0009,리눅스기초,1,2,B,A,NCS
243,2021,10,공업계열,40,컴퓨터드론과,CD0010,데이터베이스시스템,1,2,A,A,NCS
244,2021,10,공업계열,40,컴퓨터드론과,CD0010,데이터베이스시스템,1,2,B,A,NCS
245,2021,10,공업계열,40,컴퓨터드론과,CD0011,알고리즘실습,1,2,A,A,NCS
246,2021,10,공업계열,40,컴퓨터드론과,CD0011,알고리즘실습,1,2,B,A,NCS
247,2021,10,공업계열,40,컴퓨터드론과,CD0012,Java프로그래밍,1,2,A,A,NCS
248,2021,10,공업계열,40,컴퓨터드론과,CD0012,Java프로그래밍,1,2,B,A,NCS
249,2021,10,공업계열,40,컴퓨터드론과,CD0013,C프로그래밍,1,2,A,A,NCS
250,2021,10,공업계열,40,컴퓨터드론과,CD0013,C프로그래밍,1,2,B,A,NCS
251,2021,10,공업계열,41,조리제빵과,CB0025,한식조리실습Ⅱ,1,2,A,A,NCS
252,2021,10,공업계열,41,조리제빵과,CB0031,와인제조실습,1,2,A,A,NCS
253,2021,10,공업계열,41,조리제빵과,CB0035,제빵식품화학실습,1,2,A,A,NCS
254,2021,10,공업계열,41,조리제빵과,CC0076,사람과 사람사이,1,2,A,B,직업기초
255,2021,10,공업계열,41,조리제빵과,FE0241,공중보건학,1,2,A,A,NCS
256,2021,10,공업계열,42,소방행정과,CC0074,커리어디자인,1,2,A,B,직업기초
257,2021,10,공업계열,42,소방행정과,CC0076,사람과 사람사이,1,2,A,B,직업기초
258,2021,10,공업계열,42,소방행정과,FA0001,한국사,1,2,A,A,NCS
259,2021,10,공업계열,42,소방행정과,FA0006,사무관리론,1,2,A,A,NCS
260,2021,10,공업계열,42,소방행정과,FA0006,사무관리론,1,2,C,A,NCS
261,2021,10,공업계열,42,소방행정과,FA0015,소방공학수학,1,2,A,A,NCS
262,2021,10,공업계열,42,소방행정과,FA0015,소방공학수학,1,2,C,A,NCS
263,2021,10,공업계열,42,소방행정과,FA0016,소방재정론,1,2,A,A,NCS
264,2021,10,공업계열,42,소방행정과,FA0028,위험물시설론,1,2,A,A,NCS
265,2021,10,공업계열,42,소방행정과,FA0028,위험물시설론,1,2,C,A,NCS
266,2021,10,공업계열,42,소방행정과,FA0030,소방인사론,1,2,C,A,NCS
267,2021,10,공업계열,42,소방행정과,FA0032,소방경보시스템공학,1,2,A,A,NCS
268,2021,10,공업계열,42,소방행정과,FA0032,소방경보시스템공학,1,2,C,A,NCS
269,2021,10,공업계열,43,스마트헬스과,CC0071,말과 글,1,2,A,B,직업기초
270,2021,10,공업계열,43,스마트헬스과,CC0071,말과 글,1,2,C,B,직업기초
271,2021,10,공업계열,43,스마트헬스과,CC0074,커리어디자인,1,2,A,B,직업기초
272,2021,10,공업계열,43,스마트헬스과,CC0074,커리어디자인,1,2,C,B,직업기초
273,2021,10,공업계열,43,스마트헬스과,SH0002,스마트건강관리,1,2,A,A,NCS
274,2021,10,공업계열,43,스마트헬스과,SH0002,스마트건강관리,1,2,C,A,NCS
275,2021,10,공업계열,43,스마트헬스과,SH0003,프로그래밍응용및실습,1,2,A,A,NCS
276,2021,10,공업계열,43,스마트헬스과,SH0003,프로그래밍응용및실습,1,2,C,A,NCS
277,2021,10,공업계열,43,스마트헬스과,SH0004,인공지능입문,1,2,A,A,NCS
278,2021,10,공업계열,43,스마트헬스과,SH0004,인공지능입문,1,2,C,A,NCS
279,2021,10,공업계열,43,스마트헬스과,SH0010,의공수학,1,2,A,A,NCS
280,2021,10,공업계열,43,스마트헬스과,SH0010,의공수학,1,2,C,A,NCS
281,2021,10,공업계열,43,스마트헬스과,SH0011,스마트헬스케어,1,2,A,A,NCS
282,2021,10,공업계열,43,스마트헬스과,SH0011,스마트헬스케어,1,2,C,A,NCS
283,2021,30,인문사회계열,24,사회복지과,CC0076,사람과 사람사이,1,2,A,B,직업기초
284,2021,30,인문사회계열,24,사회복지과,CC0081,인간심리와 예술,1,2,A,B,직업기초
285,2021,30,인문사회계열,24,사회복지과,IM0350,사회복지실천론,1,2,A,A,NCS
286,2021,30,인문사회계열,24,사회복지과,IM0351,사회복지행정론,1,2,C,A,NCS
287,2021,30,인문사회계열,24,사회복지과,IM0363,지역사회복지론,1,2,A,A,NCS
288,2021,30,인문사회계열,24,사회복지과,IM0390,사회복지조사론,1,2,A,A,NCS
289,2021,30,인문사회계열,24,사회복지과,IM0394,자원봉사론,1,2,A,A,NCS
290,2021,30,인문사회계열,24,사회복지과,IM0414,상담캡스톤디자인,1,2,A,A,NCS
291,2021,40,예능계열,30,융합디자인과,CC0072,실무영어,1,2,A,B,직업기초
292,2021,40,예능계열,30,융합디자인과,CC0072,실무영어,1,2,C,B,직업기초
293,2021,40,예능계열,30,융합디자인과,CC0074,커리어디자인,1,2,A,B,직업기초
294,2021,40,예능계열,30,융합디자인과,CC0074,커리어디자인,1,2,C,B,직업기초
295,2021,40,예능계열,30,융합디자인과,CC0076,사람과 사람사이,1,2,A,B,직업기초
296,2021,40,예능계열,30,융합디자인과,CC0076,사람과 사람사이,1,2,C,B,직업기초
297,2021,40,예능계열,30,융합디자인과,ID1104,아이데이션,1,2,A,A,NCS
298,2021,40,예능계열,30,융합디자인과,ID1104,아이데이션,1,2,C,A,NCS
299,2021,40,예능계열,30,융합디자인과,ID1111,비주얼스토리텔링,1,2,A,A,NCS
300,2021,40,예능계열,30,융합디자인과,ID1111,비주얼스토리텔링,1,2,C,A,NCS
301,2021,40,예능계열,30,융합디자인과,ID1147,모형제작,1,2,A,A,NCS
302,2021,40,예능계열,30,융합디자인과,ID1147,모형제작,1,2,C,A,NCS
303,2021,10,공업계열,12,기계자동차과,CC0074,커리어디자인,2,2,A,B,직업기초
304,2021,10,공업계열,12,기계자동차과,CC0074,커리어디자인,2,2,B,B,직업기초
305,2021,10,공업계열,12,기계자동차과,ME0969,CAM실무,2,2,B,A,NCS
306,2021,10,공업계열,12,기계자동차과,ME0977,자동차기관정비Ⅱ,2,2,A,A,NCS
307,2021,10,공업계열,12,기계자동차과,ME0978,자동차섀시실습Ⅱ,2,2,A,A,NCS
308,2021,10,공업계열,12,기계자동차과,ME0990,동력전달요소설계,2,2,B,A,NCS
309,2021,10,공업계열,12,기계자동차과,ME0991,캡스톤디자인,2,2,A,A,NCS
310,2021,10,공업계열,12,기계자동차과,ME0991,캡스톤디자인,2,2,B,A,NCS
311,2021,10,공업계열,12,기계자동차과,ME0994,자동차전자제어실습 Ⅱ,2,2,A,A,NCS
312,2021,10,공업계열,2,전기에너지시스템과,EE0356,전기설비 Ⅱ,2,2,A,A,NCS
313,2021,10,공업계열,2,전기에너지시스템과,EE0981,전력전자실험,2,2,A,A,NCS
314,2021,10,공업계열,2,전기에너지시스템과,EE0982,자동제어실험,2,2,A,A,NCS
315,2021,10,공업계열,2,전기에너지시스템과,EE0983,태양광발전설비실험,2,2,A,A,NCS
316,2021,10,공업계열,2,전기에너지시스템과,EE0984,전기설비실습,2,2,A,A,NCS
317,2021,10,공업계열,2,전기에너지시스템과,EE0985,종합설계제작,2,2,A,A,NCS
318,2021,10,공업계열,22,바이오생명의약과,BI1015,독성학,2,2,A,A,NCS
319,2021,10,공업계열,22,바이오생명의약과,BI1144,제약생물공학,2,2,A,A,NCS
320,2021,10,공업계열,22,바이오생명의약과,BI1150,독성학실습,2,2,A,A,NCS
321,2021,10,공업계열,22,바이오생명의약과,BI1152,제약기기분석학Ⅱ,2,2,A,A,NCS
322,2021,10,공업계열,22,바이오생명의약과,BI1163,바이오시밀러배양실습,2,2,A,A,NCS
323,2021,10,공업계열,22,바이오생명의약과,BI1166,바이오진단화학,2,2,A,A,NCS
324,2021,10,공업계열,36,반도체전자과,CC0075,프로젝트관리하기,2,2,A,B,직업기초
325,2021,10,공업계열,36,반도체전자과,CC0083,창업의 세계,2,2,A,B,직업기초
326,2021,10,공업계열,36,반도체전자과,IT1034,센서실험,2,2,A,A,NCS
327,2021,10,공업계열,36,반도체전자과,IT1035,아날로그레이아웃실습,2,2,A,A,NCS
328,2021,10,공업계열,36,반도체전자과,IT1036,반도체종합공정,2,2,A,A,NCS
329,2021,10,공업계열,36,반도체전자과,IT1046,데이터통신및컴퓨터망,2,2,A,A,NCS
330,2021,10,공업계열,36,반도체전자과,IT1060,융합캡스톤디자인,2,2,A,A,NCS
331,2021,10,공업계열,36,반도체전자과,IT1061,IoT캡스톤디자인,2,2,A,A,NCS
332,2021,10,공업계열,39,환경보건학과,CC0082,취업마켓,2,2,A,B,직업기초
333,2021,10,공업계열,39,환경보건학과,EH0031,인간과 환경,2,2,A,A,NCS
334,2021,10,공업계열,39,환경보건학과,EI0985,수질환경실무,2,2,A,A,NCS
335,2021,10,공업계열,39,환경보건학과,EI0986,작업환경실무,2,2,A,A,NCS
336,2021,10,공업계열,40,컴퓨터드론과,CC0083,창업의 세계,2,2,A,B,직업기초
337,2021,10,공업계열,40,컴퓨터드론과,CC0083,창업의 세계,2,2,B,B,직업기초
338,2021,10,공업계열,40,컴퓨터드론과,CD0022,프로그래밍프로젝트,2,2,A,A,NCS
339,2021,10,공업계열,40,컴퓨터드론과,CD0022,프로그래밍프로젝트,2,2,B,A,NCS
340,2021,10,공업계열,40,컴퓨터드론과,CD0023,웹시스템프로젝트,2,2,A,A,NCS
341,2021,10,공업계열,40,컴퓨터드론과,CD0023,웹시스템프로젝트,2,2,B,A,NCS
342,2021,10,공업계열,40,컴퓨터드론과,CD0024,빅데이터프로젝트,2,2,A,A,NCS
343,2021,10,공업계열,40,컴퓨터드론과,CD0024,빅데이터프로젝트,2,2,B,A,NCS
344,2021,10,공업계열,40,컴퓨터드론과,CD0025,IoT융합캡스톤디자인,2,2,A,A,NCS
345,2021,10,공업계열,40,컴퓨터드론과,CD0025,IoT융합캡스톤디자인,2,2,B,A,NCS
346,2021,10,공업계열,40,컴퓨터드론과,CD0026,드론프로젝트,2,2,A,A,NCS
347,2021,10,공업계열,41,조리제빵과,CB0033,발효식품실습,2,2,A,A,NCS
348,2021,10,공업계열,41,조리제빵과,CB0037,제빵생화학실습,2,2,A,A,NCS
349,2021,10,공업계열,41,조리제빵과,CC0083,창업의 세계,2,2,A,B,직업기초
350,2021,10,공업계열,41,조리제빵과,FE1024,융합캡스톤디자인,2,2,A,A,NCS
351,2021,10,공업계열,42,소방행정과,FA0005,공무원국어Ⅱ,2,2,A,A,NCS
352,2021,10,공업계열,42,소방행정과,FA0025,소방체육,2,2,A,A,NCS
353,2021,10,공업계열,42,소방행정과,FA0029,소방검사론,2,2,A,A,NCS
354,2021,10,공업계열,43,스마트헬스과,SH0015,생체역학,2,2,A,A,NCS
355,2021,10,공업계열,43,스마트헬스과,SH0015,생체역학,2,2,B,A,NCS
356,2021,10,공업계열,43,스마트헬스과,SH0016,융합스마트헬스캡스톤디자인,2,2,A,A,NCS
357,2021,10,공업계열,43,스마트헬스과,SH0016,융합스마트헬스캡스톤디자인,2,2,B,A,NCS
358,2021,10,공업계열,43,스마트헬스과,SH0017,마이크로프로세서응용및실습,2,2,A,A,NCS
359,2021,10,공업계열,43,스마트헬스과,SH0017,마이크로프로세서응용및실습,2,2,B,A,NCS
360,2021,10,공업계열,43,스마트헬스과,SH0018,융합IoT캡스톤디자인,2,2,A,A,NCS
361,2021,10,공업계열,43,스마트헬스과,SH0018,융합IoT캡스톤디자인,2,2,B,A,NCS
362,2021,10,공업계열,43,스마트헬스과,SH0019,의료영상공학및실습,2,2,A,A,NCS
363,2021,10,공업계열,43,스마트헬스과,SH0019,의료영상공학및실습,2,2,B,A,NCS
364,2021,10,공업계열,43,스마트헬스과,SH0020,3D프린팅,2,2,A,A,NCS
365,2021,10,공업계열,43,스마트헬스과,SH0020,3D프린팅,2,2,B,A,NCS
366,2021,30,인문사회계열,24,사회복지과,IM0126,가족복지론,2,2,A,A,NCS
367,2021,30,인문사회계열,24,사회복지과,IM0351,사회복지행정론,2,2,A,A,NCS
368,2021,30,인문사회계열,24,사회복지과,IM0381,사회복지현장실습,2,2,A,A,NCS
369,2021,30,인문사회계열,24,사회복지과,IM0381,사회복지현장실습,2,2,C,A,NCS
370,2021,40,예능계열,30,융합디자인과,ID1115,광고디자인,2,2,A,A,NCS
371,2021,40,예능계열,30,융합디자인과,ID1118,프레젠테이션,2,2,A,A,NCS
372,2021,40,예능계열,30,융합디자인과,ID1121,창업프로젝트기획,2,2,A,A,NCS
373,2021,10,공업계열,22,바이오생명의약과,BI1165,바이오시밀러정제,3,2,A,A,NCS
374,2021,10,공업계열,22,바이오생명의약과,BI1167,바이오의약품제조,3,2,A,A,NCS
375,2021,10,공업계열,22,바이오생명의약과,BI1169,바이오의약품생산관리,3,2,A,A,NCS
376,2021,30,인문사회계열,24,사회복지과,IM0363,지역사회복지론,1,3,,A,NCS
377,2021,30,인문사회계열,24,사회복지과,IM0389,인간행동과 사회환경,1,3,,A,NCS
