﻿,0,1,2,3
0,제목,동영상링크,조회수,등록일
1,로봇체험관 OPEN,http://www.gumissyouth.org/~ssyouth/movie/20151223-RobotOpen.mp4,862,2016-02-28
2,청소년운영위원회 홍보영상,http://www.gumissyouth.org/~ssyouth/movie/20151223-WoonYoungHonBo.mp40,1734,2016-02-28
3,2018년 구미시선산청소년수련관 홍보영상,http://www.gumissyouth.org/~ssyouth/movie/2018-Gumi_PR_video.mp4,388,2020-01-23
4,2020년 여름방학특성화프로그램운영,http://www.gumissyouth.org/~ssyouth/movie/20200828-news.mp4,210,2020-08-28
5,선산청소년수련관 청소년 E-스포츠대회 롤(LOL)러와 본선경기!!!,https://youtu.be/VogBtOlxdco,69,2021-07-13
6,2021년 문화강좌 비대면 발표회 영상,https://youtu.be/q35k0Kbd5kk,93,2021-07-16
