﻿,0,1,2,3
0,구분,과목명,세부과목,교육시간
1,상수도 법정교육,수도시설 관리자과정,상수도 정책방향,3 
2,상수도 법정교육,수도시설 관리자과정,수도법 및 관련 법규의 이해,2 
3,상수도 법정교육,수도시설 관리자과정,수도법관련 지방자치단체 수도급수조례 해석,3 
4,상수도 법정교육,수도시설 관리자과정,지방상수도 경영효율화 방안,3 
5,상수도 법정교육,수도시설 관리자과정,수도시설 사고사례 및 대응방법,2 
6,상수도 법정교육,수도시설 관리자과정,상수도 경영평가의 이해 및 우수사례,4 
7,상수도 법정교육,수도시설 관리자과정,재무제표 및 경영분석,3 
8,상수도 법정교육,수도시설 관리자과정,국내외 물산업 기술동향,2 
9,상수도 법정교육,수도시설 관리자과정,현장견학,7 
10,상수도 법정교육,수도시설 관리자과정,소양교육,4 
11,상수도 법정교육,수도시설 관리자과정,오리엔테이션 및 평가,2 
12,상수도 법정교육,상수도행정 기본과정,수도법의 이해,2 
13,상수도 법정교육,상수도행정 기본과정,표준정수처리 공정관리 운영실무,5 
14,상수도 법정교육,상수도행정 기본과정,상수도 정책방향,2 
15,상수도 법정교육,상수도행정 기본과정,수도법관련 지방자치단체 수도급수조례 해석,2 
16,상수도 법정교육,상수도행정 기본과정,수도요금 과징실무,2 
17,상수도 법정교육,상수도행정 기본과정,민원접수 및 처리,2 
18,상수도 법정교육,상수도행정 기본과정,계약실무의 이해,3 
19,상수도 법정교육,상수도행정 기본과정,상수도시설 자산관리,2 
20,상수도 법정교육,상수도행정 기본과정,수도시설 사고사례 및 대응방법,2 
21,상수도 법정교육,상수도행정 기본과정,보고서 작성법,2 
22,상수도 법정교육,상수도행정 기본과정,현장견학,7 
23,상수도 법정교육,상수도행정 심화과정,상수도 정책방향,3 
24,상수도 법정교육,상수도행정 심화과정,수도법의 이해,2 
25,상수도 법정교육,상수도행정 심화과정,수도법관련 지방자치단체 수도급수조례 해석,2 
26,상수도 법정교육,상수도행정 심화과정,지방상수도 경영효율화 방안,3 
27,상수도 법정교육,상수도행정 심화과정,정수처리의 이해,3 
28,상수도 법정교육,상수도행정 심화과정,수도요금 과징실무,2 
29,상수도 법정교육,상수도행정 심화과정,수도시설 사고사례 및 대응방법,2 
30,상수도 법정교육,상수도행정 심화과정,계약실무의 이해,3 
31,상수도 법정교육,상수도행정 심화과정,상수도시설 자산관리,2 
32,상수도 법정교육,상수도행정 심화과정,상수도 민원 및 사고사례,2 
33,상수도 법정교육,상수도행정 심화과정,현장견학,7 
34,상수도 법정교육,배급수관리 기본과정,수도법의 이해,2 
35,상수도 법정교육,배급수관리 기본과정,표준정수처리 공정관리 운영실무,5 
36,상수도 법정교육,배급수관리 기본과정,상수도 정책방향,2 
37,상수도 법정교육,배급수관리 기본과정,급수설비 유지관리,2 
38,상수도 법정교육,배급수관리 기본과정,급수공사 일반 및 사례,2 
39,상수도 법정교육,배급수관리 기본과정,옥내급수관 관리실무,2 
40,상수도 법정교육,배급수관리 기본과정,송배수시설 유지관리,2 
41,상수도 법정교육,배급수관리 기본과정,관망해석 및 진단,3 
42,상수도 법정교육,배급수관리 기본과정,상수도시설 현대화와 유수율 제고사례,2 
43,상수도 법정교육,배급수관리 기본과정,수도시설 사고사례 및 대응방법,2 
44,상수도 법정교육,배급수관리 기본과정,현장견학,7 
45,상수도 법정교육,수계전환 담당자과정,상수도 정책방향,4 
46,상수도 법정교육,수계전환 담당자과정,수도법의 이해,2 
47,상수도 법정교육,수계전환 담당자과정,수도시설 사고사례 및 대응방법,4 
48,상수도 법정교육,수계전환 담당자과정,옥내급수관 관리실무,2 
49,상수도 법정교육,수계전환 담당자과정,관수로 수리학 및 EPAnet 실습,2 
50,상수도 법정교육,수계전환 담당자과정,관망 누수탐사 사례 및 장비 실습,2 
51,상수도 법정교육,수계전환 담당자과정,수계전환 이론 및 사례,4 
52,상수도 법정교육,수계전환 담당자과정,상수도시설 현대화와 유수율 제고사례,2 
53,상수도 법정교육,수계전환 담당자과정,단수·통수 및 수계전환 업무지침의 이해,2 
54,상수도 법정교육,수계전환 담당자과정,현장견학,7 
55,하수도 법정교육,하수도 관리자과정,하수처리 및 슬러지처리 개요,2 
56,하수도 법정교육,하수도 관리자과정,하수도계획,1 
57,하수도 법정교육,하수도 관리자과정,고도처리 및 처리수 재이용,1 
58,하수도 법정교육,하수도 관리자과정,하수처리시설 운전 및 안전관리,2 
59,하수도 법정교육,하수도 관리자과정,하수처리시설의 이상현상 및 원인,1 
60,하수도 법정교육,하수도 관리자과정,전기설비 및 계장설비,1 
61,하수도 법정교육,하수도 관리자과정,하수도법 및 정책방향,2 
62,하수도 법정교육,하수도 관리자과정,하수도의 역사 및 발전방향,2 
63,하수도 법정교육,하수도 관리자과정,하수도시설기준 주요 내용,2 
64,하수도 법정교육,하수도 관리자과정,선진하수처리공정 비교검토,2 
65,하수도 법정교육,하수도 관리자과정,지방하수도 경영관리,2 
66,하수도 법정교육,하수도 관리자과정,효율적인 공공하수도 운영관리 방안,3 
67,하수도 법정교육,하수도 관리자과정,하수도 사고사례 및 위기관리 대응방안,2 
68,하수도 법정교육,하수도 관리자과정,분임토의,2 
69,하수도 법정교육,하수도 관리자과정,현장교육,5 
70,하수도 법정교육,하수도행정과정,하수처리 및 슬러지처리 개요,2 
71,하수도 법정교육,하수도행정과정,하수도계획,1 
72,하수도 법정교육,하수도행정과정,고도처리 및 처리수 재이용,1 
73,하수도 법정교육,하수도행정과정,하수처리시설 운전 및 안전관리,2 
74,하수도 법정교육,하수도행정과정,하수처리시설의 이상현상 및 원인,1 
75,하수도 법정교육,하수도행정과정,전기설비 및 계장설비,1 
76,하수도 법정교육,하수도행정과정,하수도법 및 정책방향,2 
77,하수도 법정교육,하수도행정과정,하수도 요금의 이해,2 
78,하수도 법정교육,하수도행정과정,하수도 원인자부담금 사무 주요사례,2 
79,하수도 법정교육,하수도행정과정,공기업 회계실무,2 
80,하수도 법정교육,하수도행정과정,원인자부담금의 이해,2 
81,하수도 법정교육,하수도행정과정,민간위탁 서비스평가,3 
82,하수도 법정교육,하수도행정과정,지방공기업 평가,2 
83,하수도 법정교육,하수도행정과정,분임토의,2 
84,하수도 법정교육,하수도행정과정,현장교육,5 
85,하수도 법정교육,공공하수처리 시설운영요원과정,하수처리 및 슬러지처리 개요,2 
86,하수도 법정교육,공공하수처리 시설운영요원과정,하수도계획,1 
87,하수도 법정교육,공공하수처리 시설운영요원과정,고도처리 및 처리수 재이용,1 
88,하수도 법정교육,공공하수처리 시설운영요원과정,하수처리시설 운전 및 안전관리,2 
89,하수도 법정교육,공공하수처리 시설운영요원과정,하수처리시설의 이상현상 및 원인,1 
90,하수도 법정교육,공공하수처리 시설운영요원과정,전기설비 및 계장설비,1 
91,하수도 법정교육,공공하수처리 시설운영요원과정,하수도법 및 정책방향,2 
92,하수도 법정교육,공공하수처리 시설운영요원과정,하수도사업의 개요,2 
93,하수도 법정교육,공공하수처리 시설운영요원과정,생물학적 처리의 이해,2 
94,하수도 법정교육,공공하수처리 시설운영요원과정,물리화학적 처리의 이해,2 
95,하수도 법정교육,공공하수처리 시설운영요원과정,하수처리설비 운영관리(전기계측분야),2 
96,하수도 법정교육,공공하수처리 시설운영요원과정,하수처리설비 운영관리(기계설비분야),3 
97,하수도 법정교육,공공하수처리 시설운영요원과정,하수처리장 이상현상진단 및 위기대응방안,2 
98,하수도 법정교육,공공하수처리 시설운영요원과정,질식재해예방 안전보건교육,2 
99,하수도 법정교육,공공하수처리 시설운영요원과정,현장교육,5 
100,하수도 법정교육,공공하수도 관리대행업 기술인력과정,하수처리 및 슬러지처리 개요,2 
101,하수도 법정교육,공공하수도 관리대행업 기술인력과정,하수도계획,1 
102,하수도 법정교육,공공하수도 관리대행업 기술인력과정,고도처리 및 처리수 재이용,1 
103,하수도 법정교육,공공하수도 관리대행업 기술인력과정,하수처리시설 운전 및 안전관리,2 
104,하수도 법정교육,공공하수도 관리대행업 기술인력과정,하수처리시설의 이상현상 및 원인,1 
105,하수도 법정교육,공공하수도 관리대행업 기술인력과정,전기설비 및 계장설비,1 
106,하수도 법정교육,공공하수도 관리대행업 기술인력과정,하수도법 및 정책방향,2 
107,하수도 법정교육,공공하수도 관리대행업 기술인력과정,하수처리공정의 이해,2 
108,하수도 법정교육,공공하수도 관리대행업 기술인력과정,하수도 종합정보관리시스템 소개 및 활용,2 
109,하수도 법정교육,공공하수도 관리대행업 기술인력과정,하수처리장 이상현상진단 및 위기대응방안,2 
110,하수도 법정교육,공공하수도 관리대행업 기술인력과정,하수처리 기계설비,2 
111,상수도 전문교육,관망관리 및 유수율제고과정,상수관망최적관리시스템,3 
112,상수도 전문교육,관망관리 및 유수율제고과정,관로부속설비 운영관리,2 
113,상수도 전문교육,관망관리 및 유수율제고과정,상수관망 유지관리 기술,3 
114,상수도 전문교육,관망관리 및 유수율제고과정,자산관리 기반 관망관리,3 
115,상수도 전문교육,관망관리 및 유수율제고과정,상수도 관망진단 및 해석,3 
116,상수도 전문교육,관망관리 및 유수율제고과정,배급수관 세척기술의 이해,2 
117,상수도 전문교육,관망관리 및 유수율제고과정,유수율제고 사례,2 
118,상수도 전문교육,관망관리 및 유수율제고과정,유량계 유지관리,2 
119,상수도 전문교육,관망관리 및 유수율제고과정,노후관로 진단 및 갱생방법의 이해,3 
120,상수도 전문교육,관망관리 및 유수율제고과정,시설견학,7 
121,상수도 전문교육,상수도설계 기준과정,총론,2 
122,상수도 전문교육,상수도설계 기준과정,수원과 저수시설,2 
123,상수도 전문교육,상수도설계 기준과정,취수 및 도수시설,2 
124,상수도 전문교육,상수도설계 기준과정,정수시설,2 
125,상수도 전문교육,상수도설계 기준과정,송수 및 배수시설,3 
126,상수도 전문교육,상수도설계 기준과정,막여과 및 해수담수화설비,3 
127,상수도 전문교육,상수도설계 기준과정,전기설비,2 
128,상수도 전문교육,상수도설계 기준과정,계측제어설비,2 
129,상수도 전문교육,상수도설계 기준과정,급수설비,3 
130,상수도 전문교육,상수도설계 기준과정,기계설비,2 
131,상수도 전문교육,상수도설계 기준과정,시설견학,7 
132,상수도 전문교육,스마트 상수도 이해과정,상수도 발전사 및 현황 이해,3 
133,상수도 전문교육,스마트 상수도 이해과정,국내외 물산업 기술동향,2 
134,상수도 전문교육,스마트 상수도 이해과정,상수도 경영 효율화 방안,2 
135,상수도 전문교육,스마트 상수도 이해과정,상수도 시설의 자산관리,2 
136,상수도 전문교육,스마트 상수도 이해과정,디지털 수도미터와 원격검침,2 
137,상수도 전문교육,스마트 상수도 이해과정,ICT 기술기반 수도시설 에너지 절감 기술,3 
138,상수도 전문교육,스마트 상수도 이해과정,해수담수화 시장 및 기술의 이해,3 
139,상수도 전문교육,정수장 수질사고 사례 및 대응과정,수도법 및 상수도 정책방향(수돗물 안전관리 대책 등),2 
140,상수도 전문교육,정수장 수질사고 사례 및 대응과정,정수장 수질사고 사례 및 대응방안,3 
141,상수도 전문교육,정수장 수질사고 사례 및 대응과정,단수·통수 및 수계전환 업무지침의 이해,2 
142,상수도 전문교육,정수장 수질사고 사례 및 대응과정,정수처리 공정관리 및 운영사례,4 
143,상수도 전문교육,정수장 수질사고 사례 및 대응과정,수도사업장 안전관리,2 
144,상수도 전문교육,정수장 수질사고 사례 및 대응과정,스마트 물관리 및 ICT 기반 기술,2 
145,상수도 전문교육,정수장 수질사고 사례 및 대응과정,조류대응 및 수질관리,2 
146,하수도 전문교육,공공하수도시설 유지관리과정,공공하수도시설 유지관리 개요,3 
147,하수도 전문교육,공공하수도시설 유지관리과정,수처리공법 및 유지관리,2 
148,하수도 전문교육,공공하수도시설 유지관리과정,하수관로시설 유지관리,3 
149,하수도 전문교육,공공하수도시설 유지관리과정,슬러지처리시설,2 
150,하수도 전문교육,공공하수도시설 유지관리과정,펌프장시설의 종류 및 구조,2 
151,하수도 전문교육,공공하수도시설 유지관리과정,전기 및 계측제어설비,2 
152,하수도 전문교육,공공하수도시설 유지관리과정,하수도시설의 안전관리 및 재해대책,2 
153,하수도 전문교육,스마트 하수도 이해과정,정부의 그린뉴딜 주요사업,2 
154,하수도 전문교육,스마트 하수도 이해과정,하수도 시설의 자산관리,2 
155,하수도 전문교육,스마트 하수도 이해과정,사물인터넷(IoT)을 활용한 지반침하대응 및 하수관로 관리방안,2 
156,하수도 전문교육,스마트 하수도 이해과정,침수재해예방을 위한 도시정비방안,2 
157,하수도 전문교육,스마트 하수도 이해과정,하수처리장 에너지 자립화 기술의 이해,2 
158,하수도 전문교육,공공하수도 관리대행업 선정 및 평가방법의 이해과정,하수도법 및 정책방향,2 
159,하수도 전문교육,공공하수도 관리대행업 선정 및 평가방법의 이해과정,공공하수도관리대행제도 소개,1 
160,하수도 전문교육,공공하수도 관리대행업 선정 및 평가방법의 이해과정,공공하수도관리대행업체 선정방법,2 
161,하수도 전문교육,공공하수도 관리대행업 선정 및 평가방법의 이해과정,공공하수도관대행업체 성과평가의 이해,2 
162,하수도 전문교육,공공하수도 관리대행업 선정 및 평가방법의 이해과정,하수도 종합정보시스템 입력방법,2 
163,하수도 전문교육,공공하수도 관리대행업 선정 및 평가방법의 이해과정,성과평가결과 활용방법,2 
164,하수도 전문교육,공공하수도 관리대행업 선정 및 평가방법의 이해과정,행정보고서 작성방법,1 
165,공통 전문교육,문화탐방 체험과정,도심 내 문화시설 탐방,5 
166,공통 전문교육,문화탐방 체험과정,수도권 근교 문화시설 탐방,7 
167,공통 전문교육,생태탐방 체험과정,도심 내 자연생태시설 탐방,5 
168,공통 전문교육,생태탐방 체험과정,수도권 근교 자연생태시설 탐방,7 
169,공통 전문교육,역사탐방 체험과정,도심 내 역사시설 탐방,5 
170,공통 전문교육,역사탐방 체험과정,수도권 근교 역사시설 탐방,7 
171,공통 전문교육,상하수도 시니어전문가 양성과정,"생애조망, 생애계획 수립",2 
172,공통 전문교육,상하수도 시니어전문가 양성과정,건강관리법,3 
173,공통 전문교육,상하수도 시니어전문가 양성과정,재무설계법,3 
174,공통 전문교육,상하수도 시니어전문가 양성과정,대인관계법,3 
175,공통 전문교육,상하수도 시니어전문가 양성과정,다양한 여가활동,3 
176,공통 전문교육,상하수도 시니어전문가 양성과정,"퇴직 후 상하수도 분야 재취업 전략, 시니어전문가 활동 안내",3 
177,공통 전문교육,수질오염 및 오염관리과정,수질환경(산업)기사 개론,3 
178,공통 전문교육,수질오염 및 오염관리과정,수질오염개론,5 
179,공통 전문교육,수질오염 및 오염관리과정,상하수도계획,6 
180,공통 전문교육,수질오염 및 오염관리과정,수질오염방지기술,6 
181,공통 전문교육,수질오염 및 오염관리과정,수질오염공정시험기준,6 
182,공통 전문교육,수질오염 및 오염관리과정,수질환경관계법규,5 
