﻿,0,1,2,3,4,5,6,7,8,9
0,과정코드,과목명,시작일,종료일,교육비,이름,핸드폰,회사명,부서명,등록일
1,C405,액세스 VBA,25-Oct-06,27-Oct-06,"₩320,000",정수라,018-224-6589,THI 산업,교육과,16-Oct-06
2,C405,액세스 VBA,25-Oct-06,27-Oct-06,"₩320,000",한석규,011-248-1275,IOP 컨설팅,생산과,16-Oct-06
3,C403,액세스 기초,23-Oct-06,27-Oct-06,"₩395,000",박순돌,017-958-7412,미래정보산업,인사과,14-Oct-06
4,C404,나모 웹에디터,23-Oct-06,27-Oct-06,"₩320,000",조규찬,018-4124-5489,명품쇼핑,영업지원,14-Oct-06
5,C405,액세스 VBA,25-Oct-06,27-Oct-06,"₩320,000",이제영,018-4124-5489,THI 산업,교육과,16-Oct-06
6,C401,엑셀 기초,17-Oct-06,20-Oct-06,"₩250,000",이민수,011-542-9512,대일건설,총무과,08-Oct-06
7,C403,액세스 기초,23-Oct-06,27-Oct-06,"₩395,000",이민수,018-245-6523,미래정보산업,교육과,14-Oct-06
8,C401,엑셀 기초,20-Oct-06,20-Oct-06,"₩250,000",이장수,011-1534-9512,대일건설,인사기획,08-Oct-06
9,C403,액세스 기초,23-Oct-06,27-Oct-06,"₩395,000",남경민,016-214-58523,미래정보산업,생산과,14-Oct-06
10,C405,액세스 VBA,25-Oct-06,27-Oct-06,"₩320,000",오영석,017-958-7412,숭민코리아,정보과,16-Oct-06
11,C403,액세스 기초,23-Oct-06,27-Oct-06,"₩395,000",박수영,017-2658-8412,미래정보산업,생산과,14-Oct-06
12,C407,파워포인트,26-Oct-06,28-Oct-06,"₩250,000",서현숙,018-4124-5489,지킴이 생명,영업지원,17-Oct-06
13,C403,액세스 기초,23-Oct-06,27-Oct-06,"₩395,000",최동국,018-205-7723,미래정보산업,인사과,14-Oct-06
14,C407,파워포인트,26-Oct-06,28-Oct-06,"₩250,000",최정환,011-248-1275,노벨학습,정보과,17-Oct-06
