﻿,0,1,2,3
0,분류,프로그램명,성명,수강요일
1,성인수련,국선도단전호흡,이명업,월수
2,성인수련,국선도단전호흡,유순미,월수
3,성인음악/무용,노래교실2,박이오,화목
4,성인음악/무용,노래교실2,유이묘,화목
5,성인음악/무용,노래교실2,한이오,화목
6,성인음악/무용,민요장고판소리,이주미,화목
7,성인음악/무용,민요장고판소리,김봉진,화목
8,성인음악/무용,민요장고판소리,박교원,화목
9,성인미술,수채화,천생진,금
10,성인미술,유화,천오동,토
11,어린이,차이홍중국어1,유수이,월수금
12,어린이,키즈무예(태견),진선미,월수금
13,어린이,키즈무예(태견),성주미,월수금
