﻿,0,1,2,3,4,5,6
0,날짜,분류코드,항목,금액,출금항목,대분류,분류명
1,13-Jul-05,14,7월 핸드폰 요금,49300,이체,공과금,핸드폰요금
2,25-Jul-05,42,수박,18000,비씨,생활비,식료품
3,25-Jul-05,42,우리마트,12070,이체,생활비,식료품
4,25-Jul-05,52,홍어회,20000,이체,용돈,아내용돈
5,26-Jul-05,32,눈높이,39000,이체,교육비,과외비
6,26-Jul-05,41,야쿠르트,27040,이체,생활비,우유/요구르트
7,26-Jul-05,31,어린이집,306000,이체,교육비,원비
8,26-Jul-05,11,전기(난곡),24500,이체,공과금,전기요금
9,26-Jul-05,11,전기(서초),19760,이체,공과금,전기요금
10,26-Jul-05,13,전화(난곡),50570,이체,공과금,전화요금
11,26-Jul-05,44,호미낙지(역삼),33000,비씨,생활비,외식비
12,27-Jul-05,32,구몬학습,28850,이체,교육비,과외비
13,27-Jul-05,22,아버지생신,110000,비씨,경조사,부모님
14,27-Jul-05,13,전화(서초),12570,이체,공과금,전화요금
15,28-Jul-05,44,거여동 갈비,16000,비씨,생활비,외식비
