﻿,0,1,2,3,4,5,6
0,학번,취득구분,취득일,자격명,인정학점,이름,학과
1,200305021,최종합격,01-Aug-07,유통관리사2급,24,김은영,경영정보과
2,200305042,최종취득,01-Nov-06,전산회계1급,0,고인재,경영정보과
3,200305042,최종취득,15-Jun-07,전산세무회계2급,8,고인재,경영정보과
4,200305042,최종합격,07-Jun-03,컴퓨터활용능력2급,12,고인재,경영정보과
5,200305050,최종취득,15-Jun-07,전산회계1급,0,홍지희,비서경영과
6,200305050,필기합격,03-Jan-08,정보처리산업기사,24,홍지희,비서경영과
7,200305080,최종합격,03-Jan-08,컴퓨터활용능력2급,12,박현미,경영정보과
8,200305080,최종합격,03-Jan-08,전산회계1급,0,박현미,경영정보과
9,200305093,최종합격,03-Jan-08,워드프로세서2급,0,이화정,경영정보과
10,200305093,최종합격,03-Jan-08,워드프로세서3급,0,이화정,경영정보과
11,200405145,최종합격,03-Jan-08,워드프로세서2급,0,김수정,경영정보과
12,200405145,최종합격,03-Jan-08,유통관리사2급,24,김수정,경영정보과
13,200605009,최종합격,03-Jan-08,전산회계2급,0,이연화,비서경영과
14,200605009,최종합격,03-Jan-08,전산세무회계2급,8,이연화,비서경영과
15,200605009,필기합격,03-Jan-08,컴퓨터활용능력 2급,12,이연화,비서경영과
16,200727048,최종합격,03-Jan-08,워드프로세서1급,0,박세웅,경영정보과
17,200305021,필기합격,03-Jan-08,워드프로세서1급,0,김은영,경영정보과
