﻿,0,1,2,3,4,5
0,부서번호,부서명,지도목사,부장,연락처,사무실주소
1,D-01,피스메이커부,여광규,조규진,(02)572-2110,본당 320
2,D-02,해외선교부,민형식,박명자,(02)572-2215,본당 215
3,D-03,의료선교부,김민석,박성일,(02)572-2216,교육관301
4,D-04,사회봉사부,김동일,김혁재,(02)572-2217,본당 322
5,D-05,주일학교부,이철수,최명희,(02)572-2220,교육관305
6,D-06,찬양부,백기범,이성식,(02)572-2221,교육관 310
7,D-07,경조부,최은수,강희찬,(02)572-2223,본당 325
